NO POLISI,NOPOL LAMA,OPD,NAMA PEMILIK,JENIS_KB,MEREK_KB,TYPE_KB,TAHUN_KB,NOKA,NOSIN,AKHIR_PKB,AKHIR_STNK,LOKASI,STATUS_KB,STATUS_TAGIHAN,KETERANGAN
KTV     1,KTVP 1147,SEKRETARIAT DAERAH,PEMERINTAH KABUPATEN PENAJAM PASER UTARA,B,TOYOTA,LAND CRUISER 200 VX-R 4X4 AT,2017,JTMHV02J0H4221449,1VD-0371101,10/21/2026,10/21/2027,SEKRETARIAT DAERAH,BAIK,AKTIF,TERCATAT DI BKAD
KTV  1072,KTV- 1072,DINAS KESEHATAN,PEMKAB PENAJAM PASER UTARA,C,TOYOTA,KIJANG SUPER KF 83 LONG BENSIN,2003,MHF11KF8330069150,7K - 0569083,4/1/2027,4/1/2028,DINAS KESEHATAN,BAIK,AKTIF,TERCATAT DI BKAD
KTV  1092,KTV- 1092,PENGELOLA (BKAD),PEMKAB PENAJAM PASER UTARA,C,TOYOTA,KIJANG GRAND LONG KF 83,2003,MHF11KF8330089324,7K - 0634831,12/8/2026,12/8/2028,PENGELOLA,BAIK,AKTIF,TERCATAT DI BKAD
KTV  1099,KTV- 1099,SEKRETARIAT DAERAH,PEMKAB PENAJAM PASER UTARA,C,NISSAN,LIVINA 1.5 X-GEAR (4X2) MT,2008,MHBG2CG1F8J008174,HR15 - 931369A,12/23/2025,12/23/2028,PEMKAB PPU,HIBAH,TIDAK AKTIF,HIBAH
KTV  1101,KTV- 1101,PENGELOLA (BKAD),DINAS KESEHATAN PPU,C,FORD,RANGER SC 2.9L (4x4) MT,2007,MNBBSBE407W687523,WLAT - 829651,12/19/2025,12/19/2027,PENGELOLA,LELANG,TIDAK AKTIF,LELANG
KTVP 4079,KTV- 2851,BADAN KEUANGAN DAN ASET DAERAH,KANTOR DINAS PENDAPATAN DAERAH PPU,R,SUZUKI,UY 125 S AT,2010,MH8CF48CAAJ424147,F484-ID-424499,7/23/2025,7/23/2025,BADAN KEUANGAN DAN ASET DAERAH,BAIK,AKTIF,TERCATAT DI BKAD
KTV  1108,KTV- 1108,SEKRETARIAT DAERAH,PEMKAB PENAJAM PASER UTARA,C,NISSAN,LIVINA 1.5 X-GEAR (4X2) MT,2008,MHBG2CG1F8JOO8183,HR15 - 931364A,12/23/2026,12/23/2028,SEKRETARIAT DAERAH,Pinjam Pakai,TIDAK AKTIF,PINJAM PAKAI
KTV  1116,KTVA 9005,PENGELOLA (BKAD),DINAS KESEHATAN PPU,C,TOYOTA,KIJANG STANDAR KF 60 SHORT,2006,MHF31KF6060048682,7K   0835223,4/27/2024,4/27/2022,PENGELOLA,RUSAK BERAT,TIDAK AKTIF,LELANG
KTV  1124,KTV- 1124,RSUD RATU AJI PUTRI BOTUNG,RSUD KAB.PPU,C,TOYOTA,KIJANG INNOVA G TGN40R-GKMDKD,2008,MHFXW42G682131145,1TR - 6680155,1/20/2027,1/20/2029,RSUD,BAIK,AKTIF,TERCATAT DI BKAD
KTV  1128,KTV- 1128,BADAN KEUANGAN DAN ASET DAERAH,PEMERINTAH KAB.PPU,C,TOYOTA,KIJANG INNOVA G TGN40R-GKMDKD,2008,MHFXW42G482131208,1TR - 6680573,1/28/2027,1/28/2029,BADAN KEUANGAN DAN ASET DAERAH,BAIK,AKTIF,TERCATAT DI BKAD
KTV  1134,KTV- 1134,SEKRETARIAT DAERAH,PEMKAB PENAJAM PASER UTARA,C,TOYOTA,KIJANG SUPER KF 83 LONG BENSIN,2003,MHF11KF8330091033,7K - 0640147,12/30/2026,12/30/2028,PEMKAB PPU,BAIK,AKTIF,TIDAK ADA KETERANGAN
KTV  1140,KTV- 1140,PENGELOLA (BKAD),DINAS DUKCAPILNAKER,C,DAIHATSU,F601RV-GMDFJJ XENIA VVTI-1.3L,2009,MHKV1BA2J9K041016,DE43700,10/6/2025,10/6/2029,PENGELOLA,RUSAK BERAT,TIDAK AKTIF,LELANG
KTV  1141,KTV- 1141,DINAS SOSIAL,DINAS DUKCAPILNAKER,C,DAIHATSU,F601RV-GMDFJJ XENIA VVTI-1.3L,2009,MHKV1BA2J9K042273,DE50588,10/6/2026,10/6/2029,DINAS SOSIAL,BAIK,AKTIF,TERCATAT DI BKAD
KTV  2026,KTV- 2026,POLRES,PEMKAB PENAJAM PASER UTARA,C,CHEVROLET,TAVERA 2.2 L MT,2002,MJBTBR30F2K210937,C22NE2507908,9/30/2020,9/30/2018,POLRES,HIBAH,TIDAK AKTIF,HIBAH
KTV  2045,KTV- 2045,POLRES,PEMKAB PENAJAM PASER UTARA,C,TOYOTA,KIJANG INNOVA G(TGN40R-GKMDKD),2005,MHFXW42G952014946,1TR-6032023,3/31/2020,3/31/2020,POLRES,HIBAH,TIDAK AKTIF,HIBAH
KTV  2101, ,"DINAS PERUMAHAN, KAWASAN PERMUKIMAN DAN PERTANAHAN",DINAS PERUMAHAN KAWASAN PERMUKIMAN DAN P,R,YAMAHA,B6H-AI A/T,2024,MH3SG5680RK223818,G3L8E2015346,3/27/2027,3/27/2029,DINAS PERUMAHAN KAWASAN PERMUKIMAN DAN PERTAMANAN,BAIK,AKTIF,TERCATAT DI BKAD
KTV  2102, ,KELURAHAN SUNGAI PARIT,KANTOR KELURAHAN SUNGAI PARIT,R,YAMAHA,BKU A/T,2024,MH3SEJ910RJ036330,E31WE0227988,3/27/2027,3/27/2029,KELURAHAN SUNGAI PARIT,BAIK,AKTIF,TERCATAT DI BKAD
KTV  2131, ,KELURAHAN SUNGAI PARIT,KANTOR KELURAHAN SUNGAI PARIT,R,YAMAHA,BKU A/T,2024,MH3SEJ910RJ036318,E31WE0227976,3/27/2027,3/27/2029,KELURAHAN SUNGAI PARIT,BAIK,AKTIF,TERCATAT DI BKAD
KTV  2145,KTVP 3224,BADAN KEUANGAN DAN ASET DAERAH,DINAS PENDAPATAN DAERAH KAB. PPU,R,YAMAHA,1 KP AT,2014,MH31KP003EK704209,1KP704324,4/22/2027,4/22/2029,BADAN KEUANGAN DAN ASET DAERAH,BAIK,AKTIF,TERCATAT DI BKAD
KTV  2146,KTVP 3790,DINAS KESEHATAN,DINAS KESEHATAN,R,HONDA,NF100 SE,2008,MH1HB71188K678678,HB71E-1667684,4/23/2027,4/23/2029,DINAS KESEHATAN,BAIK,AKTIF,TIDAK ADA KETERANGAN
KTV  2147,KTVP 3793,DINAS KESEHATAN,DINAS KESEHATAN,R,HONDA,NF100 SE,2008,MH1HB71198K630493,HB71E-1621198,4/23/2027,4/23/2029,DINAS KESEHATAN PKM PENAJAM,BAIK,AKTIF,TERCATAT DI BKAD
KTV  2151,KTVP 3791,DINAS KESEHATAN,DINAS KESEHATAN,R,HONDA,NF100 SE,2008,MH1HB71188K537464,HB71E-1531157,4/23/2027,4/23/2029,DINAS KESEHATAN PKM PENAJAM,BAIK,AKTIF,TERCATAT DI BKAD
KTV  2153,KTVP 3785,DINAS KESEHATAN,DINAS KESEHATAN,R,HONDA,NF100 SE,2008,MH1HB71168K678646,HB71E-1667642,4/23/2027,4/23/2029,DINAS KESEHATAN,BAIK,AKTIF,TIDAK ADA KETERANGAN
KTV  2154,KTVP 3786,DINAS KESEHATAN,DINAS KESEHATAN,R,HONDA,NF100 SE,2008,MH1HB71148K656130,HB71E-165951,4/23/2027,4/23/2029,DINAS KESEHATAN PKM PETUNG,RUSAK BERAT,TIDAK AKTIF,TERCATAT DI BKAD
KTV  2156,KTVP 3236,KELURAHAN PETUNG,KANTOR KELURAHAN PETUNG,R,YAMAHA,1 LB,2014,MH31LB001DK057958,1LB058102,5/14/2027,5/14/2029,KELURAHAN PETUNG,BAIK,AKTIF,TERCATAT DI BKAD
KTV  2159,KTVP 3237,KELURAHAN PETUNG,KANTOR KELURAHAN PETUNG,R,YAMAHA,1 DY,2014,MH31DY009EJ240564,1DY240585,5/14/2027,5/14/2029,KELURAHAN PETUNG,BAIK,AKTIF,TERCATAT DI BKAD
KTV  2179,KTVP 3794,DINAS KESEHATAN,DINAS KESEHATAN,R,HONDA,NF100 SE,2008,MH1HB711X8K682084,HB71E-1678673,4/23/2027,4/23/2029,DINAS KESEHATAN PKM PENAJAM,BAIK,AKTIF,TERCATAT DI BKAD
KTV  2183,KTVP 3802,DINAS KESEHATAN,DINAS KESEHATAN,R,HONDA,NF100 SE,2008,MH1HB71118K697394,HB71E-1684927,5/12/2027,5/12/2029,DINAS KESEHATAN PKM WARU,BAIK,AKTIF,TERCATAT DI BKAD
KTV  2192,KTVP 3795,DINAS KESEHATAN,DINAS KESEHATAN,R,HONDA,NF100 SE,2008,MH1HB71108K676889,HB71E-1674414,4/23/2027,4/23/2029,DINAS KESEHATAN PKM PENAJAM,BAIK,AKTIF,TERCATAT DI BKAD
KTV  2199,KTVP 3806,DINAS KESEHATAN,DINAS KESEHATAN,R,HONDA,NF100 SE,2008,MH1HB71118K583430,HB71E-1579240,5/12/2027,5/12/2029,DINAS KESEHATAN PKM PENAJAM,BAIK,AKTIF,TERCATAT DI BKAD
KTV  2204,KTVP 3808,DINAS KESEHATAN,DINAS KESEHATAN,R,HONDA,NF100 SE,2008,MH1HB71188K675683,HB71E-1661190,4/23/2027,4/23/2029,DINAS KESEHATAN PKM PENAJAM,BAIK,AKTIF,TERCATAT DI BKAD
KTV  2207,KTVP 3238,DINAS SOSIAL,DINAS SOSIAL  TENAGA KERJA KAB.PPU,R,HONDA,NF11C1C MT,2014,MH1JBH110EK445879,JBH1E1440640,5/20/2027,5/20/2029,DINAS SOSIAL,BAIK,AKTIF,TERCATAT DI BKAD
KTV  2214,KTVP 3241,DINAS SOSIAL,DINAS SISOAL  TENAGA KERJA KAB.PPU,R,HONDA,NF11C1C M/T,2014,MH1JBH11XEK448238,JBH1E1441238,5/20/2027,5/20/2029,DINAS SOSIAL,BAIK,AKTIF,TERCATAT DI BKAD
KTV  2216,KTVP 3815,DINAS KESEHATAN,DINAS KESEHATAN,R,HONDA,NF100 SE,2008,MH1HB71198K707816,HB71E-1699364,5/12/2027,5/12/2029,DINAS KESEHATAN PKM PENAJAM,BAIK,AKTIF,TERCATAT DI BKAD
KTV  2217,KTVP 3787,DINAS KESEHATAN,DINAS KESEHATAN,R,HONDA,NF100 SE,2008,MH1HB71198K697031,HB71E-1684587,4/23/2027,4/23/2029,DINAS KESEHATAN PKM SOTEK,BAIK,AKTIF,TERCATAT DI BKAD
KTV  2218,KTVP 4089,DINAS KESEHATAN,DINAS KESEHATAN,R,HONDA,NF100 SE,2008,MH1HB71168K659806,HB71E-1655081,5/12/2027,5/12/2029,DINAS KESEHATAN,BAIK,AKTIF,TIDAK ADA KETERANGAN
KTV  2237,KTVP 3818,KECAMATAN PENAJAM,KANTOR KECAMATAN PENAJAM,R,HONDA,NF 11B1D M/T,2009,MH1JBC11X9K085626,JBC1E-1088759,6/10/2027,6/10/2029,KECAMATAN PENAJAM,BAIK,AKTIF,TERCATAT DI BKAD
KTV  2238,KTVP 3817,KECAMATAN PENAJAM,KANTOR KECAMATAN PENAJAM,R,HONDA,NF 11B1D M/T,2009,MH1JBC1119K073462,JBC1E-1067609,6/10/2027,6/10/2029,KECAMATAN PENAJAM,BAIK,AKTIF,TERCATAT DI BKAD
KTV  2239, ,"DINAS PERUMAHAN, KAWASAN PERMUKIMAN DAN PERTANAHAN",KANTOR DINAS PERUMAHAN KAWASAN PEMUKIMAN,R,VIAR,V 30 R M/T,2024,MGRVR30TARL300234,YX300FMG24300125,6/11/2027,6/11/2029,DINAS PERUMAHAN KAWASAN PERMUKIMAN DAN PERTAMANAN,BAIK,AKTIF,TERCATAT DI BKAD
KTV  2245,KTVP 3053,"DINAS PENDIDIKAN, PEMUDA DAN OLAHRAGA",DINAS PENDIDIKAN PEMUDA DAN OLAHRAGA,R,YAMAHA,55S (T135SEC),2013,MH355S004DK115215,55S-115169,10/1/2026,10/1/2028,DISDIKPORA,BAIK,AKTIF,TERCATAT DI BKAD
KTV  2246,KTVP 3276,"DINAS PENDIDIKAN, PEMUDA DAN OLAHRAGA",DINAS PENDIDIKAN PEMUDA DAN OLAH RAGA PP,R,HONDA,NF12A1CF MT,2014,MH1JBG11XEK169558,JBG1E1169130,7/11/2027,7/11/2029,DISDIKPORA,BAIK,AKTIF,TERCATAT DI BKAD
KTV  2248,KTVP 3255,DINAS KEBUDAYAAN DAN PARIWISATA,KANTOR DISHUBBUDPARKAB.PPU,R,YAMAHA,1 DY,2014,MH31DY008EJ263770,1DY263792,6/9/2027,6/9/2029,DINAS KEBUDAYAAN DAN PARIWISATA,BAIK,AKTIF,TERCATAT DI BKAD
KTV  2249,KTVP 3821,KECAMATAN PENAJAM,KANTOR KECAMATAN PENAJAM,R,HONDA,NF 11B1D M/T,2009,MH1JBC1149K050547,JBC1E1050745,6/10/2027,6/10/2029,KECAMATAN PENAJAM,BAIK,AKTIF,TERCATAT DI BKAD
KTV  2250, ,"DINAS PERUMAHAN, KAWASAN PERMUKIMAN DAN PERTANAHAN",KANTOR DINAS PERUMAHAN KAWASAN PEMUKIMAN,R,VIAR,V 30 R M/T,2024,MGRVR30TARL300233,YX300FMG24300071,6/25/2027,6/25/2029,DINAS PERUMAHAN KAWASAN PERMUKIMAN DAN PERTAMANAN,BAIK,AKTIF,TERCATAT DI BKAD
KTV  2254,KTVP 3279,DINAS PERTANIAN,DINAS PERTANIAN KAB.PPU,R,HONDA,CB15A1RRF MT,2014,MH1KC411XEK269353,KC41E1267642,7/11/2027,7/11/2029,DINAS PERTANIAN,BAIK,AKTIF,TERCATAT DI BKAD
KTV  2256,KTVP 3820,KECAMATAN PENAJAM,KANTOR KECAMATAN PENAJAM,R,HONDA,NF 11B1D MT,2009,MHAJBC11X9K085898,JBC1E-1088918,6/10/2027,6/10/2029,KECAMATAN PENAJAM,BAIK,AKTIF,TERCATAT DI BKAD
KTV  1103,KTVP 9910,DINAS KESEHATAN,DINAS KESEHATAN PPU,F,FORD,RANGER SC BASE 2.5L (4x2) MT,2007,MNBBSBE407W680871,WLAT839761,12/19/2024,12/19/2027,DINAS KESEHATAN,BAIK,AKTIF,TIDAK ADA KETERANGAN
KTV  2259, ,DINAS PERTANIAN,DINAS PERTANIAN KABUPATEN PENAJAM PASER,R,YAMAHA,BKU A/T,2024,MH3SEJ910RJ037178,E31WE0228836,7/9/2027,7/9/2029,DINAS PERTANIAN,BAIK,AKTIF,TERCATAT DI BKAD
KTV  2261, ,DINAS PERTANIAN,DINAS PERTANIAN KABUPATEN PENAJAM PASER,R,YAMAHA,BKU A/T,2024,MH3SEJ910RJ040541,E31WE0232199,7/9/2027,7/9/2029,DINAS PERTANIAN,BAIK,AKTIF,TERCATAT DI BKAD
KTV  2265, ,DINAS PERTANIAN,DINAS PERTANIAN KABUPATEN PENAJAM PASER,R,YAMAHA,BKU A/T,2024,MH3SEJ910RJ042785,E31WE0234443,7/9/2027,7/9/2029,DINAS PERTANIAN,BAIK,AKTIF,TERCATAT DI BKAD
KTV  2267, ,DINAS PERTANIAN,DINAS PERTANIAN KABUPATEN PENAJAM PASER,R,YAMAHA,BKU A/T,2024,MH3SEJ910RJ040351,E31WE0232008,7/9/2027,7/9/2029,DINAS PERTANIAN,BAIK,AKTIF,TERCATAT DI BKAD
KTV  2269, ,DINAS PERTANIAN,DINAS PERTANIAN KABUPATEN PENAJAM PASER,R,YAMAHA,BKU A/T,2024,MH3SEJ910RJ040639,E31WE0232297,7/9/2027,7/9/2029,DINAS PERTANIAN,BAIK,AKTIF,TERCATAT DI BKAD
KTV  2270,KTVP 3258,DINAS PEKERJAAN UMUM DAN PENATAAN RUANG,DINAS PEKERJAAN UMUM KAB.PPU,R,HONDA,CB15A1RRF M/T,2014,MH1KC4117EK240456,KC41E1237717,7/8/2027,7/8/2029,DINAS PU DAN PENATAAN RUANG,BAIK,AKTIF,TERCATAT DI BKAD
KTV  2271,KTVP 3277,"DINAS PENDIDIKAN, PEMUDA DAN OLAHRAGA",DINAS PENDIDIKAN PEMUDA DAN OLAH RAGA,R,HONDA,NF12A1CF M/T,2014,MH1JBG110EK169097,JBG1E1168689,7/11/2027,7/11/2029,DISDIKPORA,BAIK,AKTIF,TERCATAT DI BKAD
KTV  2273,KTVP 3264,"DINAS PENDIDIKAN, PEMUDA DAN OLAHRAGA",DINAS PENDIDIKAN PEMUDA DAN OLAH RAGA PP,R,HONDA,NF12A1CF M/T,2014,MH1JBG110EK166359,JBG1E1165960,7/11/2027,7/11/2029,DISDIKPORA,BAIK,AKTIF,TERCATAT DI BKAD
KTV  2274,KTVP 3269,"DINAS PENDIDIKAN, PEMUDA DAN OLAHRAGA",DINAS PENDIDIKAN PEMUDA DAN OLAH RAGA,R,HONDA,NF12A1CF M/T,2014,MH1JBG117EK151728,JBG1E1151510,7/11/2026,7/11/2029,DISDIKPORA,BAIK,AKTIF,TERCATAT DI BKAD
KTV  2275,KTVP 3259,"DINAS PENDIDIKAN, PEMUDA DAN OLAHRAGA",DINAS PENDIDIKAN PEMUDA DAN OLAH RAGA,R,HONDA,NF12A1CF MT,2014,MH1JBG117EK169890,JBG1E1169525,7/11/2026,7/11/2029,DISDIKPORA,BAIK,AKTIF,TERCATAT DI BKAD
KTV  2313,KTVP 3265,"DINAS PENDIDIKAN, PEMUDA DAN OLAHRAGA",DINAS PENDIDIKAN PEMUDA DAN OLAH RAGA PP,R,HONDA,NF12A1CF M/T,2014,MH1JBG113EK166789,JBG1E1166393,7/11/2027,7/11/2029,DISDIKPORA,BAIK,AKTIF,TERCATAT DI BKAD
KTV  2371,KTVP 3837,DINAS KESEHATAN,DINAS KESEHATAN KAB. PPU,R,HONDA,NF 11B1D MT,2009,MH1JBC1169K183598,JBC1E-1184784,8/26/2026,8/26/2029,DINAS KESEHATAN,BAIK,AKTIF,TERCATAT DI BKAD
KTV  2429,KTVP 4067,BADAN PENANGGULANGAN BENCANA DAERAH,BADAN PENANGGULANGAN BENCANA DAERAH PPU,R,KAWASAKI,LX150C (KLX 150S),2015,MH4LX150CFJP28139,LX150CEPM5464,7/6/2027,7/6/2030,BADAN PENANGGULANGAN BENCANA DAERAH,BAIK,AKTIF,TERCATAT DI BKAD
KTV  2450,KTVP 3261,"DINAS PENDIDIKAN, PEMUDA DAN OLAHRAGA",DINAS PENDIDIKAN PEMUDA DAN OLAH RAGA PP,R,HONDA,NF12A1CF M/T,2014,MH1JBG112EK169814,JBG1E1169582,7/11/2027,7/11/2029,DISDIKPORA,BAIK,AKTIF,TERCATAT DI BKAD
KTV  2490,KTVP 3244,BADAN PENDAPATAN DAERAH,DINAS PENDAPATAN DAERAH KAB.PPU,R,HONDA,GL15C21A07 M/T,2014,MH1KC6116EK007812,KC61E1007769,5/20/2027,5/20/2029,BADAN PENDAPATAN DAERAH,BAIK,AKTIF,TERCATAT DI BKAD
KTV  2501,KTVP 3246,BADAN PENDAPATAN DAERAH,DINAS PENDAPATAN DAERAH KAB.PPU,R,HONDA,GL15C21A07 M/T,2014,MH1KC6110EK006526,KC61E1006457,5/20/2027,5/20/2029,BADAN PENDAPATAN DAERAH,BAIK,AKTIF,TERCATAT DI BKAD
KTV  2502,KTVP 3245,BADAN PENDAPATAN DAERAH,DINAS PENDAPATAN DAERAH KAB.PPU,R,HONDA,GL15C21A07 M/T,2014,MH1KC6119EK000787,KC61E1001068,5/20/2027,5/20/2029,BADAN PENDAPATAN DAERAH,BAIK,AKTIF,TERCATAT DI BKAD
KTV  2503,KTVP 3248,BADAN PENDAPATAN DAERAH,DINAS PENDAPATAN DAERAH KAB.PPU,R,HONDA,NC12AF2CBI AT,2014,MH1JFF1193K361293,JFF1E1351372,5/28/2027,5/28/2029,BADAN PENDAPATAN DAERAH,BAIK,AKTIF,TERCATAT DI BKAD
KTV  2505,KTVP 3888,SATUAN POLISI PAMONG PRAJA,SATUAN POLISI PAMONG PRAJA,R,YAMAHA,1 PA,2014,MH31PA002EK418361,1PA418782,4/8/2027,4/8/2029,SATPOL PP,BAIK,AKTIF,TERCATAT DI BKAD
KTV  2508,KTVP 3275,"DINAS PENDIDIKAN, PEMUDA DAN OLAHRAGA",DINAS PENDIDIKAN PEMUDA DAN OLAH RAGA PP,R,HONDA,GL15B1DF MT,2014,MH1KC5111EK024821,KC51E1025039,7/11/2026,7/11/2029,DISDIKPORA,BAIK,AKTIF,TERCATAT DI BKAD
KTV  2514,KTVP 3230,SEKRETARIAT DAERAH,SEKRETARIAT DAERAH KAB.PPU,R,YAMAHA,1 LB,2014,MH31LB00AEJ1231706,1LB131729,4/30/2027,4/30/2029,SEKRETARIAT DAERAH,BAIK,AKTIF,TERCATAT DI BKAD
KTV  2516,KTVP 3257,KELURAHAN NENANG,KELURAHAN NENANG KAB.PPU,R,YAMAHA,2 SV,2014,MH32SV001EK061832,2SV062070,7/2/2026,7/2/2029,KELURAHAN NENANG,BAIK,AKTIF,TERCATAT DI BKAD
KTV  2517,KTVP 3239,DINAS SOSIAL,DINAS SOSIAL  TENAGA KERJA KAB.PPU,R,HONDA,NF11C1C MT,2014,MH1JBH110EK445882,JBH1E1440637,5/20/2027,5/20/2029,DINAS SOSIAL,BAIK,AKTIF,TERCATAT DI BKAD
KTV  2519,KTVP 3286,DINAS PERIKANAN,DINAS KELAUTAN DAN PERIKANAN,R,YAMAHA,45P,2014,MH345P004EK274805,45P284883,8/18/2026,8/18/2029,DINAS PERIKANAN,BAIK,AKTIF,TERCATAT DI BKAD
KTV  2520,KTVP 3240,DINAS SOSIAL,DINAS SOSIAL TENAGA KERJA KAB.PPU,R,HONDA,NF11C1C M/T,2014,MH1JBH111EK445891,JBH1E1440679,5/20/2026,5/20/2029,DINAS SOSIAL,RUSAK BERAT,TIDAK AKTIF,TERCATAT DI BKAD
KTV  2521,KTVP 3633,DINAS KESEHATAN,DINAS KESEHATAN KAB. PPU,R,HONDA,NF100 SE,2007,MH1HB71187K198669,HB71E1196208,2/1/2027,2/1/2028,DINAS KESEHATAN PKM PENAJAM,BAIK,AKTIF,TERCATAT DI BKAD
KTV  2523,KTVP 4379,DINAS PEKERJAAN UMUM DAN PENATAAN RUANG,DINAS PERIKANAN DAN KELAUTAN,R,SUZUKI,FK110 SD K6 N SMASH SPOKEWHEEL,2008,MH8BE4DFA8J643934,E451-ID-663492,2/4/2027,2/4/2029,DINAS PU DAN PENATAAN RUANG,RUSAK BERAT,TIDAK AKTIF,TERCATAT DI BKAD
KTV  2529, ,"DINAS PENDIDIKAN, PEMUDA DAN OLAHRAGA",DINAS PENDIDIKAN PEMUDA DAN OLAHRAGA KAB,R,YAMAHA,BKU A/T,2024,MH3SEJ910RJ047561,E31WE0239219,8/6/2026,8/6/2029,DISDIKPORA,BAIK,AKTIF,TERCATAT DI BKAD
KTV  2530, ,"DINAS PENDIDIKAN, PEMUDA DAN OLAHRAGA",DINAS PENDIDIKAN PEMUDA DAN OLAHRAGA KAB,R,YAMAHA,BKU A/T,2024,MH3SEJ910RJ046952,E31WE0238609,8/6/2026,8/6/2029,DISDIKPORA,BAIK,AKTIF,TERCATAT DI BKAD
KTV  2531,KTVP 3267,"DINAS PENDIDIKAN, PEMUDA DAN OLAHRAGA",DINAS PENDIDIKAN PEMUDA DAN OLAH RAGA PP,R,HONDA,NF12A1CF M/T,2014,MH1JBG114EK169037,JBG1E1168786,7/11/2025,7/11/2029,DISDIKPORA,RUSAK BERAT,TIDAK AKTIF,TERCATAT DI BKAD
KTV  2532,KTVP 3875,DINAS KESEHATAN,DINAS KESEHATAN KAB. PPU,R,HONDA,NF 11B1D M/T,2009,MH1JBC1159K101764,JBC-1102774,8/26/2026,8/26/2029,DINAS KESEHATAN PKM SOTEK,BAIK,AKTIF,TERCATAT DI BKAD
KTV  2535,KTVP 3862,RSUD RATU AJI PUTRI BOTUNG,DINAS KESEHATAN KAB. PPU,R,HONDA,NF 11B1D M/T,2009,MH1JBC1159K186699,JBC1E-1185313,8/26/2026,8/26/2029,RSUD,BAIK,AKTIF,TERCATAT DI BKAD
KTV  2537,KTVP 3281,KELURAHAN SOTEK,KANTOR KELURAHAN SOTEK,R,YAMAHA,55S (T135SEC),2014,MH355S005EK141226,55S141232,8/4/2026,8/4/2029,KELURAHAN SOTEK,BAIK,AKTIF,TERCATAT DI BKAD
KTV  2540,KTVP 3661,SEKRETARIAT DPRD,SEKRETARIAT DPRD,R,SUZUKI,FL 125 SD,2007,MH8BF45CA7J123743,F496 - ID - 135452,1/17/2027,1/17/2028,DPRD PPU,BAIK,AKTIF,TIDAK ADA KETERANGAN
KTV  2541,KTVP 3662,SEKRETARIAT DPRD,SEKRETARIAT DPRD,R,SUZUKI,FL 125 SD,2007,MH8BF45CA7J125013,F496 - ID - 140582,1/17/2027,1/17/2028,DPRD PPU,BAIK,AKTIF,TIDAK ADA KETERANGAN
KTV  2544,KTVP 3836,RSUD RATU AJI PUTRI BOTUNG,DINAS KESEHATAN KAB. PPU,R,HONDA,NF 11B1D MT,2009,MH1JBC11X9K186715,JBC1E-1185422,8/26/2026,8/26/2029,RSUD,BAIK,AKTIF,TERCATAT DI BKAD
KTV  2546,KTVP 3858,RSUD RATU AJI PUTRI BOTUNG,DINAS KESEHATAN KAB. PPU,R,HONDA,NF 11B1D MT,2009,MH1JBC1139K186698,JBC1E-1185191,8/26/2026,8/26/2029,RSUD,BAIK,AKTIF,TERCATAT DI BKAD
KTV  2549,KTVP 3851,RSUD RATU AJI PUTRI BOTUNG,DINAS KESEHAATN KAB. PPU,R,HONDA,NF 11B1D MT,2009,MH1JBC1189K186678,JBC1E-1185355,8/26/2026,8/26/2029,RSUD,BAIK,AKTIF,TERCATAT DI BKAD
KTV  2550,KTVP 3847,RSUD RATU AJI PUTRI BOTUNG,DINAS KESEHATAN KAB. PPU,R,HONDA,NF 11B1D MT,2009,MH1JBC1159K226277,JBC1E-1221182,8/26/2026,8/26/2029,RSUD,BAIK,AKTIF,TERCATAT DI BKAD
KTV  2551,KTVP 3242,DINAS SOSIAL,DINAS SOSIAL  TENAGA KERJA KEB.PPU,R,HONDA,NF11C1C MT,2014,MH1JBH11XEK425932,JBH1E1421830,5/20/2027,5/20/2029,DINAS SOSIAL,BAIK,AKTIF,TERCATAT DI BKAD
KTV  2553,KTVP 3844,RSUD RATU AJI PUTRI BOTUNG,DINAS KESEHATAN KAB. PPU,R,HONDA,NF 11B1D MT,2009,MH1JBC1139K182098,JBC1E-1176453,8/26/2026,8/26/2029,RSUD,BAIK,AKTIF,TERCATAT DI BKAD
KTV  2554,KTVP 3868,DINAS KESEHATAN,DINAS KESEHATAN KAB. PPU,R,HONDA,NF 11B1D MT,2009,MH1JBC1199K226301,JBC1E-1221287,8/26/2026,8/26/2029,DINAS KESEHATAN PKM PENAJAM,BAIK,AKTIF,TERCATAT DI BKAD
KTV  2556,KTVP 3861,RSUD RATU AJI PUTRI BOTUNG,DINAS KESEHATAN KAB. PPU,R,HONDA,NF 11B1D M/T,2009,MH1JBC11X9K180848,JBC1E-1183978,8/26/2026,8/26/2029,RSUD,BAIK,AKTIF,TERCATAT DI BKAD
KTV  2557,KTVP 3848,RSUD RATU AJI PUTRI BOTUNG,DINAS KESEHATAN KAB. PPU,R,HONDA,NF 11B1D MT,2009,MH1JBC1159K183088,JBC1E-1184352,8/26/2026,8/26/2029,RSUD,RUSAK BERAT,TIDAK AKTIF,TERCATAT DI BKAD
KTV  2558,KTVP 3859,RSUD RATU AJI PUTRI BOTUNG,DINAS KESEHATAN KAB. PPU,R,HONDA,NF 11B1D MT,2009,MH1JBC1159K180739,JBC1E-1184215,8/26/2026,8/26/2029,RSUD,BAIK,AKTIF,TERCATAT DI BKAD
KTV  2559,KTVP 3871,DINAS KESEHATAN,DINAS KESEHATAN KAB. PPU,R,HONDA,NF 11B1D MT,2009,MH1JBC1199K183093,JBC1E-1184330,8/26/2026,8/26/2029,DINAS KESEHATAN PKM PENAJAM,BAIK,AKTIF,TERCATAT DI BKAD
KTV  2560,KTVP 3849,RSUD RATU AJI PUTRI BOTUNG,DINAS KESEHATAN KAB. PPU,R,HONDA,NF 11B1D M/T,2009,MH1JBC1129K182139,JBC1E-1176623,8/26/2026,8/26/2029,RSUD,RUSAK BERAT,TIDAK AKTIF,TERCATAT DI BKAD
KTV  2561,KTVP 3268,"DINAS PENDIDIKAN, PEMUDA DAN OLAHRAGA",DINAS PENDIDIKAN PEMUDA DAN OLAH RAGA PP,R,HONDA,NF12A1CF M/T,2014,MH1JBG116EK169900,JBG1E1169536,7/11/2026,7/11/2029,DISDIKPORA,RUSAK BERAT,TIDAK AKTIF,TERCATAT DI BKAD
KTV  2562,KTVP 3748,DINAS KESEHATAN,DINAS KESEHATAN KAB. PPU,R,HONDA,NF100 SE,2007,MH1HB71187K198672,HB71E-1196207,2/1/2026,2/1/2028,DINAS KESEHATAN,BAIK,AKTIF,TIDAK ADA KETERANGAN
KTV  2563,KTVP 3866,DINAS KESEHATAN,DINAS KESEHATAN KAB. PPU,R,HONDA,NF100 SE,2007,MH1HB71197K197709,HB71E-1177697,2/1/2027,2/1/2028,DINAS KESEHATAN PKM WARU,BAIK,AKTIF,TERCATAT DI BKAD
KTV  2564,KTVP 3872,DINAS KESEHATAN,DINAS KESEHATAN KAB. PPU,R,HONDA,NF 11B1D M/T,2009,MH1JBC1119K183038,JBC1E-1184416,8/26/2026,8/26/2029,DINAS KESEHATAN PKM PENAJAM,BAIK,AKTIF,TERCATAT DI BKAD
KTV  2566,KTVP 3846,RSUD RATU AJI PUTRI BOTUNG,DINAS KESEHATAN KAB. PPU,R,HONDA,NF 11B1D MT,2009,MH1JBC11X9K180753,JBC1E-1184117,8/26/2026,8/26/2029,RSUD,BAIK,AKTIF,TERCATAT DI BKAD
KTV  2568,KTVP 3864,RSUD RATU AJI PUTRI BOTUNG,DINAS KESEHATAN KAB. PPU,R,HONDA,NF 11B1D MT,2009,MH1JBC1179K177809,JBC1E-1181114,8/26/2026,8/26/2029,RSUD,BAIK,AKTIF,TERCATAT DI BKAD
KTV  2569,KTVP 3807,DINAS KESEHATAN,DINAS KESEHATAN,R,HONDA,NF100 SE,2008,MH1HB71148K652563,HB71E-1643072,5/12/2027,5/12/2029,DINAS KESEHATAN PKM PENAJAM,BAIK,AKTIF,TERCATAT DI BKAD
KTV  2570,KTVP 3797,DINAS KESEHATAN,DINAS KESEHATAN,R,HONDA,NF100 SE,2008,MH1HB71128K555555,HB71E-1551893,4/23/2027,4/23/2029,DINAS KESEHATAN PKM SOTEK,RUSAK BERAT,TIDAK AKTIF,TERCATAT DI BKAD
KTV  2571,KTVP 3193,KELURAHAN PEJALA,KELURAHAN PEJALA,R,YAMAHA,1FD,2013,MH31FD001DJ036389,1FD036394,12/30/2026,12/30/2028,KELURAHAN PEJALA,BAIK,AKTIF,TERCATAT DI BKAD
KTV  2573,KTVP 3870,DINAS KESEHATAN,DINAS KESEHATAN KAB. PPU,R,HONDA,NF 11B1D M/T,2009,MH1JBC1119K180771,JBC1E-1184263,8/26/2026,8/26/2029,DINAS KESEHATAN PKM PENAJAM,BAIK,AKTIF,TERCATAT DI BKAD
KTV  2574,KTVP 3227,SEKRETARIAT DAERAH,SEKRETARIAT DAERAH KAB. PPU,R,YAMAHA,1 PA,2014,MH31PA004EK474634,1PA-474887,4/30/2027,4/30/2029,SEKRETARIAT DAERAH,BAIK,AKTIF,TERCATAT DI BKAD
KTV  2575,KTVP 3253,DINAS PERHUBUNGAN,KANTOR DISHUBBUDPAR KAB.PPU,R,YAMAHA,1 DY,2014,MH31DY008EJ263788,1DY263910,6/9/2026,6/9/2029,DINAS PERHUBUNGAN,RUSAK BERAT,TIDAK AKTIF,TERCATAT DI BKAD
KTV  2667,,DINAS KESEHATAN,DINAS KESEHATAN,R,HONDA,NF100 SE,2008,MH1HB71188K697232,HB71E - 1684814,5/12/2025,5/12/2029,DINAS KESEHATAN PKM BABULU,BAIK,AKTIF,TERCATAT DI BKAD
KTVP 3540,KTV- 3178,DINAS KESEHATAN,DINAS KESEHATAN,R,YAMAHA,5D9 (VEGA ZR),2012,MH35D9204CJ610446,5D9-1610372,11/23/2025,11/23/2027,DINAS KESEHATAN,BAIK,AKTIF,TERCATAT DI BKAD
KTV  2578,KTVP 3254,DINAS PERHUBUNGAN,KANTOR DISHUBBUDPAR KAB.PPU,R,YAMAHA,1 DY,2014,MH31DY008EJ260285,1DY260307,6/9/2026,6/9/2029,DINAS PERHUBUNGAN,BAIK,AKTIF,TERCATAT DI BKAD
KTV  2580,KTVP 3065,"DINAS PENDIDIKAN, PEMUDA DAN OLAHRAGA",DISDIKPORA,R,YAMAHA,55S (T135SEC),2013,MH355S004DK119539,55S119543,10/1/2026,10/1/2028,DISDIKPORA,BAIK,AKTIF,TERCATAT DI BKAD
KTV  2581,KTVP 3850,KELURAHAN PANTAI LANGO,KANTOR LURAH PANTAI LANGO,R,KAWASAKI,LX150C (KLX 150S),2013,MH4LX150CDKP63789,LX150CEP99521,1/11/2027,1/11/2028,KELURAHAN PANTAI LANGO,RUSAK BERAT,TIDAK AKTIF,TERCATAT DI BKAD
KTV  2582,KTVP 3243,BADAN PENDAPATAN DAERAH,DINAS PENDAPATAN DAERAH KAB.PPU,R,HONDA,GL15C21A07 M/T,2014,MH1KC6119EK005861,KC61E1005955,5/20/2027,5/20/2029,BADAN PENDAPATAN DAERAH,BAIK,AKTIF,TERCATAT DI BKAD
KTV  2583,KTVP 3883,SATUAN POLISI PAMONG PRAJA,SATUAN POLISI PAMONG PRAJA,R,YAMAHA,1PA,2014,MH31PA002EK418792,1PA417724,4/8/2027,4/8/2029,SATPOL PP,BAIK,AKTIF,TERCATAT DI BKAD
KTV  2584,KTVP 3894,DINAS SOSIAL,DISDUKCAPILNAKER,R,HONDA,GL160 D,2009,MH1KC11159K216841,KC11E-1218620,10/27/2026,10/27/2029,DINAS SOSIAL,BAIK,AKTIF,TERCATAT DI BKAD
KTV  2585,KTVP 3605,BADAN KEUANGAN DAN ASET DAERAH,SEKRETARIAT DAERAH,R,YAMAHA,55S (T135SEC),2012,MH355S002CK099696,55S099627,12/27/2026,12/27/2027,BADAN KEUANGAN DAN ASET DAERAH,BAIK,AKTIF,TERCATAT DI BKAD
KTV  2587,KTVP 3132,RSUD RATU AJI PUTRI BOTUNG,RUMAH SAKIT UMUM DAERAH PPU,R,HONDA,NC110A1C AT,2013,MH1JF8117DK908507,JF81E-1902451,12/10/2026,12/10/2028,RSUD,BAIK,AKTIF,TIDAK ADA KETERANGAN
KTV  2589,KTVP 3876,RSUD RATU AJI PUTRI BOTUNG,DINAS KESEHATAN KAB. PPU,R,HONDA,NF 11B1D MT,2009,MH1JBC1159K226280,JBC1E-1221181,8/26/2026,8/26/2029,RSUD,BAIK,AKTIF,TERCATAT DI BKAD
KTV  2592,KTVP 3845,RSUD RATU AJI PUTRI BOTUNG,DINAS KESEHATAN KAB. PPU,R,HONDA,NF 11B1D MT,2009,MH1JBC1159K226506,JBC1E-1221300,8/26/2026,8/26/2029,RSUD,BAIK,AKTIF,TERCATAT DI BKAD
KTV  2593,KTVP 3251,DINAS PERHUBUNGAN,KANTOR DISHUBBUDPAR KAB.PPU,R,YAMAHA,1 PA,2014,MH31PA004EK573382,1PA573727,6/4/2026,6/4/2029,DINAS PERHUBUNGAN,BAIK,AKTIF,TERCATAT DI BKAD
KTV  2597,,PENGELOLA (BKAD),KANTOR KELURAHAN KAMPUNG BARU,R,YAMAHA,1S7 JUPITER-MX 135 cc,2008,MH31S70058K389180,1S7 - 389852,6/27/2024,6/27/2028,PENGELOLA,RUSAK BERAT,TIDAK AKTIF,LELANG
KTVP 3574,KTV- 3155,DINAS KESEHATAN,DINAS KESEHATAN,R,YAMAHA,5D9 (VEGA ZR),2012,MH35D9205CJ718786,5D9-1718714,11/23/2022,11/23/2022,DINAS KESEHATAN PKM SEPAKU I ,BAIK,AKTIF,TERCATAT DI BKAD
KTV  2604,KTVP 3214,SEKRETARIAT DAERAH,SEKRETARIAT DAERAH,R,YAMAHA,1 PA,2014,MH31PA004EK475883,1PA476185,4/2/2027,4/2/2029,SEKRETARIAT DAERAH,BAIK,AKTIF,TERCATAT DI BKAD
KTV  2605,KTVP 3160,KECAMATAN BABULU,KECAMATAN BABULU,R,YAMAHA,1 DY,2013,MH31DY005DJ207866,1DY-207887,12/13/2026,12/13/2028,KECAMATAN BABULU,RUSAK BERAT,TIDAK AKTIF,TERCATAT DI BKAD
KTV  2607,KTVP 3465,DINAS PERTANIAN,KANTOR KET.PANGAN DAN PENYULUHAN,R,YAMAHA,2UP,2015,MH3RG1910FK006574,G3E8E0006589,1/11/2027,1/11/2031,DINAS PERTANIAN,BAIK,AKTIF,TERCATAT DI BKAD
KTVP 3612,KTV- 3158,DINAS KESEHATAN,DINAS KESEHATAN,R,YAMAHA,5D9 (VEGA ZR),2012,MH35D9205CJ702566,5D9-1702580,11/23/2025,11/23/2027,DINAS KESEHATAN PKM WARU,BAIK,AKTIF,TERCATAT DI BKAD
KTVP 3874,KTV- 2712,DINAS KESEHATAN,DINAS KESEHATAN KAB.PPU,R,HONDA,NF 11B1D M/T,2009,MH1JBC1199K226511,JBC1E-1221295,8/26/2025,8/26/2029,DINAS KESEHATAN,BAIK,AKTIF,TERCATAT DI BKAD
KTV  2611,KTVP 3285,KELURAHAN PENAJAM,KANTOR KELURAHAN PENAJAM,R,YAMAHA,2 SV,2014,MH32SV00AEJ100605,2SV101017,8/15/2026,8/15/2029,KELURAHAN PENAJAM,BAIK,AKTIF,TERCATAT DI BKAD
KTV  2612,KTVP 3707,DINAS LINGKUNGAN HIDUP,DINAS PEKERJAAN UMUM,R,YAMAHA,50C (T135HC) MT,2011,MH350C001BK228860,50C-229016,1/5/2026,1/5/2027,DINAS LINGKUNGAN HIDUP,BAIK,AKTIF,TERCATAT DI BKAD
KTV  2613,KTV- 2613,DINAS KESEHATAN,DINAS KESEHATAN,R,HONDA,NF100 SE,2008,MH1HB71158K714164,HB71E - 1707341,1/8/2027,1/8/2029,DINAS KESEHATAN PKM BABULU,BAIK,AKTIF,TERCATAT DI BKAD
KTV  2614,KTVP 3792,DINAS KESEHATAN,DINAS KESEHATAN,R,HONDA,NF100 SE,2008,MH1HB71158K681652,HB71E-1678773,4/23/2027,4/23/2029,DINAS KESEHATAN PKM PENAJAM,BAIK,AKTIF,TERCATAT DI BKAD
KTV  2619,KTVP 3295,"BADAN PERENCANAAN, PENELITIAN DAN PENGEMBANGAN",BAPPEDA KAB.PPU,R,YAMAHA,2 BU AT,2014,MH32BU001EJ124413,2BU124428,10/28/2026,10/28/2029,"BADAN PERENCANAAN, PENELITIAN DAN PENGEMBANGAN",BAIK,AKTIF,TERCATAT DI BKAD
KTV  2621,KTVP 3136,RSUD RATU AJI PUTRI BOTUNG,RSUD KAB. PENAJAM PASER UTARA,R,HONDA,NC110A1C A/T,2013,MH1JF8115DK908330,JF81E-1902271,12/10/2026,12/10/2028,RSUD,BAIK,AKTIF,TIDAK ADA KETERANGAN
KTV  2625,KTVP 3272,"DINAS PENDIDIKAN, PEMUDA DAN OLAHRAGA",DINAS PENDIDIKAN PEMUDA DAN OLAH RAGA PP,R,HONDA,NF12A1CF M/T,2014,MH1JBG118EK169882,JBG1E1169553,7/11/2027,7/11/2029,DISDIKPORA,BAIK,AKTIF,TERCATAT DI BKAD
KTV  2627,KTVP 3877,RSUD RATU AJI PUTRI BOTUNG,DINAS KESEHATAN KAB. PPU,R,HONDA,NF 11B1D M/T,2009,MH1JBC1189K182081,JBC1E-1176462,8/26/2026,8/26/2029,RSUD,BAIK,AKTIF,TERCATAT DI BKAD
KTV  2629,KTVP 3229,SEKRETARIAT DAERAH,SEKRETARIAT DAERAH KAB. PPU,R,YAMAHA,1 LB,2014,MH31LB00AEJ129992,1LB-130029,4/30/2027,4/30/2029,SEKRETARIAT DAERAH,BAIK,AKTIF,TERCATAT DI BKAD
KTV  2630,KTVP 3284,DINAS PERIKANAN,DINAS KELAUTAN DAN PERIKANAN,R,YAMAHA,45P (BYSON),2014,MH354P004EK286467,54P296464,8/11/2026,8/11/2029,DINAS PERIKANAN,BAIK,AKTIF,TERCATAT DI BKAD
KTV  2631,KTVP 3297,"BADAN PERENCANAAN, PENELITIAN DAN PENGEMBANGAN",BAPPEDA,R,YAMAHA,2BU,2014,MH32BU001EJ132355,2BU132369,10/29/2026,10/29/2029,"BADAN PERENCANAAN, PENELITIAN DAN PENGEMBANGAN",BAIK,AKTIF,TERCATAT DI BKAD
KTV  2637, ,"DINAS PERUMAHAN, KAWASAN PERMUKIMAN DAN PERTANAHAN",DINAS PERUMAHAN KAWASAN PERMUKIMAN DAN P,R,YAMAHA,B6H-AI A/T,2024,MH3SG5680RK237068,G3L8E2214394,10/1/2026,10/1/2029,DINAS PERUMAHAN KAWASAN PERMUKIMAN DAN PERTAMANAN,BAIK,AKTIF,TERCATAT DI BKAD
KTV  2638, ,"DINAS PERUMAHAN, KAWASAN PERMUKIMAN DAN PERTANAHAN",DINAS PERUMAHAN KAWASAN PERMUKIMAN DAN P,R,YAMAHA,B6H-AI A/T,2024,MH3SG5680RK237435,G3L8E2220877,10/1/2026,10/1/2029,DINAS PERUMAHAN KAWASAN PERMUKIMAN DAN PERTAMANAN,BAIK,AKTIF,TERCATAT DI BKAD
KTV  2639, ,"DINAS PERUMAHAN, KAWASAN PERMUKIMAN DAN PERTANAHAN",DINAS PERUMAHAN KAWASAN PEMUKIMAN DAN PE,R,YAMAHA,BEJ A/T,2024,MH3SEJ710RJ319910,E33WE0371031,10/7/2026,10/7/2029,DINAS PERUMAHAN KAWASAN PERMUKIMAN DAN PERTAMANAN,BAIK,AKTIF,TERCATAT DI BKAD
KTV  2640, ,"DINAS PERUMAHAN, KAWASAN PERMUKIMAN DAN PERTANAHAN",DINAS PERUMAHAN KAWASAN PERMUKIMAN DAN P,R,YAMAHA,BEJ A/T,2024,MH3SEJ710RJ327336,E33WE0381057,10/7/2026,10/7/2029,DINAS PERUMAHAN KAWASAN PERMUKIMAN DAN PERTAMANAN,BAIK,AKTIF,TERCATAT DI BKAD
KTV  2641, ,"DINAS PERUMAHAN, KAWASAN PERMUKIMAN DAN PERTANAHAN",DINAS PERUMAHAN KAWASAN PEMUKIMAN DAN PE,R,YAMAHA,BEJ A/T,2024,MH3SEJ710RJ327981,E33WE0382001,10/7/2026,10/7/2029,DINAS PERUMAHAN KAWASAN PERMUKIMAN DAN PERTAMANAN,BAIK,AKTIF,TERCATAT DI BKAD
KTV  2642, ,"DINAS PERUMAHAN, KAWASAN PERMUKIMAN DAN PERTANAHAN",DINAS PERUMAHAN KAWASAN PERMUKIMAN DAN P,R,YAMAHA,BJM-L A/T,2024,MH3SEK610RJ132975,E34KE0132979,10/7/2026,10/7/2029,DINAS PERUMAHAN KAWASAN PERMUKIMAN DAN PERTAMANAN,BAIK,AKTIF,TERCATAT DI BKAD
KTV  2643, ,"DINAS PERUMAHAN, KAWASAN PERMUKIMAN DAN PERTANAHAN",DINAS PERUMAHAN KAWASAN PERMUKIMAN DAN P,R,YAMAHA,BTD A/T,2024,MH3SG9220RK013132,G3V4E0019745,10/7/2026,10/7/2029,DINAS PERUMAHAN KAWASAN PERMUKIMAN DAN PERTAMANAN,BAIK,AKTIF,TERCATAT DI BKAD
KTV  2645,KTVP 3291,BADAN KEPEGAWAIAN DAN PENGEMBANGAN SUMBER DAYA MANUSIA,BADAN KEPEGAWAIAN DAERAH,R,YAMAHA,2 SV,2014,MH32SV00AEJ173103,2SV173105,10/13/2026,10/13/2029, BADAN KEPEGAWAIAN DAN PENGEMBANGAN SUMBER DAYA MANUSIA,BAIK,AKTIF,TERCATAT DI BKAD
KTV  2646,KTVP 3292,BADAN KEPEGAWAIAN DAN PENGEMBANGAN SUMBER DAYA MANUSIA,BADAN KEPEGAWAIAN DAERAH,R,YAMAHA,2 SV,2014,MH32SV00AEJ154229,2SV154303,10/13/2026,10/13/2029, BADAN KEPEGAWAIAN DAN PENGEMBANGAN SUMBER DAYA MANUSIA,BAIK,AKTIF,TERCATAT DI BKAD
KTV  2647,KTVP 3293,BADAN PENANGGULANGAN BENCANA DAERAH,KANTOR KESATUAN BANGSA DAN POLITIK KAB.P,R,KAWASAKI,LX150D (D TRACKER),2014,MH4LX150DEJP04497,LX150CEPH0314,10/14/2026,10/14/2029,BADAN PENANGGULANGAN BENCANA DAERAH,BAIK,AKTIF,TERCATAT DI BKAD
KTV  2648,,DINAS KESEHATAN,DINAS KESEHATAN,R,HONDA,NF100,2008,MH1HB71178K697058,HB71E - 1684644,4/23/2027,4/23/2029,DINAS KESEHATAN PKM BABULU,RUSAK BERAT,TIDAK AKTIF,TERCATAT DI BKAD
KTV  2649,KTVP 3294,BADAN PENANGGULANGAN BENCANA DAERAH,KANTOR KESATUAN BANGSA DAN POLITIK KAB.P,R,KAWASAKI,LX150D (D TRACKER),2014,MH4LX150DEJP04499,LC150CEPH0313,10/14/2026,10/14/2029,BADAN PENANGGULANGAN BENCANA DAERAH,BAIK,AKTIF,TERCATAT DI BKAD
KTV  2650,KTVP 3943,DINAS PERHUBUNGAN,DISHUBBUDPAR,R,SUZUKI,EN 125 A,2009,MH8EN125A9J603960,F405-ID-604048,12/2/2025,12/2/2029,DINAS PERHUBUNGAN,RUSAK BERAT,TIDAK AKTIF,TERCATAT DI BKAD
KTV  2651,KTV- 2651,DINAS KESEHATAN,DINAS KESEHATAN,R,HONDA,NF100 SE,2008,MH1HB71168K548642,HB71E - 1545189,4/23/2027,4/23/2029,DINAS KESEHATAN PKM SEBAKUNG JAYA,RUSAK BERAT,TIDAK AKTIF,TERCATAT DI BKAD
KTV  2652,KTVP 3869,DINAS KESEHATAN,DINAS KESEHATAN KAB. PPU,R,HONDA,NF 11B1D MT,2009,MH1JBC1119K186716,JBC1E-1185421,8/26/2026,8/26/2029,DINAS KESEHATAN PKM PENAJAM,BAIK,AKTIF,TERCATAT DI BKAD
KTV  2653, ,INSPEKTORAT DAERAH,INSPEKTORAT DAERAH KABUPATEN PENAJAM PAS,R,YAMAHA,BPN-L A/T,2024,MH3SG8840RJ024420,G3U5E0033580,10/17/2026,10/17/2029,INSPEKTORAT,BAIK,AKTIF,TIDAK ADA KETERANGAN
KTV  2654, ,INSPEKTORAT DAERAH,INSPEKTORAT DAERAH KABUPATEN PENAJAM PAS,R,YAMAHA,BPN-L A/T,2024,MH3SG8840RJ023140,G3U5E0031460,10/17/2026,10/17/2029,INSPEKTORAT,BAIK,AKTIF,TIDAK ADA KETERANGAN
KTV  2655,,DINAS KESEHATAN,DINAS KESEHATAN,R,HONDA,NF100 SE,2008,MH1HB711X8K693392,HB71E - 1688687,5/12/2026,5/12/2029,DINAS KESEHATAN PKM BABULU,BAIK,AKTIF,TERCATAT DI BKAD
KTV  2656, ,INSPEKTORAT DAERAH,INSPEKTORAT DAERAH KABUPATEN PENAJAM PAS,R,YAMAHA,BPN-L A/T,2024,MH3SG8840RJ023159,G3U5E0031480,10/17/2026,10/17/2029,INSPEKTORAT,BAIK,AKTIF,TIDAK ADA KETERANGAN
KTV  2657, ,INSPEKTORAT DAERAH,INSPEKTORAT DAERAH KABUPATEN PENAJAM PAS,R,YAMAHA,BPN-L A/T,2024,MH3SG8840RJ023148,G3U5E0031468,10/17/2026,10/17/2029,INSPEKTORAT,BAIK,AKTIF,TIDAK ADA KETERANGAN
KTV  2658, ,INSPEKTORAT DAERAH,INSPEKTORAT DAERAH KABUPATEN PENAJAM PAS,R,YAMAHA,BPN-L A/T,2024,MH3SG8840RJ023142,G3U5E0031462,10/17/2026,10/17/2029,INSPEKTORAT,BAIK,AKTIF,TIDAK ADA KETERANGAN
KTV  2659,,DINAS KESEHATAN,DINAS KESEHATAN,R,HONDA,NF100 SE,2008,MH1HB71188K651626,HB71E - 1644528,5/12/2026,5/12/2029,DINAS KESEHATAN PKM BABULU,BAIK,AKTIF,TERCATAT DI BKAD
KTV  2660, ,INSPEKTORAT DAERAH,INSPEKTORAT DAERAH KABUPATEN PENAJAM PAS,R,YAMAHA,BPN-L A/T,2024,MH3SG8840RJ019461,G3U5E0025261,10/17/2026,10/17/2029,INSPEKTORAT,BAIK,AKTIF,TIDAK ADA KETERANGAN
KTV  2661, ,INSPEKTORAT DAERAH,INSPEKTORAT DAERAH KABUPATEN PENAJAM PAS,R,YAMAHA,BPN-L A/T,2024,MH3SG8840RJ016573,G3U5E0021173,10/17/2026,10/17/2029,INSPEKTORAT,RUSAK BERAT,TIDAK AKTIF,RUSAK BERAT
KTV  2663, ,INSPEKTORAT DAERAH,INSPEKTORAT DAERAH KABUPATEN PENAJAM PAS,R,YAMAHA,BPN-L A/T,2024,MH3SG8840RJ016565,G3U5E0021167,10/17/2026,10/17/2029,INSPEKTORAT,BAIK,AKTIF,TIDAK ADA KETERANGAN
KTV  2664, ,INSPEKTORAT DAERAH,INSPEKTORAT DAERAH KABUPATEN PENAJAM PAS,R,YAMAHA,BKU-S A/T,2024,MH3SEJ920RJ017313,E31XE0076438,10/17/2026,10/17/2029,INSPEKTORAT DAERAH,BAIK,AKTIF,TERCATAT DI BKAD
KTV  2665,KTVP 3920,RSUD RATU AJI PUTRI BOTUNG,RUMAH SAKIT UMUM DAERAH,R,HONDA,NF125 TD,2009,MH1JB81159K470315,JB81E-1465865,10/29/2026,10/29/2029,RSUD,BAIK,AKTIF,TIDAK ADA KETERANGAN
KTVP 9917, ,DINAS KESEHATAN,PEMERINTAH KABUPATEN PENAJAM PASER UTARA,C,HYUNDAI,STAREX 2.5 DIESEL MT,2018,MHXMF31JLJJ001200,D4CBH447899,12/17/2025,12/17/2028,RSUD SEPAKU,BAIK,AKTIF,TERCATAT DI BKAD
KTV  2672,,DINAS KESEHATAN,DINAS KESEHATAN,R,HONDA,NF100 SE,2008,MH1HB71188K675652,HB71E - 1661228,5/12/2027,5/12/2029,DINAS KESEHATAN PKM BABULU,BAIK,AKTIF,TERCATAT DI BKAD
KTV  2673,,DINAS KESEHATAN,DINAS KESEHATAN,R,HONDA,NF100 SE,2008,MH1HB71188K659872,HB71E - 1659476,5/12/2026,5/12/2029,DINAS KESEHATAN PKM BABULU,RUSAK BERAT,TIDAK AKTIF,TERCATAT DI BKAD
KTV  2676,KTVP 3954,DINAS PERTANIAN,DINAS PERTANIAN KAB.PPU,R,HONDA,GL15C21A07 MT,2014,MH1KC6114EK015553,KC61E1015645,7/11/2026,7/11/2029,DINAS PERTANIAN,BAIK,AKTIF,TERCATAT DI BKAD
KTV  2677,KTVP 3914,RSUD RATU AJI PUTRI BOTUNG,RUMAH SAKIT UMUM DAERAH,R,HONDA,NF125 TD,2009,MH1JB81179K470395,JB81E-1496866,10/29/2026,10/29/2029,RSUD,BAIK,AKTIF,TIDAK ADA KETERANGAN
KTV  2683,KTV- 2683,DINAS PERTANIAN,DINAS PERTANIAN,R,SUZUKI,EN 125 A,2008,MH8EN125A8J598225,F405 - ID - 598359,6/23/2027,6/23/2029,DINAS PERTANIAN,RUSAK BERAT,TIDAK AKTIF,TERCATAT DI BKAD
KTV  2684,KTV- 2684,DINAS PEKERJAAN UMUM DAN PENATAAN RUANG,INSPEKTORAT KAB.PPU,R,HONDA,NF 11B1D MT,2009,MH1JBC2169K107815,JBC2E - 1105461,8/26/2027,8/26/2029,DINAS PU DAN PENATAAN RUANG,BAIK,AKTIF,TERCATAT DI BKAD
KTV  2686,KTV- 2686,DINAS PEKERJAAN UMUM DAN PENATAAN RUANG,INSPEKTORAT KAB.PPU,R,HONDA,NF 11B1D MT,2009,MH1JBC21X9K109793,JBC2E - 1107346,8/26/2025,8/26/2029,DINAS PU DAN PENATAAN RUANG,HILANG,TIDAK AKTIF,HILANG
KTV  2688,KTVP 3288,SEKRETARIAT DPRD,SEKRETARIAT DPRD KAB. PPU,R,HONDA,GL15C21A07 MT,2014,MH1KC611XEK024841,KC61E1024836,10/1/2026,10/1/2029,SEKRETARIAT DPRD,RUSAK BERAT,TIDAK AKTIF,TERCATAT DI BKAD
KTV  2689,KTVP 3935,KECAMATAN BABULU,BEND. PENGELUARAN KANTOR CAMAT BABULU,R,YAMAHA,B65,2019,MH3SG4610KJ231036,G3J1E-0396852,11/25/2026,11/25/2029,KECAMATAN BABULU,BAIK,AKTIF,TERCATAT DI BKAD
KTV  2695, ,KECAMATAN BABULU,KECAMATAN BABULU KABUPATEN PENAJAM PASER,R,YAMAHA,B3W-S A/T,2024,MH3SEG720RJ097797,E32XE0146801,11/11/2026,11/11/2029,KECAMATAN BABULU,BAIK,AKTIF,TERCATAT DI BKAD
KTV  2696, ,KECAMATAN BABULU,KECAMATAN BABULU KABUPATEN PENAJAM PASER,R,YAMAHA,2PV R M/T,2024,MH3UG0750RK222511,G3E6E0762956,11/11/2026,11/11/2029,KECAMATAN BABULU,BAIK,AKTIF,TERCATAT DI BKAD
KTV  2698, ,KECAMATAN BABULU,KECAMATAN BABULU KABUPATEN PENAJAM PASER,R,YAMAHA,BBP-A A/T,2024,MH3SG6420RJ076232,G3P4E0240276,11/11/2026,11/11/2029,KECAMATAN BABULU,BAIK,AKTIF,TERCATAT DI BKAD
KTV  2703,KTVP 3289,SEKRETARIAT DPRD,SEKRETARIAT DPRD KAB.PPU,R,HONDA,GL15C21A07 M/T,2014,MH1KC6110EK030843,KC61E1030674,10/1/2026,10/1/2029,SEKRETARIAT DPRD,BAIK,AKTIF,TERCATAT DI BKAD
KTV  2704, ,KELURAHAN PANTAI LANGO,KECAMATAN PENAJAM KABUPATEN PENAJAM PASE,R,HONDA,F1C02N46L0 A/T,2024,MH1JM0312RK687166,JM03E1687083,11/14/2026,11/14/2029,KELURAHAN PANTAI LANGO,BAIK,AKTIF,TERCATAT DI BKAD
KTVP 9918, ,DINAS KESEHATAN,PEMERINTAH KABUPATEN PENAJAM PASER UTARA,C,,,2018,MHXMF31JLJJ001186,D4CBH447904,12/17/2025,12/17/2028,RSUD SEPAKU,BAIK,AKTIF,TERCATAT DI BKAD
KTV  2706, ,DINAS LINGKUNGAN HIDUP,DINAS LINGKUNGAN HIDUP KABUPATEN PENAJAM,R,HONDA,F1C02N46L0 A/T,2024,MH1JM0423RK198296,JM04E-2197912,11/21/2026,11/21/2029,DINAS LINGKUNGAN HIDUP,BAIK,AKTIF,TERCATAT DI BKAD
KTV  2707, ,DINAS LINGKUNGAN HIDUP,DINAS LINGKUNGAN HIDUP KABUPATEN PENAJAM,R,HONDA,F1C02N46L0 A/T,2024,MH1JM0425RK078855,JM04E-2078779,11/21/2026,11/21/2029,DINAS LINGKUNGAN HIDUP,BAIK,AKTIF,TERCATAT DI BKAD
KTV  2708, ,DINAS KOMUNIKASI DAN INFORMATIKA,"DINAS KOMUNIKASI DAN INFORMASI, STATISTI",R,HONDA,F1C02N46L0 A/T,2024,MH1JM0310RK776962,JM03E-1776876,11/21/2026,11/21/2029,"DINAS KOMUNIKASI DAN INFORMATIKA, STATISTIK DAN PERSANDIAN",BAIK,AKTIF,TERCATAT DI BKAD
KTV  2709, ,DINAS KOMUNIKASI DAN INFORMATIKA,"DINAS KOMUNIKASI DAN INFORMASI, STATISTI",R,HONDA,N1N02Q43L1 A/T,2024,MH1KFB213RK052971,KFB2E-1053020,11/21/2026,11/21/2029,"DINAS KOMUNIKASI DAN INFORMATIKA, STATISTIK DAN PERSANDIAN",BAIK,AKTIF,TERCATAT DI BKAD
KTV  2710, ,DINAS KOMUNIKASI DAN INFORMATIKA,"DINAS KOMUNIKASI DAN INFORMASI, STATISTI",R,HONDA,N1N02Q43L1 A/T,2024,MH1KFB215RK052972,KFB2E-1053031,11/21/2026,11/21/2029,"DINAS KOMUNIKASI DAN INFORMATIKA, STATISTIK DAN PERSANDIAN",BAIK,AKTIF,TERCATAT DI BKAD
KTV  2715, ,SEKRETARIAT DPRD,SEKRETARIAT DPRD KAB.PPU,R,YAMAHA,BTE A/T,2024,MH3SG9310RJ019091,G3V5E0060055,11/22/2026,11/22/2029,SEKRETARIAT DPRD,BAIK,AKTIF,TERCATAT DI BKAD
KTVP 9953, ,DINAS KESEHATAN,DINAS KESEHATAN KAB. PPU,C,TOYOTA,KIJANG INNOVA 2.0 G MT (TGN140R-MDMSKD),2024,MHFJW8EM1R2412558,1TR-B188155,6/6/2025,6/6/2029,DINAS KESEHATAN PKM WARU,BAIK,AKTIF,TERCATAT DI BKAD
KTV  2608,KTVP 3884,"DINAS KOPERASI, UKM, PERINDUSTRIAN DAN PERDAGANGAN","DINAS KOPERASI,UKM,PERINDUSTRIAN DAN PER",R,YAMAHA,2DP R A/T,2019,MH3SG3190KK652669,G3E4E1551809,9/5/2025,9/5/2029,DISKUKMPERINDAG,BAIK,AKTIF,TERCATAT DI BKAD
KTV  2725, ,DINAS PERTANIAN,DINAS PERTANIAN KABUPATEN PENAJAM PASER,R,YAMAHA,BKU-S A/T,2024,MH3SEJ920RJ017933,E31XE0078658,11/22/2026,11/22/2029,DINAS PERTANIAN,BAIK,AKTIF,TERCATAT DI BKAD
KTV  2726, ,DINAS PERTANIAN,DINAS PERTANIAN KABUPATEN PENAJAM PASER,R,YAMAHA,BKU-S A/T,2024,MH3SEJ920RJ017380,E31XE0076626,11/22/2026,11/22/2029,DINAS PERTANIAN,BAIK,AKTIF,TERCATAT DI BKAD
KTV  2728, ,DINAS PERTANIAN,DINAS PERTANIAN KABUPATEN PENAJAM PASER,R,YAMAHA,BKU-S A/T,2024,MH3SEJ920RJ017315,E31XE0076440,11/22/2026,11/22/2029,DINAS PERTANIAN,BAIK,AKTIF,TERCATAT DI BKAD
KTV  2730, ,DINAS PERTANIAN,DINAS PERTANIAN KABUPATEN PENAJAM PASER,R,YAMAHA,BKU-S A/T,2024,MH3SEJ920RJ017310,E31XE0076435,11/22/2026,11/22/2029,DINAS PERTANIAN,BAIK,AKTIF,TERCATAT DI BKAD
KTV  2731, ,DINAS PERTANIAN,DINAS PERTANIAN KABUPATEN PENAJAM PASER,R,YAMAHA,BKU-S A/T,2024,MH3SEJ920RJ017303,E31XE0076428,11/22/2026,11/22/2029,DINAS PERTANIAN,BAIK,AKTIF,TERCATAT DI BKAD
KTV  2732, ,DINAS PERTANIAN,DINAS PERTANIAN KABUPATEN PENAJAM PASER,R,YAMAHA,BKU-S A/T,2024,MH3SEJ920RJ017433,E31XE0076718,11/22/2026,11/22/2029,DINAS PERTANIAN,BAIK,AKTIF,TERCATAT DI BKAD
KTV  2733,KTVP 3271,"DINAS PENDIDIKAN, PEMUDA DAN OLAHRAGA",DINAS PENDIDIKAN PEMUDA DAN OLAH RAGA PP,R,HONDA,NF12A1CF MT,2014,MH1JBG110EK169519,JBG1E1169011,7/11/2026,7/11/2029,DISDIKPORA,BAIK,AKTIF,TERCATAT DI BKAD
KTV  2737,KTVP 3312,DINAS PEKERJAAN UMUM DAN PENATAAN RUANG,DINAS PEKERJAAN UMUM,R,YAMAHA,1 PA,2014,MH31PA004EK739430,1PA741229,12/16/2026,12/16/2029,DINAS PU DAN PENATAAN RUANG,BAIK,AKTIF,TERCATAT DI BKAD
KTV  2739,KTVP 3321,DINAS PENANAMAN MODAL DAN PELAYANAN TERPADU SATU PINTU,BP2TPM,R,YAMAHA,2SV,2014,MH32SV00AEJ156931,2SV162447,12/29/2026,12/29/2029,DINAS PENANAMAN MODAL DAN PELAYANAN TERPADU SATU PINTU ,BAIK,AKTIF,TERCATAT DI BKAD
KTV  2740,KTVP 3325,DINAS PENANAMAN MODAL DAN PELAYANAN TERPADU SATU PINTU,BP2TPM,R,YAMAHA,2 SV,2014,MH32SV00AEJ098347,2SV098863,12/30/2026,12/30/2029,DINAS PENANAMAN MODAL DAN PELAYANAN TERPADU SATU PINTU ,BAIK,AKTIF,TERCATAT DI BKAD
KTV  2741,KTVP 3326,DINAS PENANAMAN MODAL DAN PELAYANAN TERPADU SATU PINTU,BPTPM,R,YAMAHA,55S (T135SEC),2014,MH35S005EK143104,55S143095,12/30/2026,12/30/2029,DINAS PENANAMAN MODAL DAN PELAYANAN TERPADU SATU PINTU ,BAIK,AKTIF,TERCATAT DI BKAD
KTV  2742,KTVP 3324,DINAS PENANAMAN MODAL DAN PELAYANAN TERPADU SATU PINTU,BP2TPM,R,YAMAHA,55S (T135SEC),2014,MH35S005EK143223,55S143234,12/30/2026,12/30/2029,DINAS PENANAMAN MODAL DAN PELAYANAN TERPADU SATU PINTU ,BAIK,AKTIF,TERCATAT DI BKAD
KTV  2744, ,DINAS PEKERJAAN UMUM DAN PENATAAN RUANG,DINAS PEKERJAAN UMUM DAN PENATAAN RUANG,R,YAMAHA,BKU A/T,2024,MH3SEJ910RJ051635,E31WE0243293,12/6/2026,12/6/2029,DINAS PU DAN PENATAAN RUANG,BAIK,AKTIF,TERCATAT DI BKAD
KTV  2745, ,DINAS PEKERJAAN UMUM DAN PENATAAN RUANG,DINAS PEKERJAAN UMUM DAN PENATAAN RUANG,R,YAMAHA,BKU A/T,2024,MH3SEJ910RJ050576,E31WE0242234,12/6/2026,12/6/2029,DINAS PU DAN PENATAAN RUANG,BAIK,AKTIF,TERCATAT DI BKAD
KTV  2746, ,DINAS PEKERJAAN UMUM DAN PENATAAN RUANG,DINAS PEKERJAAN UMUM DAN PENATAAN RUANG,R,YAMAHA,B3W-S A/T,2024,MH3SEG720RJ108477,E32XE0162283,12/6/2026,12/6/2029,DINAS PU DAN PENATAAN RUANG,BAIK,AKTIF,TERCATAT DI BKAD
KTV  2747,KTVP 4621,DINAS KESEHATAN,DINAS KESEHATAN KAB. PPU,R,HONDA,NF 11B1D MT,2009,MH1JBC1189K180766,JBC1E-1184276,8/26/2026,8/26/2029,DINAS KESEHATAN PKM PENAJAM,BAIK,AKTIF,TERCATAT DI BKAD
KTV  2748,KTVP 3187,KELURAHAN NIPAH-NIPAH,KELURAHAN NIPAH NIPAH,R,YAMAHA,1 KP AT,2013,MH31KPOO3DK629563,1KP-629557,12/30/2026,12/30/2028,KELURAHAN NIPAH-NIPAH,BAIK,AKTIF,TERCATAT DI BKAD
KTV  2749,KTVP 3189,KELURAHAN NIPAH-NIPAH,KELURAHAN NIPAH NIPAH,R,YAMAHA,1 KP AT,2013,MH31KP003DK618271,1KP-618526,12/30/2026,12/30/2028,KELURAHAN NIPAH-NIPAH,BAIK,AKTIF,TERCATAT DI BKAD
KTV  2752,KTVP 3184,KELURAHAN NIPAH-NIPAH,KELURAHAN NIPAH NIPAH,R,YAMAHA,1 KP AT,2013,MH31KP00CDJ651211,1KP-651228,12/30/2026,12/30/2028,KELURAHAN NIPAH-NIPAH,BAIK,AKTIF,TERCATAT DI BKAD
KTV  2754,KTVP 3191,KELURAHAN NIPAH-NIPAH,KELURAHAN NIPAH NIPAH,R,YAMAHA,1 KP AT,2013,MH31KPOOCDJ613475,1KP-613494,12/30/2026,12/30/2028,KELURAHAN NIPAH-NIPAH,BAIK,AKTIF,TERCATAT DI BKAD
KTV  2756,KTVP 3186,KELURAHAN NIPAH-NIPAH,KELURAHAN NIPAH NIPAH,R,YAMAHA,1 KP AT,2013,MH31KP00CDJ614207,1KP-614229,12/30/2026,12/30/2028,KELURAHAN NIPAH-NIPAH,BAIK,AKTIF,TERCATAT DI BKAD
KTV  2761,KTVP 3188,KELURAHAN NIPAH-NIPAH,KELURAHAN NIPAH NIPAH,R,YAMAHA,1 KP AT,2013,MH31KP003DK628156,1KP-628228,12/30/2026,12/30/2028,KELURAHAN NIPAH-NIPAH,BAIK,AKTIF,TERCATAT DI BKAD
KTV  2762,KTVP 3190,KELURAHAN NIPAH-NIPAH,KELURAHAN NIPAH NIPAH,R,YAMAHA,1 KP AT,2013,MH31KPOO3DK629564,1KP-629556,12/30/2026,12/30/2028,KELURAHAN NIPAH-NIPAH,BAIK,AKTIF,TERCATAT DI BKAD
KTV  2763,KTVP 3185,KELURAHAN NIPAH-NIPAH,KELURAHAN NIPAH NIPAH,R,YAMAHA,1 KP AT,2013,MH31KP00CDJ651274,1KP-651286,12/30/2026,12/30/2028,KELURAHAN NIPAH-NIPAH,BAIK,AKTIF,TERCATAT DI BKAD
KTV  2764,KTVP 3183,KELURAHAN NIPAH-NIPAH,KELURAHAN NIPAH-NIPAH,R,YAMAHA,1 KP AT,2013,MH31KPOOCDJ651228,1KP-651250,12/30/2026,12/30/2028,KELURAHAN NIPAH-NIPAH,BAIK,AKTIF,TERCATAT DI BKAD
KTV  2765,KTVP 3942,DINAS PERHUBUNGAN,DISHUBPAR,R,HONDA,NF 11B1D MT,2009,MH1JBC1149K294568,JBC1E-1303705,11/20/2026,11/20/2029,DINAS PERHUBUNGAN,BAIK,AKTIF,TERCATAT DI BKAD
KTV  2766,KTVP 3936,DINAS PEKERJAAN UMUM DAN PENATAAN RUANG,DINAS PEKERJAAN UMUM,R,YAMAHA,1 PA,2014,MH31PA004EK766018,1PA767446,12/29/2026,12/29/2029,DINAS PU DAN PENATAAN RUANG,BAIK,AKTIF,TERCATAT DI BKAD
KTV  2773,KTVP 3260,"DINAS PENDIDIKAN, PEMUDA DAN OLAHRAGA",DINAS PENDIDIKAN PEMUDA DAN OLAH RAGA PP,R,HONDA,NF12A1CF M/T,2014,MH1JBG112EK170199,JBG1E1169787,7/11/2026,7/11/2029,DISDIKPORA,BAIK,AKTIF,TERCATAT DI BKAD
KTV  2774,KTVP 3319,KELURAHAN GUNUNG SETELENG,KANTOR KELURAHAN GUNUNG SETELENG,R,YAMAHA,1 PA,2014,MH31PA004EK520231,1PA520039,12/22/2026,12/22/2029,KELURAHAN GUNUNG SETELENG,BAIK,AKTIF,TERCATAT DI BKAD
KTV  2776,KTVP 3313,KELURAHAN WARU,KANTOR LURAH WARU,R,SUZUKI,FL 125 RCD,2014,MH8BF45SAEJ182789,F496ID452301,12/18/2026,12/18/2029,KELURAHAN WARU,BAIK,AKTIF,TERCATAT DI BKAD
KTV  2778, ,DINAS PEKERJAAN UMUM DAN PENATAAN RUANG,DINAS PEKERJAAN UMUM DAN PENATAAN RUANG,R,YAMAHA,B6H-AI A/T,2024,MH3SG5680RK222242,G3L8E2003773,12/17/2026,12/17/2029,DINAS PU DAN PENATAAN RUANG,BAIK,AKTIF,TERCATAT DI BKAD
KTV  2780, ,KELURAHAN NENANG,KANTOR LURAH NENANG,R,KAWASAKI,LX150K,2023,MH4LX150KPJP02341,LX150KEP06892,12/19/2026,12/19/2029,KELURAHAN NENANG,BAIK,AKTIF,TERCATAT DI BKAD
KTV  2783, ,"DINAS PERUMAHAN, KAWASAN PERMUKIMAN DAN PERTANAHAN",KANTOR DINAS PERUMAHAN KAWASAN PEMUKIMAN,R,VIAR,V 30 R M/T,2024,MGRVR30TARL301135,YX300FMG24301093,12/24/2026,12/24/2029,DINAS PERUMAHAN KAWASAN PERMUKIMAN DAN PERTAMANAN,BAIK,AKTIF,TERCATAT DI BKAD
KTV  2784, ,"DINAS PERUMAHAN, KAWASAN PERMUKIMAN DAN PERTANAHAN",KANTOR DINAS PERUMAHAN KAWASAN PEMUKIMAN,R,VIAR,V 30 R M/T,2024,MGRVR30TARL301136,YX300FMG24300894,12/24/2026,12/24/2029,DINAS PERUMAHAN KAWASAN PERMUKIMAN DAN PERTAMANAN,BAIK,AKTIF,TERCATAT DI BKAD
KTV  2785, ,DINAS PEKERJAAN UMUM DAN PENATAAN RUANG,DINAS PEKERJAAN UMUM DAN PENATAAN RUANG(,R,KAWASAKI,LX150K,2023,MH4LX150KPJP05965,LX150KEP16801,12/24/2026,12/24/2029,DINAS PU DAN PENATAAN RUANG,BAIK,AKTIF,TERCATAT DI BKAD
KTV  2786, ,DINAS PEKERJAAN UMUM DAN PENATAAN RUANG,DINAS PEKERJAAN UMUM DAN PENATAAN RUANG(,R,KAWASAKI,LX150K,2023,MH4LX150KPJP03226,LX150KEP08707,12/24/2026,12/24/2029,DINAS PU DAN PENATAAN RUANG,BAIK,AKTIF,TERCATAT DI BKAD
KTV  2788, ,DINAS LINGKUNGAN HIDUP,DINAS LINGKUNGAN HIDUP KABUPATEN PENAJAM,R,HONDA,F1C02N46L0 A/T,2024,MH1JM0421RK218433,JM04E-2218058,12/30/2026,12/30/2029,DINAS LINGKUNGAN HIDUP,BAIK,AKTIF,TERCATAT DI BKAD
KTV  2794,KTVP 3968,"DINAS PENDIDIKAN, PEMUDA DAN OLAHRAGA",DISDIKPORA PPU,R,HONDA,NF 11B1D M/T,2009,MH1JBC1139K226519,JBC1E-1221288,2/11/2027,2/11/2030,DISDIKPORA,BAIK,AKTIF,TIDAK ADA KETERANGAN
KTV  2795,KTV- 2795,"DINAS PENDIDIKAN, PEMUDA DAN OLAHRAGA",DISDIKPORA PPU,R,HONDA,NF 11B1D MT,2009,MH1JBC1109K219186,JBC1E - 1222147,2/11/2025,2/11/2025,DISDIKPORA,RUSAK BERAT,TIDAK AKTIF,TERCATAT DI BKAD
KTV  2805, ,KETAHANAN PANGAN,DINAS KETAHANAN PANGAN KABUPATEN PENAJAM,R,HONDA,F1C02N46L0 A/T,2024,MH1JM0314RK810787,JM03E-1810457,1/9/2027,1/9/2030,KETAHANAN PANGAN,BAIK,AKTIF,TERCATAT DI BKAD
KTV  2806, ,KETAHANAN PANGAN,DINAS KETAHANAN PANGAN KABUPATEN PENAJAM,R,HONDA,F1C02N46L0 A/T,2024,MH1JM0311RK810794,JM03E-1810469,1/9/2027,1/9/2030,KETAHANAN PANGAN,BAIK,AKTIF,TERCATAT DI BKAD
KTV  2807, ,KETAHANAN PANGAN,DINAS KETAHANAN PANGAN KABUPATEN PENAJAM,R,HONDA,F1C02N46L0 A/T,2024,MH1JM0317RK808418,JM03E-1808335,1/9/2027,1/9/2030,KETAHANAN PANGAN,BAIK,AKTIF,TERCATAT DI BKAD
KTV  2808, ,KETAHANAN PANGAN,DINAS KETAHANAN PANGAN KABUPATEN PENAJAM,R,HONDA,F1C02N46L0 A/T,2024,MH1JM0317RK810797,JM03E-1810407,1/9/2027,1/9/2030,KETAHANAN PANGAN,BAIK,AKTIF,TERCATAT DI BKAD
KTV  2809, ,"DINAS PEMBERDAYAAN PEREMPUAN, PERLINDUNGAN ANAK, PENGENDALIAN PENDUDUK DAN KELUARGA BERENCANA",DINAS PEMBERDAYAAN PEREMPUAN,R,HONDA,F1C02N46L0 A/T,2024,MH1JM0410RK989960,JM04E-1989879,1/9/2027,1/9/2030,"DINAS PEMBERDAYAAN PEREMPUAN, PERLINDUNGAN ANAK, PENGENDALIAN PENDUDUK & KELUARGA BERENCANA",BAIK,AKTIF,TERCATAT DI BKAD
KTV  2810, ,DINAS SOSIAL,DINAS SOSIAL KABUPATEN PENAJAM PASER UTA,R,YAMAHA,BEJ A/T,2024,MH3SEJ710RJ323633,E33WE0375755,1/9/2027,1/9/2030,DINAS SOSIAL,BAIK,AKTIF,TERCATAT DI BKAD
KTV  2811, ,SEKRETARIAT DAERAH,SEKERTARIAT DAERAH DAERAH KABUPATEN PENA,R,YAMAHA,BPV A/T,2024,MH3SG8410RK026210,G3H4E0081870,1/9/2026,1/9/2030,SEKKAB PPU,BAIK,AKTIF,TIDAK ADA KETERANGAN
KTV  2815,KTVP 3992,DINAS PERIKANAN,DP3K KAB. PPU,R,YAMAHA,28D (AL115S/MIO),2009,MH328D2039K143321,28D-1143191,1/20/2027,1/20/2030,DINAS PERIKANAN,BAIK,AKTIF,TERCATAT DI BKAD
KTV  2827, ,"DINAS KOPERASI, UKM, PERINDUSTRIAN DAN PERDAGANGAN","DINAS KOPERASI,UKM,PERINDUSTRIAN DAN PER",R,HONDA,F1C02N46L0 A/T,2024,MH1JM0313RK800459,JM03E-1800275,1/18/2027,1/18/2030,DISKUKMPERINDAG,BAIK,AKTIF,TERCATAT DI BKAD
KTV  2832, ,DINAS KEPENDUDUKAN DAN PENCATATAN SIPIL,DINAS KEPEDUDUKAN DAN CATATAN SIPIL KABU,R,HONDA,F1C02N46L0 A/T,2024,MH1JM0311RK820919,JM030E-1820716,1/18/2027,1/18/2030,DINAS KEPENDUDUKAN DAN PENCATATAN SIPIL,BAIK,AKTIF,TERCATAT DI BKAD
KTV  2833, ,DINAS KEPENDUDUKAN DAN PENCATATAN SIPIL,DINAS KEPENDUDUKAN DAN CATATAN SIPIL KAB,R,HONDA,F1C02N46L0 A/T,2024,MH1JM031XRK799357,JM03E1811078,1/18/2027,1/18/2030,DINAS KEPENDUDUKAN DAN PENCATATAN SIPIL,BAIK,AKTIF,TERCATAT DI BKAD
KTV  2838, ,KELURAHAN PETUNG,KECAMATAN PENAJAM KABUPATEN PENAJAM PASE,R,HONDA,F1C02N46L2 A/T,2024,MH1JMH112RK025797,JMH1E-1025716,1/18/2027,1/18/2030,KELURAHAN PETUNG,BAIK,AKTIF,TERCATAT DI BKAD
KTV  2839, ,KELURAHAN RIKO,KECAMATAN PENAJAM KABUPATEN PENAJAM PASE,R,HONDA,F1C02N46L2 A/T,2024,MH1JMH112RK027825,JMH1E-1027720,1/18/2027,1/18/2030,KELURAHAN RIKO,BAIK,AKTIF,TERCATAT DI BKAD
KTV  2840, ,KECAMATAN PENAJAM,KECAMATAN PENAJAM KABUPATEN PENAJAM PASE,R,HONDA,F1C02N46L2 A/T,2024,MH1JMH114RK025610,JMH1E-1025530,1/18/2027,1/18/2030,KECAMATAN PENAJAM,BAIK,AKTIF,TERCATAT DI BKAD
KTV  2841, ,KECAMATAN PENAJAM,KECAMATAN PENAJAM KABUPATEN PENAJAM PASE,R,HONDA,F1C02N46L2 A/T,2024,MH1JMH119RK025795,JMH1E-1025715,1/18/2026,1/18/2030,KECAMATAN PENAJAM,BAIK,AKTIF,TIDAK ADA KETERANGAN
KTV  2842, ,SEKRETARIAT DAERAH,SEKRETARIAT DAERAH KABUPATEN PENAJAM PAS,R,HONDA,F1C02N46L2 A/T,2024,MH1JMH111RK008439,JMH1E-1008361,1/18/2027,1/18/2030,SEKRETARIAT DAERAH,BAIK,AKTIF,TERCATAT DI BKAD
KTV  2843, ,SEKRETARIAT DAERAH,SEKRETARIAT DAERAH KABUPATEN PENAJAM PAS,R,HONDA,T4G02T31L0 MT,2024,MH1KD1117RK547742,KD11E-1546972,1/18/2027,1/18/2030,SEKRETARIAT DAERAH,BAIK,AKTIF,TERCATAT DI BKAD
KTV  2845, ,SEKRETARIAT DAERAH,SEKRETARIAT DAERAH KABUPATEN PENAJAM PAS,R,HONDA,T4G02T31L0 MT,2024,MH1KD1118RK548138,KD11E-1547402,1/18/2027,1/18/2030,SEKRETARIAT DAERAH,BAIK,AKTIF,TERCATAT DI BKAD
KTV  2847, ,DINAS PEKERJAAN UMUM DAN PENATAAN RUANG,DINAS PEKERJAAN UMUM DAN PENATAAN RUANG,R,YAMAHA,BY8 A/T,2024,MH3SE88B0RJ165177,E3R4E0765333,1/21/2027,1/21/2030,DINAS PU DAN PENATAAN RUANG,BAIK,AKTIF,TERCATAT DI BKAD
KTV  2610,KTVP 3885,"DINAS KOPERASI, UKM, PERINDUSTRIAN DAN PERDAGANGAN","DINAS KOPERASI,UKM,PERINDUSTRIAN DAN PER",R,YAMAHA,2DP R A/T,2019,MH3SG3190KJ651450,G3E4E1550698,9/5/2025,9/5/2029,DISKUKMPERINDAG,BAIK,AKTIF,TERCATAT DI BKAD
KTV  2850, ,DINAS PEKERJAAN UMUM DAN PENATAAN RUANG,DINAS PEKERJAAN UMUM DAN PENATAAN RUANG,R,YAMAHA,BY8 A/T,2024,MH3SE88B0RJ165203,E3R4E0765361,1/21/2027,1/21/2030,DINAS PU DAN PENATAAN RUANG,BAIK,AKTIF,TERCATAT DI BKAD
KTV  2859, ,"DINAS PENDIDIKAN, PEMUDA DAN OLAHRAGA",DINAS PENDIDIKAN PEMUDA DAN OLAH RAGA KA,R,YAMAHA,BEJ-L A/T,2024,MH3SEJ710RJ340168,E33WE0397088,1/21/2026,1/21/2030,DISDIKPORA,BAIK,AKTIF,TIDAK ADA KETERANGAN
KTV  2860, ,"DINAS PENDIDIKAN, PEMUDA DAN OLAHRAGA",DINAS PENDIDIKAN PEMUDA DAN OLAH RAGA KA,R,YAMAHA,BEJ-L A/T,2024,MH3SEJ710RJ331687,E33WE0387107,1/21/2026,1/21/2030,DISDIKPORA,BAIK,AKTIF,TIDAK ADA KETERANGAN
KTV  2864, ,"DINAS PENDIDIKAN, PEMUDA DAN OLAHRAGA",DINAS PENDIDIKAN PEMUDA DAN OLAH RAGA KA,R,YAMAHA,BEJ-L A/T,2024,MH3SEJ710RJ334132,E33WE0390553,1/21/2026,1/21/2030,DISDIKPORA,BAIK,AKTIF,TIDAK ADA KETERANGAN
KTV  2866, ,"DINAS PENDIDIKAN, PEMUDA DAN OLAHRAGA",DINAS PENDIDIKAN PEMUDA DAN OLAH RAGA KA,R,YAMAHA,BEJ-L A/T,2024,MH3SEJ710RJ336510,E33WE0393432,1/21/2026,1/21/2030,DISDIKPORA,BAIK,AKTIF,TIDAK ADA KETERANGAN
KTV  2868,KTVP 4050,KETAHANAN PANGAN,KANTOR KETAHANAN PANGAN DAN PENYULUHAN,R,HONDA,GL160 D,2009,MH1KC12189K204441,KC12E-1203827,1/26/2027,1/26/2030,KETAHANAN PANGAN,BAIK,AKTIF,TERCATAT DI BKAD
KTV  2873,KTVP 3991,KETAHANAN PANGAN,KANTOR KETAHANAN PANGEN DAN PENYULUHAN,R,HONDA,GL160 D,2009,MHKC12129K205715,KC12E-1205004,1/26/2027,1/26/2030,KETAHANAN PANGAN,BAIK,AKTIF,TERCATAT DI BKAD
KTV  2874,KTVP 3356,DINAS KESEHATAN,BEND. DINAS KESEHATAN KAB. PPU,R,YAMAHA,1 PA,2014,MH31PA004EK613363,1PA612467,2/2/2027,2/2/2030,DINAS KESEHATAN,BAIK,AKTIF,TERCATAT DI BKAD
KTV  2875,KTVP 3994,KETAHANAN PANGAN,KANTOR KETAHANAN PANGAN DAN PENYULUHAN,R,HONDA,NF125 TR,2009,MH1JB91179K874562,JB91E-1871885,1/26/2027,1/26/2030,KETAHANAN PANGAN,BAIK,AKTIF,TERCATAT DI BKAD
KTV  2876,KTVP 3349,DINAS KESEHATAN,UPT PUSKESMAS PETUNG,R,YAMAHA,1 KP AT,2014,MH31KP00CEJ743478,1KP743601,2/2/2027,2/2/2030,DINAS KESEHATAN PKM PETUNG,BAIK,AKTIF,TERCATAT DI BKAD
KTV  2877,KTVP 3975,"DINAS PENDIDIKAN, PEMUDA DAN OLAHRAGA",DISDIKPORA PPU,R,HONDA,NF 11B1D MT,2009,MH1JBC1129K170458,JBC1E-1180821,2/11/2027,2/11/2030,DISDIKPORA,BAIK,AKTIF,TERCATAT DI BKAD
KTV  2878,KTVP 3348,DINAS KESEHATAN,UPT PUSKESMAS PETUNG,R,YAMAHA,1 KP AT,2014,MH31KP003EK698542,1KP-698673,2/2/2026,2/2/2030,DINAS KESEHATAN PKM PETUNG,BAIK,AKTIF,TERCATAT DI BKAD
KTV  2884,KTVP 3362,"DINAS PENDIDIKAN, PEMUDA DAN OLAHRAGA",DINAS PENDIDIKAN PEMUDA DAN OLAHRAGA PPU,R,YAMAHA,55S (T135SEC),2014,MH355S005EK143289,55S143241,2/18/2026,2/18/2030,DISDIKPORA,BAIK,AKTIF,TERCATAT DI BKAD
KTV  2886,KTVP 3359,"DINAS PENDIDIKAN, PEMUDA DAN OLAHRAGA",DINAS PENDIDIKAN PEMUDA DAN OLAHRAGA PPU,R,YAMAHA,55S (T135SEC),2014,MH355S005EK149499,55S149502,2/18/2027,2/18/2030,DISDIKPORA,BAIK,AKTIF,TERCATAT DI BKAD
KTV  2887,KTVP 3357,DINAS KESEHATAN,BEND. DINAS KESEHATAN KAB. PPU,R,YAMAHA,1 PA,2014,MH31PA004EK708168,1PA698506,2/2/2027,2/2/2030,DINAS KESEHATAN,BAIK,AKTIF,TERCATAT DI BKAD
KTV  2889,KTVP 3360,"DINAS PENDIDIKAN, PEMUDA DAN OLAHRAGA",DINAS PENDIDIKAN PEMUDA DAN OLAHRAGA PPU,R,YAMAHA,55S,2014,MH355S005EK149995,55S149993,2/18/2027,2/18/2030,DISDIKPORA,BAIK,AKTIF,TERCATAT DI BKAD
KTV  2890,KTVP 4028,"DINAS PENDIDIKAN, PEMUDA DAN OLAHRAGA",DINAS PENDIDIKAN PEMUDA DAN OLAH RAGA KA,R,HONDA,NF 11B1D MT,2009,MH1JBC1169K180216,JBC1E-1182501,2/11/2027,2/11/2030,DISDIKPORA,RUSAK BERAT,TIDAK AKTIF,TERCATAT DI BKAD
KTV  2892,KTVP 3361,"DINAS PENDIDIKAN, PEMUDA DAN OLAHRAGA",DINAS PENDIDIKAN PEMUDA DAN OLAHRAGA PPU,R,YAMAHA,55S (T135SEC),2014,MH355S005EK149981,55S149989,2/18/2027,2/18/2030,DISDIKPORA,BAIK,AKTIF,TERCATAT DI BKAD
KTV  2893,KTVP 4027,BADAN KEUANGAN DAN ASET DAERAH,BEND. PENGELUARAN BADAN KEUANGAN KAB.PPU,R,YAMAHA,B5D-1 A/T,2019,MH3SEF520KJ014894,E31XE0018620,2/17/2027,2/17/2030,BADAN KEUANGAN DAN ASET DAERAH,BAIK,AKTIF,TERCATAT DI BKAD
KTV  2894,KTVP 3364,"DINAS PENDIDIKAN, PEMUDA DAN OLAHRAGA",DINAS PENDIDIKAN PEMUDA DAN OLAHRAGA PPU,R,YAMAHA,55S,2014,MH355S005EK149876,55S149824,2/18/2027,2/18/2030,DISDIKPORA,BAIK,AKTIF,TERCATAT DI BKAD
KTV  2895,KTVP 4038,DINAS PEKERJAAN UMUM DAN PENATAAN RUANG,DINAS PEKERJAAN UMUM KAB. PPU,R,HONDA,NF125 TR,2009,MH1JB91199K743066,JB91E-1739520,2/10/2027,2/10/2030,DINAS PU DAN PENATAAN RUANG,BAIK,AKTIF,TERCATAT DI BKAD
KTV  2896,KTVP 4039,DINAS PEKERJAAN UMUM DAN PENATAAN RUANG,DINAS PEKERJAAN UMUM KAB. PPU,R,HONDA,NF125 TR,2009,MH1JB91179K876702,JB91E-1873769,2/10/2027,2/10/2030,DINAS PU DAN PENATAAN RUANG,BAIK,AKTIF,TERCATAT DI BKAD
KTV  2897,KTVP 4035,DINAS PERTANIAN,BEND DINAS PERTANIAN KAB.PPU,R,YAMAHA,1PA,2014,MH31PA004EK703679,1PA702732,2/2/2027,2/2/2030,DINAS PERTANIAN,BAIK,AKTIF,TERCATAT DI BKAD
KTV  2902,KTVP 3358,"DINAS PENDIDIKAN, PEMUDA DAN OLAHRAGA",DINAS PENDIDIKAN PEMUDA DAN OLAHRAGA PPU,R,YAMAHA,55S,2014,MH355S005EK149985,55S149985,2/18/2027,2/18/2030,DISDIKPORA,BAIK,AKTIF,TERCATAT DI BKAD
KTV  2903,KTVP 4026,"DINAS PENDIDIKAN, PEMUDA DAN OLAHRAGA",DINAS PENDIDIKAN PEMUDA DAN OLAHRAGA PPU,R,YAMAHA,55S (T135SEC),2014,MH355S005EK149873,55S149827,2/18/2026,2/18/2030,DISDIKPORA,BAIK,AKTIF,TERCATAT DI BKAD
KTV  2904,KTVP 3963,DINAS PEKERJAAN UMUM DAN PENATAAN RUANG,DINAS PEKERJAAN UMUM,R,YAMAHA,1 PA,2014,MH31PA004EK634418,1PA634921,1/5/2027,1/5/2030,DINAS PU DAN PENATAAN RUANG,BAIK,AKTIF,TERCATAT DI BKAD
KTV  2905,KTVP 3962,DINAS PEKERJAAN UMUM DAN PENATAAN RUANG,DINAS PEKERJAAN UMUM,R,YAMAHA,1 PA,2014,MH31PA004EK622931,1PA621178,1/5/2027,1/5/2030,DINAS PU DAN PENATAAN RUANG,BAIK,AKTIF,TERCATAT DI BKAD
KTV  2906,KTVP 3350,SEKRETARIAT DAERAH,RUTIN SEKRETARIAT DAERAH KAB. PPU,R,YAMAHA,1 LB,2014,MH31LB00BEJ162526,1LB162549,2/2/2027,2/2/2030,SEKRETARIAT DAERAH,BAIK,AKTIF,TERCATAT DI BKAD
KTV  2907,KTVP 3369,BADAN PENANGGULANGAN BENCANA DAERAH,BADAN PENANGGULANGAN BENCANA DAERAH,R,HONDA,AFP12W21C08 M/T,2015,MH1JBM112FK058731,JBM1E1057103,3/7/2027,3/7/2030,BADAN PENANGGULANGAN BENCANA DAERAH,BAIK,AKTIF,TERCATAT DI BKAD
KTV  2908,KTVP 3370,BADAN PENANGGULANGAN BENCANA DAERAH,BADAN PENANGGULANGAN BENCANA DAERAH,R,HONDA,GL15B1DF MT,2014,MH1KC521XEK186655,KC52E1184489,3/7/2027,3/7/2030,BADAN PENANGGULANGAN BENCANA DAERAH,BAIK,AKTIF,TERCATAT DI BKAD
KTV  2910,KTVP 3368,BADAN PENANGGULANGAN BENCANA DAERAH,BADAN PENANGGULANGAN BENCANA DAERAH,R,HONDA,AFP12W21C08 MT,2015,MH1JBM117FK061477,JBM1E1057813,3/7/2027,3/7/2030,BADAN PENANGGULANGAN BENCANA DAERAH,BAIK,AKTIF,TERCATAT DI BKAD
KTV  2911,KTVP 3372,BADAN PENANGGULANGAN BENCANA DAERAH,BADAN PENANGGULANGAN BENCANA DAERAH,R,HONDA,AFP12W21C08 MT,2015,MH1JBM11XFK055530,JBM1E1054747,3/7/2027,3/7/2030,BADAN PENANGGULANGAN BENCANA DAERAH,BAIK,AKTIF,TERCATAT DI BKAD
KTV  2913,KTVP 4030,DINAS PEKERJAAN UMUM DAN PENATAAN RUANG,DINAS UKM PERINDAGKAP KAB. PPU,R,HONDA,GL160 D,2009,MH1KC12119K204426,KC12E-1203806,3/1/2027,3/1/2030,DINAS PU DAN PENATAAN RUANG,BAIK,AKTIF,TERCATAT DI BKAD
KTV  2914,KTVP 3961,DINAS PEKERJAAN UMUM DAN PENATAAN RUANG,DINAS PEKERJAAN UMUM,R,YAMAHA,1 PA,2014,MH31PA004EK487257,1PA486961,1/5/2027,1/5/2030,DINAS PU DAN PENATAAN RUANG,BAIK,AKTIF,TERCATAT DI BKAD
KTV  2915,KTVP 3329,DINAS PEKERJAAN UMUM DAN PENATAAN RUANG,DINAS PEKERJAAN UMUM,R,YAMAHA,1 PA,2014,MH31PA004EK467693,1PA467288,1/5/2027,1/5/2030,DINAS PU DAN PENATAAN RUANG,BAIK,AKTIF,TERCATAT DI BKAD
KTV  2916,KTVP 3960,DINAS PEKERJAAN UMUM DAN PENATAAN RUANG,DINAS PEKERJAAN UMUM,R,YAMAHA,1 PA,2014,MH31PA004EK491681,1PA491316,1/5/2027,1/5/2030,DINAS PU DAN PENATAAN RUANG,BAIK,AKTIF,TERCATAT DI BKAD
KTV  2918,KTVP 4032,DINAS PEKERJAAN UMUM DAN PENATAAN RUANG,DINAS PEKERJAAN UMUM KAB. PPU,R,HONDA,NF125 TR,2009,MH1JB91169K875301,JB91E-1872437,2/10/2027,2/10/2030,DINAS PU DAN PENATAAN RUANG,BAIK,AKTIF,TERCATAT DI BKAD
KTV  2919,KTVP 4023,DINAS PEKERJAAN UMUM DAN PENATAAN RUANG,DINAS PEKERJAAN UMUM,R,YAMAHA,1 PA,2014,MH31PA004EK749376,1PA749447,1/5/2027,1/5/2030,DINAS PU DAN PENATAAN RUANG,BAIK,AKTIF,TERCATAT DI BKAD
KTV  2920,KTVP 4031,DINAS PEKERJAAN UMUM DAN PENATAAN RUANG,DINAS PEKERJAAN UMUM KAB. PPU,R,HONDA,NF125 TR,2009,MH1JB91199K874577,JB91E-1872065,2/10/2027,2/10/2030,DINAS PU DAN PENATAAN RUANG,BAIK,AKTIF,TERCATAT DI BKAD
KTV  2921,KTVP 4022,DINAS PEKERJAAN UMUM DAN PENATAAN RUANG,DINAS PEKERJAAN UMUM,R,YAMAHA,1 PA,2014,MH31PA004EK481793,1PA483532,1/5/2027,1/5/2030,DINAS PU DAN PENATAAN RUANG,BAIK,AKTIF,TERCATAT DI BKAD
KTV  2925, ,DINAS LINGKUNGAN HIDUP,KANTOR DINAS LINGKUNGAN HIDUP,R,VIAR,V 30 R M/T,2024,MGRVR30TARL300981,YX300FMG24300669,3/4/2026,3/4/2030,DINAS LINGKUNGAN HIDUP,BAIK,AKTIF,TIDAK ADA KETERANGAN
KTV  2926, ,DINAS LINGKUNGAN HIDUP,KANTOR DINAS LINGKUNGAN HIDUP,R,VIAR,V 30 R M/T,2024,MGRVR30TARL301134,YX300FMG24301087,3/4/2026,3/4/2030,DINAS LINGKUNGAN HIDUP,BAIK,AKTIF,TIDAK ADA KETERANGAN
KTV  2927, ,DINAS LINGKUNGAN HIDUP,KANTOR DINAS LINGKUNGAN HIDUP,R,VIAR,V 30 R M/T,2024,MGRVR30TARL300980,YX300FMG24300962,3/4/2026,3/4/2030,DINAS LINGKUNGAN HIDUP,BAIK,AKTIF,TIDAK ADA KETERANGAN
KTV  2928,KTV- 2928,"DINAS PENDIDIKAN, PEMUDA DAN OLAHRAGA",DISDIKPORA KAB.PPU,R,HONDA,NF 11B1D MT,2010,MH1JBC128AK192011,JBC1E-2180911,2/16/2026,2/16/2026,DISDIKPORA,RUSAK BERAT,TIDAK AKTIF,TERCATAT DI BKAD
KTV  2931,KTVP 3371,BADAN PENANGGULANGAN BENCANA DAERAH,BADAN PENANGGULANGAN BENCANA DAERAH,R,HONDA,GL15B1DF MT,2014,MH1KC5217EK185544,KC52E1182782,3/7/2027,3/7/2030,BADAN PENANGGULANGAN BENCANA DAERAH,BAIK,AKTIF,TERCATAT DI BKAD
KTV  2936,KTVP 3352,DINAS PERTANIAN,BEN DINAS PERTANIAN KAB.PPU,R,YAMAHA,1 PA,2014,MH31PA004EK637961,1PA638041,2/2/2027,2/2/2030,DINAS PERTANIAN,BAIK,AKTIF,TERCATAT DI BKAD
KTV  2937,KTVP 4175,"DINAS PENDIDIKAN, PEMUDA DAN OLAHRAGA",DISDIKPORA PPU,R,HONDA,NF 11B1D MT,2009,MH1JBC1129K183923,JBC1E-1187018,2/11/2027,2/11/2030,DISDIKPORA,BAIK,AKTIF,TIDAK ADA KETERANGAN
KTV  2938,KTVP 4020,"DINAS PENDIDIKAN, PEMUDA DAN OLAHRAGA",DISDIKPORA PPU,R,HONDA,NF 11B1D MT,2009,MH1JBC1109K085859,JBC1E-1089119,2/11/2027,2/11/2030,DISDIKPORA,BAIK,AKTIF,TERCATAT DI BKAD
KTV  2941,KTVP 3376,"DINAS PERUMAHAN, KAWASAN PERMUKIMAN DAN PERTANAHAN",DINAS KEBERSIHAN PERTAMANAN DAN PEMAKAMA,R,YAMAHA,2SV,2015,MH32SV00AFJ232222,2SV231888,3/26/2027,3/26/2030,DINAS PERUMAHAN KAWASAN PERMUKIMAN DAN PERTAMANAN,BAIK,AKTIF,TERCATAT DI BKAD
KTV  2942,KTVP 3375,DINAS PEKERJAAN UMUM DAN PENATAAN RUANG,DINAS KEBERSIHAN PERTAMANAN DAN PEMAKAMA,R,YAMAHA,1 PA,2015,MH31PA004FK864250,1PA864866,3/26/2027,3/26/2030,DINAS PU,BAIK,AKTIF,TIDAK ADA KETERANGAN
KTV  2943,KTVP 3378,"DINAS PERUMAHAN, KAWASAN PERMUKIMAN DAN PERTANAHAN",DINAS KEBERSIHAN PERTAMANAN DAN PEMAKAMA,R,YAMAHA,1 PA,2015,MH31PA004FK848964,1PA849134,3/26/2027,3/26/2030,DINAS PERUMAHAN KAWASAN PERMUKIMAN DAN PERTAMANAN,BAIK,AKTIF,TERCATAT DI BKAD
KTV  2944,KTVP 3337,SEKRETARIAT DAERAH,SEKRETARIAT DAERAH,R,YAMAHA,1 KP AT,2014,MH31KP00DEJ899558,1KP-899587,1/8/2027,1/8/2030,SEKRETARIAT DAERAH,RUSAK BERAT,TIDAK AKTIF,TERCATAT DI BKAD
KTV  2946,KTVP 3351,SEKRETARIAT DAERAH,RUTIN SEKRETARIAT DAERAH KAB. PPU,R,YAMAHA,1 LB,2014,MH31LB00BEJ162542,1LB162554,2/2/2027,2/2/2030,SEKRETARIAT DAERAH,BAIK,AKTIF,TERCATAT DI BKAD
KTV  2947,KTVP 3338,SEKRETARIAT DAERAH,SEKRETARIAT DAERAH,R,YAMAHA,1 KP AT,2014,MH31KP00DEJ899556,1KP899585,1/8/2027,1/8/2030,SEKRETARIAT DAERAH,BAIK,AKTIF,TERCATAT DI BKAD
KTV  2950,KTVP 4021,"DINAS PENDIDIKAN, PEMUDA DAN OLAHRAGA",DISDIKPORA PPU,R,HONDA,NF 11B1D MT,2009,MH1JBC1169K186131,JBC1E-1184943,2/11/2027,2/11/2030,DISDIKPORA,BAIK,AKTIF,TIDAK ADA KETERANGAN
KTV  2954,KTVP 3219,DINAS LINGKUNGAN HIDUP,DKPP BIDANG PERTAMANAN DAN PEMAKAMAM PPU,R,YAMAHA,45P (BYSON),2014,MH345P004EK273110,45P283133,4/17/2027,4/17/2029,DINAS LINGKUNGAN HIDUP,BAIK,AKTIF,TERCATAT DI BKAD
KTV  2957,KTVP 3382,DINAS SOSIAL,PENG.DINAS SOSIAL  TENAGA KERJA KAB.PPU,R,YAMAHA,1 KP AT,2014,MH31KP00DEJ791921,1KP-791946,3/28/2026,3/28/2030,DINAS SOSIAL,BAIK,AKTIF,TERCATAT DI BKAD
KTV  2962,KTVP 4052,DINAS PERIKANAN,DINAS KELAUTAN DAN PERIKANAN,R,YAMAHA,2BU,2015,MH32BU002FJ188394,2BU188400,3/31/2027,3/31/2030,DINAS KELAUTAN & PERIKANAN,BAIK,AKTIF,TIDAK ADA KETERANGAN
KTV  2978,KTVP 4150,BADAN KEUANGAN DAN ASET DAERAH,KANTOR CAMAT PENAJAM,R,HONDA,NC11A2CB AT,2010,MH1JF3117AK099217,JF31E-0098440,5/4/2027,5/4/2030,BADAN KEUANGAN DAN ASET DAERAH,BAIK,AKTIF,TERCATAT DI BKAD
KTV  2981, ,KECAMATAN SEPAKU,KECAMATAN SEPAKU KABUPATEN PENAJAM PASER,R,HONDA,F1C02N46L2 A/T,2025,MH1JMH216SK114339,JMH2E- 1114668,4/24/2026,4/24/2030,KECAMATAN SEPAKU,BAIK,AKTIF,TERCATAT DI BKAD
KTV  2988,KTVP 3354,DINAS KESEHATAN,BEND. DINAS KESEHATAN KAB. PPU,R,YAMAHA,1PA,2014,MH31PA004EK632386,1PA632547,2/2/2027,2/2/2030,DINAS KESEHATAN,BAIK,AKTIF,TERCATAT DI BKAD
KTV  2990,KTVP 3384,DINAS PERIKANAN,DINAS KELAUTAN DAN PERIKANAN,R,YAMAHA,1 PA,2015,MH31PA004FK824791,1PA824166,3/31/2026,3/31/2030,DINAS KELAUTAN & PERIKANAN,BAIK,AKTIF,TIDAK ADA KETERANGAN
KTV  2991,KTVP 4074,KECAMATAN PENAJAM,KANTOR CAMAT PENAJAM,R,HONDA,NF125 TR,2010,MH1JB9125AK018786,JB91E-2013193,5/4/2027,5/4/2030,KECAMATAN PENAJAM,BAIK,AKTIF,TERCATAT DI BKAD
KTV  2993,KTVP 4058,KELURAHAN PETUNG,KANTOR KB-PP KAB. PPU,R,HONDA,NC110 D CW AT (VARIO),2010,MH1JF1318AK229698,JF13E-0225089,5/7/2027,5/7/2030,KELURAHAN PETUNG,BAIK,AKTIF,TERCATAT DI BKAD
KTV  2994,KTVP 4049,DINAS LINGKUNGAN HIDUP,DPU. BID KEBERSIHAN PERTAMANAN,R,HONDA,NF125 TR,2010,MH1JB9123AK035232,JB91E-2029041,5/4/2026,5/4/2030,DINAS LINGKUNGAN HIDUP,BAIK,AKTIF,TIDAK ADA KETERANGAN
KTV  2995,KTVP 4076,DINAS LINGKUNGAN HIDUP,DPU. BID KEBERSIHAN PERTAMANAN,R,HONDA,NF125 TR,2010,MH1JB912XAK033459,JB91E-2026246,5/4/2026,5/4/2030,DINAS LINGKUNGAN HIDUP,BAIK,AKTIF,TERCATAT DI BKAD
KTV  3015,KTV- 3015,PENGELOLA (BKAD),KANTOR KETAHANAN PANGAN & PENYULUHAN,R,HONDA,GL 15 A1 RR MT,2011,MH1KC3110BK148062,KC31E-1147885,11/10/2025,11/10/2026,PENGELOLA,RUSAK BERAT,TIDAK AKTIF,LELANG
KTV  3019,KTVP 4125,"DINAS PERUMAHAN, KAWASAN PERMUKIMAN DAN PERTANAHAN",DPU. BID KEBERSIHAN PERTAMANAN,R,HONDA,NF125 TR,2010,MH1JB9120AK081505,JB91E-2075860,5/4/2026,5/4/2030,DINAS PERUMAHAN KAWASAN PERMUKIMAN DAN PERTAMANAN,BAIK,AKTIF,TERCATAT DI BKAD
KTV  3020,KTV- 3020,"DINAS PEMBERDAYAAN PEREMPUAN, PERLINDUNGAN ANAK, PENGENDALIAN PENDUDUK DAN KELUARGA BERENCANA",KANTOR KB & PEMBERDAYAAN PEREMPUAN,R,HONDA,GL 15 A1 RR MT,2011,MH1KC3113BK159105,KC31E-1158988,12/27/2026,12/27/2026,"DINAS PEMBERDAYAAN PEREMPUAN, PERLINDUNGAN ANAK, PENGENDALIAN PENDUDUK & KELUARGA BERENCANA",BAIK,AKTIF,TERCATAT DI BKAD
KTV  3022,KTVP 4057,"DINAS PEMBERDAYAAN PEREMPUAN, PERLINDUNGAN ANAK, PENGENDALIAN PENDUDUK DAN KELUARGA BERENCANA",KANTOR KB-PP KAB. PPU,R,HONDA,NF125 TRF,2010,MH1JB0114AK123984,JB01E-1122583,5/7/2027,5/7/2030,KANTOR KB,BAIK,AKTIF,TIDAK ADA KETERANGAN
KTV  3023,KTVP 4034,"DINAS KOPERASI, UKM, PERINDUSTRIAN DAN PERDAGANGAN",DINAS UKM PERINDAGKOP KAB. PPU,R,HONDA,NF 11B1D MT,2009,MH1JBC2159K186653,JBC2E-1187987,3/1/2027,3/1/2030,DISKUKMPERINDAG,BAIK,AKTIF,TERCATAT DI BKAD
KTV  3024,KTV- 3024,DINAS KESEHATAN,DINAS KESEHATAN KAB.PPU,R,HONDA,NF 11B1D MT,2010,MH1JBC218AK558281,JBC2E-1546394,1/4/2027,1/4/2027,DINAS KESEHATAN,RUSAK BERAT,TIDAK AKTIF,RUSAK BERAT
KTV  3025,KTVP 3381,DINAS SOSIAL,PENG.DINAS SOSIAL TENAGA KERJA KAB.PPU,R,YAMAHA,1 DY,2014,MH31DY008EJ296460,1DY-296482,3/28/2026,3/28/2030,DINAS SOSIAL,BAIK,AKTIF,TERCATAT DI BKAD
KTV  3026,KTV- 3026,DINAS KESEHATAN,DINAS KESEHATAN KAB.PPU,R,HONDA,NF 11B1D MT,2010,MH1JBC216AK557677,JBC2E-1546057,1/4/2027,1/4/2027,DINAS KESEHATAN,BAIK,AKTIF,TERCATAT DI BKAD
KTV  3027,KTV- 3027,DINAS KESEHATAN,DINAS KESEHATAN KAB.PPU,R,HONDA,NF 11B1D MT,2010,MH1JBC219AK558208,JBC2E-1546227,1/4/2027,1/4/2027,DINAS KESEHATAN PKM SEPAKU I ,BAIK,AKTIF,TERCATAT DI BKAD
KTV  3028,KTV- 3028,DINAS KESEHATAN,DINAS KESEHATAN KAB.PPU,R,HONDA,NF 11B1D MT,2010,MH1JBC216AK558280,JBC2E-1546397,1/4/2027,1/4/2027,DINAS KESEHATAN PKM SOTEK,BAIK,AKTIF,TERCATAT DI BKAD
KTV  3036,KTVP 4059,DINAS PERTANIAN,KANTOR KETAHANAN PANGAN DAN PENYULUHAN,R,HONDA,NC11A2CB AT,2010,MH1JF3114AK127815,JF31E-0127143,6/22/2027,6/22/2030,DINAS PERTANIAN,BAIK,AKTIF,TIDAK ADA KETERANGAN
KTV  3037,KTVP 4082,DINAS PERTANIAN,KANTOR PERTAHANAN PANGAN DAN PENYULUHAN,R,HONDA,GL160 D,2010,MH1KC1115AK261878,KC11E-1263451,6/22/2027,6/22/2030,DINAS PERTANIAN,BAIK,AKTIF,TIDAK ADA KETERANGAN
KTV  3038,KTVP 4290,KELURAHAN SESUMPU,BEND. KELURAHAN SESUMPU,R,HONDA,NC11A3CB AT,2011,MH1JF7116BK063415,JF71E-1062824,6/23/2026,6/23/2026,KELURAHAN SESUMPU,BAIK,AKTIF,TERCATAT DI BKAD
KTV  3039,KTVP 4140,DINAS PERPUSTAKAAN DAN ARSIP,KANTOR PERPUSTAKAAN DAN ARSIP KAB.PPU,R,HONDA,ATI1I21B01 AT,2015,MH1JFH119FK423028,JFH1E-1421589,6/12/2027,6/12/2030,DINAS PERPUSTAKAAN DAN ARSIP,BAIK,AKTIF,TERCATAT DI BKAD
KTV  3041,KTVP 3405,SEKRETARIAT DPRD,SEKRETARIAT DPRD KAB. PPU,R,HONDA,GL15C21A07 MT,2015,MH1KC6113FK036329,KC61E-1036368,6/26/2027,6/26/2030,SEKRETARIAT DPRD,BAIK,AKTIF,TERCATAT DI BKAD
KTV  3042,KTVP 3394,SEKRETARIAT DPRD,SEKRETARIAT DPRD KAB. PPU,R,HONDA,AFX12U21C08 M/T,2015,MH1JBP117FK261860,JBP1E-1259906,6/26/2027,6/26/2030,SEKRETARIAT DPRD,BAIK,AKTIF,TERCATAT DI BKAD
KTV  3043,KTVP 3396,SEKRETARIAT DPRD,SEKRETARIAT DPRD KAB. PPU,R,HONDA,AFX12U21C08 M/T,2015,MH1JBP114FK252999,JBP1E-1250918,6/26/2027,6/26/2030,SEKRETARIAT DPRD,BAIK,AKTIF,TERCATAT DI BKAD
KTV  3047,KTVP 3398,SEKRETARIAT DPRD,SEKRETARIAT DPRD KAB. PPU,R,HONDA,GL15C21A07 M/T,2015,MH1KC6110FK036336,KC61E-1036296,6/26/2027,6/26/2030,SEKRETARIAT DPRD,BAIK,AKTIF,TERCATAT DI BKAD
KTV  3048,KTVP 3401,SEKRETARIAT DPRD,SEKRETARIAT DPRD KAB. PPU,R,HONDA,GL15C21A07 MT,2015,MH1KC6119FK036304,KC61E-1036375,6/26/2026,6/26/2030,SEKRETARIAT DPRD,BAIK,AKTIF,TERCATAT DI BKAD
KTV  3049,KTVP 4070,SEKRETARIAT DPRD,SEKRETARIAT DPRD KAB. PPU,R,HONDA,GL15C21A07 MT,2015,MH1KC6110FK036305,KC61E-1036327,6/26/2027,6/26/2030,SEKRETARIAT DPRD,BAIK,AKTIF,TERCATAT DI BKAD
KTV  3050,KTVP 3395,SEKRETARIAT DPRD,SEKRETARIAT DPRD KAB. PPU,R,HONDA,AFX12U21C08 M/T,2015,MH1JBP116FK264233,JBP1E-1262396,6/26/2027,6/26/2030,SEKRETARIAT DPRD,BAIK,AKTIF,TERCATAT DI BKAD
KTV  3051,KTVP 3403,SEKRETARIAT DPRD,SEKRETARAI DPRD KAB. PPU,R,HONDA,GL15C21A07 MT,2015,MH1KC6111FK036314,KC61E-1036369,6/26/2027,6/26/2030,SEKRETARIAT DPRD,BAIK,AKTIF,TERCATAT DI BKAD
KTV  3053,KTVP 3397,SEKRETARIAT DPRD,SEKRETARIAT DPRD KAB. PPU,R,HONDA,AFX12U21C08 M/T,2015,MH1JBP111FK264284,JBP1E-1262431,6/26/2027,6/26/2030,SEKRETARIAT DPRD,BAIK,AKTIF,TERCATAT DI BKAD
KTV  3054,KTVP 3404,SEKRETARIAT DPRD,SEKRETARIAT DPRD KAB. PPU,R,HONDA,GL15C21A07 MT,2015,MH1KC611XFK036313,KC61E-1036328,6/26/2027,6/26/2030,SEKRETARIAT DPRD,BAIK,AKTIF,TERCATAT DI BKAD
KTV  3055,KTVP 4547,DINAS PERTANIAN,DINAS PERTANIAN PPK,R,HONDA,GL160 D,2010,MH1KC1216AK245932,KC12E-1243802,7/1/2027,7/1/2030,DINAS PERTANIAN,BAIK,AKTIF,TERCATAT DI BKAD
KTV  3056,KTVP 4069,BADAN PENANGGULANGAN BENCANA DAERAH,BADAN PENANGGULANGAN BENCANA DAERAH PPU,R,KAWASAKI,LX150C (KLX 150S),2015,MH4LX150CFJP28138,LX150CEPM5470,7/6/2027,7/6/2030,BADAN PENANGGULANGAN BENCANA DAERAH,BAIK,AKTIF,TERCATAT DI BKAD
KTV  3059,KTV- 3059,"DINAS PEMBERDAYAAN PEREMPUAN, PERLINDUNGAN ANAK, PENGENDALIAN PENDUDUK DAN KELUARGA BERENCANA",KANTOR KELUARGA BERENCANA DAN P.PEREMPUA,R,YAMAHA,55S (T135SEC),2012,MH355S002CK072772,55S-072772,5/15/2027,5/15/2027,"DINAS PEMBERDAYAAN PEREMPUAN, PERLINDUNGAN ANAK, PENGENDALIAN PENDUDUK & KELUARGA BERENCANA",BAIK,AKTIF,TERCATAT DI BKAD
KTV  3060,KTVP 3380,DINAS SOSIAL,PENG.DINAS SOSIAL  TENAGA KERJA KAB.PPU,R,YAMAHA,1 DY,2014,MH31DY008EJ264312,1DY264242,3/28/2026,3/28/2030,DINAS SOSIAL,BAIK,AKTIF,TERCATAT DI BKAD
KTV  3068,KTVP 3525,"DINAS PENDIDIKAN, PEMUDA DAN OLAHRAGA",DISDIKPORA,R,YAMAHA,55S (T135SEC),2012,MH355S002CK076765,55S-076773,6/5/2026,6/5/2027,DISDIKPORA,BAIK,AKTIF,TIDAK ADA KETERANGAN
KTV  3079,KTVP 4078,DINAS PEKERJAAN UMUM DAN PENATAAN RUANG,DINAS PEKERJAAN UMUM,R,HONDA,GL160 D,2010,MH1KC1111AK265006,KC11E-1266589,8/6/2026,8/6/2030,DINAS PU DAN PENATAAN RUANG,BAIK,AKTIF,TERCATAT DI BKAD
KTV  3080,KTVP 3424,DINAS PEKERJAAN UMUM DAN PENATAAN RUANG,DINAS PEKERJAAN UMUM KAB.PPU,R,HONDA,GL15B1DF MT,2015,MH1KC5216FK258601,KC52E-1255655X,9/22/2026,9/22/2030,DINAS PU DAN PENATAAN RUANG,BAIK,AKTIF,TERCATAT DI BKAD
KTV  3081,KTVP 3423,DINAS PEKERJAAN UMUM DAN PENATAAN RUANG,DINAS PEKERJAAN UMUM KAB.PPU,R,HONDA,NF12A1CF MT,2015,MH1JBG117FK190580,JBG1E-1188193X,9/22/2026,9/22/2030,DINAS PU DAN PENATAAN RUANG,BAIK,AKTIF,TERCATAT DI BKAD
KTV  3082,KTV- 3082,DINAS PERTANIAN,DP3K,R,YAMAHA,3C1 (V-IXION/FZ150),2012,MH33C1005CK852644,3C1-853427,5/23/2027,5/23/2027,DINAS PERTANIAN,RUSAK BERAT,TIDAK AKTIF,TERCATAT DI BKAD
KTV  3085,KTVP 3426,DINAS PEKERJAAN UMUM DAN PENATAAN RUANG,DINAS PEKERJAAN UMUM KAB.PPU,R,HONDA,GL15B1DF MT,2015,MH1KC5214FK249539,KC52E-1247323X,9/22/2026,9/22/2030,DINAS PU DAN PENATAAN RUANG,BAIK,AKTIF,TERCATAT DI BKAD
KTV  3089,KTVP 3428,DINAS PEKERJAAN UMUM DAN PENATAAN RUANG,DINAS PEKERJAAN UMUM KAB.PPU,R,HONDA,NF12A1CF MT,2015,MH1JBG112FK182130,JBG1E-1178837,9/22/2026,9/22/2030,DINAS PU DAN PENATAAN RUANG,BAIK,AKTIF,TERCATAT DI BKAD
KTV  3090,KTVP 3412,"DINAS PENDIDIKAN, PEMUDA DAN OLAHRAGA",DINAS PENDIDIKAN PEMUDA DAN OLAHRAGA PPU,R,YAMAHA,1 PA,2015,MH31PA004FK889634,1PA892527,9/10/2026,9/10/2030,DISDIKPORA,BAIK,AKTIF,TIDAK ADA KETERANGAN
KTV  3091,KTVP 3418,"DINAS PENDIDIKAN, PEMUDA DAN OLAHRAGA",DINAS PENDIDIKAN PEMUDA DAN OLAHRAGA PPU,R,YAMAHA,SE 88,2015,MH3SE8810FJ345326,E3R2E-036670,9/10/2026,9/10/2030,DISDIKPORA,BAIK,AKTIF,TIDAK ADA KETERANGAN
KTV  3092,KTVP 3415,"DINAS PENDIDIKAN, PEMUDA DAN OLAHRAGA",DINAS PENDIDIKAN PEMUDA DAN OLAHRAGA PPU,R,YAMAHA,1PA,2015,MH31PA004FK871340,1PA870610,9/10/2026,9/10/2030,DISDIKPORA,BAIK,AKTIF,TIDAK ADA KETERANGAN
KTV  3105,KTVP 3425,DINAS PEKERJAAN UMUM DAN PENATAAN RUANG,DINAS PEKERJAAN UMUM KAB. PPU,R,HONDA,NF12A1CF MT,2015,MH1JBG117FK190482,JBG1E1188020,9/22/2026,9/22/2030,DINAS PU DAN PENATAAN RUANG,BAIK,AKTIF,TERCATAT DI BKAD
KTV  3106,KTVP 3427,DINAS PEKERJAAN UMUM DAN PENATAAN RUANG,DINAS PEKERJAAN UMUM KAB. PPU,R,HONDA,GL15C21A07 MT,2015,MH1KC6112FK039061,KC61E1068885,9/22/2026,9/22/2030,DINAS PU DAN PENATAAN RUANG,BAIK,AKTIF,TERCATAT DI BKAD
KTV  3107,KTVP 4071,"DINAS PENDIDIKAN, PEMUDA DAN OLAHRAGA",DISDIKPORA,R,HONDA,NF 11B1D MT,2009,MH1JBC1189K226516,JBC1E-1221289,2/11/2026,2/11/2030,DISDIKPORA,BAIK,AKTIF,TIDAK ADA KETERANGAN
KTV  3108,KTVP 4086,"DINAS KOPERASI, UKM, PERINDUSTRIAN DAN PERDAGANGAN",DINAS KOP UKM PERINDUSTRIAN,R,HONDA,GL160 D,2010,MH1KC1217AK255482,KC12E-1253408,9/27/2026,9/27/2030,DISKUKMPERINDAG,BAIK,AKTIF,TERCATAT DI BKAD
KTV  3114, ,SEKRETARIAT DAERAH,SEKRETARIAT DAERAH KABUPATEN PENAJAM PAS,R,YAMAHA,BTE A/T,2025,MH3SG9310SJ135750,G3V5E0381392,9/26/2026,9/26/2030,SEKRETARIAT DAERAH,BAIK,AKTIF,TERCATAT DI BKAD
KTV  3115, ,SEKRETARIAT DAERAH,SEKRETARIAT DAERAH KABUPATEN PENAJAM PAS,R,YAMAHA,BTE A/T,2025,MH3SG9310SJ075896,G3V5E0184457,9/26/2026,9/26/2030,SEKRETARIAT DAERAH,BAIK,AKTIF,TERCATAT DI BKAD
KTV  3119,KTVP 4543,DINAS PERTANIAN,DP3K KAB. PENAJAM PASER UTARA,R,HONDA,NF 11B1D MT,2010,MH1JBC210AK403157,JBC2E-1392764,10/4/2026,10/4/2030,DINAS PERTANIAN,BAIK,AKTIF,TERCATAT DI BKAD
KTV  3120,KTVP 4097,KELURAHAN WARU,KANTOR KEL. WARU,R,HONDA,NF 11B1D MT,2010,MH1JBC114AK760195,JBC1E-1760626,9/27/2026,9/27/2030,KELURAHAN WARU,BAIK,AKTIF,TERCATAT DI BKAD
KTV  3122,KTVP 4166,"DINAS PENDIDIKAN, PEMUDA DAN OLAHRAGA",DISDIKPORA,R,HONDA,NF 11B1D MT,2010,MH1JBC114AK787039,JBC1E-1785108,9/27/2026,9/27/2030,DISDIKPORA,BAIK,AKTIF,TIDAK ADA KETERANGAN
KTV  3150,KTV- 3150,DINAS KESEHATAN,DINAS KESEHATAN,R,YAMAHA,5D9 (VEGA ZR),2012,MH35D9205CJ715032,5D9-1715013,11/23/2026,11/23/2027,DINAS KESEHATAN PKM SEPAKU III,BAIK,AKTIF,TERCATAT DI BKAD
KTV  3153,KTVP 4575,PENGELOLA (BKAD),DPK KAB. PENAJAM PASER UTARA,R,HONDA,GL160 D,2009,MH1KC11199K235733,KC11E-1237804,10/4/2026,10/4/2030,PENGELOLA,BAIK,AKTIF,TERCATAT DI BKAD
KTV  3157, ,DINAS LINGKUNGAN HIDUP,KANTOR DINAS LINGKUNGAN HIDUP,R,VIAR,V 30 R M/T,2025,MGRVR30TASL300081,YX300FMG24301353,10/28/2026,10/28/2030,DINAS LINGKUNGAN HIDUP,BAIK,AKTIF,TIDAK ADA KETERANGAN
KTV  3159, ,DINAS LINGKUNGAN HIDUP,KANTOR DINAS LIMGKUNGAN HIDUP,R,VIAR,V 30 R M/T,2025,MGRVR30TASL300084,YX300FMG24301382,10/28/2026,10/28/2030,DINAS LINGKUNGAN HIDUP,BAIK,AKTIF,TIDAK ADA KETERANGAN
KTV  3160, ,DINAS LINGKUNGAN HIDUP,KANTOR DINAS LINGKUNGA HIDUP,R,VIAR,V 30 R M/T,2025,MGRVR30TASL300237,YX300FMG25300131,10/28/2026,10/28/2030,DINAS LINGKUNGAN HIDUP,BAIK,AKTIF,TIDAK ADA KETERANGAN
KTV  3161, ,DINAS LINGKUNGAN HIDUP,KANTOR DINAS LINGKUNGAN HIDUP,R,VIAR,V 30 R M/T,2025,MGRVR30TASL300083,YX300FMG24301365,10/28/2026,10/28/2030,DINAS LINGKUNGAN HIDUP,BAIK,AKTIF,TIDAK ADA KETERANGAN
KTV  3163,KTVP 4098,DINAS PEKERJAAN UMUM DAN PENATAAN RUANG,DINAS KOP UKM PERINDUSTRIAN DAN PERDAGAN,R,HONDA,NF 11B1D MT,2010,MH1JBC211AK403264,JBC2E-1392571,9/27/2026,9/27/2030,DINAS PU DAN PENATAAN RUANG,BAIK,AKTIF,TERCATAT DI BKAD
KTV  3164,KTVP 4173,DINAS PEKERJAAN UMUM DAN PENATAAN RUANG,DINAS PEKERJAAN UMUM DAN PENATAAN RUANG,R,KAWASAKI,LX150G,2020,MH4LX150GLJP83132,LX150CEWJ2718,12/22/2026,12/22/2030,DINAS PU DAN PENATAAN RUANG,BAIK,AKTIF,TERCATAT DI BKAD
KTV  3165,KTVP 4170,DINAS PEKERJAAN UMUM DAN PENATAAN RUANG,DINAS PEKERJAAN UMUM DAN PENATAAN RUANG,R,KAWASAKI,LX150G,2020,MH4LX150GLJP85463,LX150CEWM3206,12/22/2026,12/22/2030,DINAS PU DAN PENATAAN RUANG,BAIK,AKTIF,TERCATAT DI BKAD
KTV  3166,KTVP 4171,DINAS PEKERJAAN UMUM DAN PENATAAN RUANG,DINAS PEKERJAAN UMUM DAN PENATAAN RUANG,R,KAWASAKI,LX150G,2020,MH4LX150GLJP85400,LX150CEWM2982,12/22/2026,12/22/2030,DINAS PU DAN PENATAAN RUANG,BAIK,AKTIF,TERCATAT DI BKAD
KTV  3169,KTVP 4064,BADAN KESATUAN BANGSA DAN POLITIK,KANTOR KESBANGLINMAS,R,HONDA,NC11A2CB AT,2009,MH1JF31129KO28129,JF31E-0028147,3/22/2027,3/22/2030,BADAN KESATUAN BANGSA DAN POLITIK,RUSAK BERAT,TIDAK AKTIF,TERCATAT DI BKAD
KTV  3170,KTVP 4085,BADAN KESATUAN BANGSA DAN POLITIK,BEND. PENGELUARAN KANTOR KESBANGLINMAS,R,HONDA,NF 11B1D MT,2010,MH1JBC218AK431272,JBC2E-1419461,7/30/2026,7/30/2030,BADAN KESATUAN BANGSA DAN POLITIK,BAIK,AKTIF,TERCATAT DI BKAD
KTV  3171,KTVP 4084,BADAN KESATUAN BANGSA DAN POLITIK,BEND. PENGELUARAN KANTOR KESBANGLINMAS,R,HONDA,NC11B3C AT,2010,MH1JF5111AK143935,JF51E-1139108,7/30/2026,7/30/2030,BADAN KESATUAN BANGSA DAN POLITIK,BAIK,AKTIF,TERCATAT DI BKAD
KTV  3172,KTVP 3431,SEKRETARIAT DAERAH,SEKRETARIAT DAERAH,R,YAMAHA,SE 88,2015,MH3SE8810FJ192665,E3R2E0197900,11/11/2026,11/11/2030,SEKKAB PPU,BAIK,AKTIF,TIDAK ADA KETERANGAN
KTV  3173,KTVP 3438,KELURAHAN NENANG,KELURAHAN NENANG,R,YAMAHA,UE11 (CAST WHEEL),2015,MH3UE1120FJ048787,E3R5E-0050695,12/3/2026,12/3/2030,KELURAHAN NENANG,BAIK,AKTIF,TIDAK ADA KETERANGAN
KTV  3174,KTVP 3440,KELURAHAN NENANG,KELURAHAN NENANG,R,YAMAHA,UE11 (CAST WHEEL),2015,MH3UE1120FJ048805,E3R5E-0050713,12/3/2026,12/3/2030,KELURAHAN NENANG,BAIK,AKTIF,TIDAK ADA KETERANGAN
KTV  3175,KTVP 3442,KELURAHAN NENANG,KELURAHAN NENANG,R,YAMAHA,UE11 (CAST WHEEL),2015,MH3UE1120FJ048245,E3R5E-0050155,12/3/2026,12/3/2030,KELURAHAN NENANG,BAIK,AKTIF,TIDAK ADA KETERANGAN
KTV  3176,KTVP 3441,KELURAHAN NENANG,KELURAHAN NENANG,R,YAMAHA,UE11 (CAST WHEEL),2015,MH3UE1120FJ049697,E3R5E-0051601,12/3/2026,12/3/2030,KELURAHAN NENANG,BAIK,AKTIF,TIDAK ADA KETERANGAN
KTV  3177,KTVP 3436,"DINAS KOPERASI, UKM, PERINDUSTRIAN DAN PERDAGANGAN","DINAS KOPERASI,UKM,PERINDUSTRIAN DAN PER",R,KAISAR,TRISEDA (RODA 3),2015,MGDT15MKTFJ000133,162MJE2239095,11/27/2026,11/27/2030,DISKUKMPERINDAG,RUSAK BERAT,TIDAK AKTIF,TERCATAT DI BKAD
KTV  3178,KTVP 4096,"DINAS PENDIDIKAN, PEMUDA DAN OLAHRAGA",DISDIKPORA,R,HONDA,NF 11B1D M/T,2010,MH1JBC115AK794968,JBC1E-1789789,9/27/2026,9/27/2030,DISDIKPORA,BAIK,AKTIF,TIDAK ADA KETERANGAN
KTV  3179,KTVP 3435,SEKRETARIAT DAERAH,SEKRETARIAT DAERAH,R,YAMAHA,2UP,2015,MH3RG1910FK007195,G3E8E0007189,11/20/2026,11/20/2030,SEKRETARIAT DAERAH,BAIK,AKTIF,TERCATAT DI BKAD
KTV  3180,KTVP 3454,SEKRETARIAT DAERAH,SEKRETARIAT DAERAH,R,YAMAHA,SE 88,2015,MH3SE8810FJ432139,E3R2E0466324,12/28/2026,12/28/2030,SEKRETARIAT DAERAH,BAIK,AKTIF,TERCATAT DI BKAD
KTV  3181,KTVP 4129,SEKRETARIAT DAERAH,SEKRETARIAT DAERAH PENAJAM PASER UTARA,R,SUZUKI,FL 125 RCD,2010,MH8BF45DAAJ295576,F496-ID-367395,12/29/2026,12/29/2030,SEKRETARIAT DAERAH,BAIK,AKTIF,TERCATAT DI BKAD
KTV  3182,KTVP 4143,SEKRETARIAT DAERAH,SEKRETARIAT DAERAH PENAJAM PASER UTARA,R,SUZUKI,FL 125 RCD,2010,MH8BF45DAAJ310730,F496-ID-384741,12/29/2026,12/29/2030,SEKRETARIAT DAERAH,BAIK,AKTIF,TERCATAT DI BKAD
KTV  3183,KTVP 4107,DINAS PERTANIAN,DP3K,R,HONDA,NF 11A1C MT,2010,MH1JBB114AK291801,JBB1E-1281925,11/10/2026,11/10/2030,DINAS PERTANIAN,BAIK,AKTIF,TERCATAT DI BKAD
KTV  3184,KTVP 4087,BADAN KEPEGAWAIAN DAN PENGEMBANGAN SUMBER DAYA MANUSIA,DP3K,R,HONDA,GL160 D,2010,MH1KC1116AK256172,KC11E-1257790,11/10/2026,11/10/2030, BADAN KEPEGAWAIAN DAN PENGEMBANGAN SUMBER DAYA MANUSIA,BAIK,AKTIF,TERCATAT DI BKAD
KTV  3203,KTVP 4109,SATUAN POLISI PAMONG PRAJA,SATUAN POLISI PAMONG PRAJA KABUPATEN PEN,R,HONDA,T4G02T31L0 M/T,2020,MH1KD1110LK160747,KD11E-1160053,11/9/2026,11/9/2030,SATPOL PP,BAIK,AKTIF,TERCATAT DI BKAD
KTV  3204,KTVP 4115,SATUAN POLISI PAMONG PRAJA,SATUAN POLISI PAMONG PRAJA KABUPATEN PEN,R,HONDA,T4G02T31L0 M/T,2020,MH1KD1118LK160267,KD11E-1159601,11/9/2026,11/9/2030,SATPOL PP,BAIK,AKTIF,TERCATAT DI BKAD
KTV  3205,KTVP 4113,SATUAN POLISI PAMONG PRAJA,SATUAN POLISI PAMONG PRAJA KABUPATEN PEN,R,HONDA,T4G02T31L0 MT,2020,MH1KD1118LK160754,KD11E-1160056,11/9/2026,11/9/2030,SATPOL PP,BAIK,AKTIF,TERCATAT DI BKAD
KTV  3206,KTVP 4110,SATUAN POLISI PAMONG PRAJA,SATUAN POLISI PAMONG PRAJA KABUPATEN PEN,R,HONDA,T4G02T31L0 MT,2020,MH1KD1116LK159800,KD11E-1158396,11/9/2026,11/9/2030,SATPOL PP,BAIK,AKTIF,TERCATAT DI BKAD
KTV  3207,KTVP 4112,SATUAN POLISI PAMONG PRAJA,SATUAN POLISI PAMONG PRAJA KABUPATEN PEN,R,HONDA,T4G02T31L0 M/T,2020,MH1KD1119LK160293,KD11E-1159591,11/9/2026,11/9/2030,SATPOL PP,BAIK,AKTIF,TERCATAT DI BKAD
KTV  3208,KTVP 3452,DINAS PENANAMAN MODAL DAN PELAYANAN TERPADU SATU PINTU,BP2TPM,R,YAMAHA,2 TP,2015,MH3RG1810FK140600,G3E7E0141590,12/28/2026,12/28/2030,DINAS PENANAMAN MODAL DAN PELAYANAN TERPADU SATU PINTU ,BAIK,AKTIF,TERCATAT DI BKAD
KTV  3209,KTVP 3453,DINAS PENANAMAN MODAL DAN PELAYANAN TERPADU SATU PINTU,BP2TPM,R,YAMAHA,2SX,2015,MH3SE9010FJ142651,E3R4E0162546,12/28/2026,12/28/2030,DINAS PENANAMAN MODAL DAN PELAYANAN TERPADU SATU PINTU ,BAIK,AKTIF,TERCATAT DI BKAD
KTV  3210,KTVP 4060,KECAMATAN SEPAKU,KANTOR KECAMATAN SEPAKU,R,HONDA,NF 11B1D MT,2010,MH1JBC115AK787258,JBC1E-1785256,5/12/2026,5/12/2030,KECAMATAN SEPAKU,BAIK,AKTIF,TIDAK ADA KETERANGAN
KTV  3211,KTVP 4116,DINAS LINGKUNGAN HIDUP,KANTOR LINGKUNGAN HIDUP KAB. PPU,R,HONDA,GL160 D,2010,MH1KC1219AK255631,KC-12E-1253502,12/30/2026,12/30/2030,DINAS LINGKUNGAN HIDUP,BAIK,AKTIF,TERCATAT DI BKAD
KTV  3212,KTVP 3449,DINAS LINGKUNGAN HIDUP,DINAS KEBERSIHAN PERTAMANAN DAN PEMAKAMA,R,YAMAHA,2 TP,2015,MH3RG1810FK125238,G3E7E0126246,12/18/2026,12/18/2030,DINAS LINGKUNGAN HIDUP,BAIK,AKTIF,TERCATAT DI BKAD
KTV  3213,KTVP 4117,DINAS LINGKUNGAN HIDUP,KANTOR LINGKUNGAN HIDUP KAB. PPU,R,HONDA,NF125 TR,2010,MH1JB912XAK137028,JB91E-2130763,12/30/2026,12/30/2030,DINAS LINGKUNGAN HIDUP,BAIK,AKTIF,TERCATAT DI BKAD
KTV  3214,KTVP 3448,DINAS LINGKUNGAN HIDUP,DINAS KEBERSIHAN PERTAMANAN DAN PEMAKAMA,R,YAMAHA,2 TP,2015,MH3RG1810FK125581,G3E7E0127558,12/18/2026,12/18/2030,DINAS LINGKUNGAN HIDUP,BAIK,AKTIF,TERCATAT DI BKAD
KTV  3215,KTVP 4136,DINAS PEKERJAAN UMUM DAN PENATAAN RUANG,DINAS PEKERJAAN UMUM,R,YAMAHA,1S7 JUPITER-MX 135 cc,2010,MH31S7006AK630937,1S7-630988,12/23/2026,12/23/2030,DINAS PU DAN PENATAAN RUANG,BAIK,AKTIF,TERCATAT DI BKAD
KTV  3216,KTVP 4077,DINAS PEKERJAAN UMUM DAN PENATAAN RUANG,DINAS PEKERJAAN UMUM,R,HONDA,GL160 D,2010,MH1KC1116AK267351,KC11E-1268803,8/6/2026,8/6/2030,DINAS PU DAN PENATAAN RUANG,BAIK,AKTIF,TERCATAT DI BKAD
KTV  3218,KTVP 4139,DINAS PEKERJAAN UMUM DAN PENATAAN RUANG,DINAS PEKERJAAN UMUM,R,YAMAHA,1S7 JUPITER-MX 135 cc,2010,MH31S7006AK631393,1S7-631295,12/23/2026,12/23/2030,DINAS PU DAN PENATAAN RUANG,BAIK,AKTIF,TERCATAT DI BKAD
KTV  3219,KTVP 4172,DINAS PEKERJAAN UMUM DAN PENATAAN RUANG,DINAS PEKERJAAN UMUM DAN PENATAAN RUANG,R,KAWASAKI,LX150G,2020,MH4LX150GLJP85401,LX150CEWM2979,12/22/2026,12/22/2030,DINAS PU DAN PENATAAN RUANG,BAIK,AKTIF,TERCATAT DI BKAD
KTV  3220,KTVP 3447,DINAS PEKERJAAN UMUM DAN PENATAAN RUANG,DINAS PEKERJAAN UMUM,R,YAMAHA,2 TP,2015,MH3RG1810FK140909,G3E7E0140712,12/14/2026,12/14/2030,DINAS PU DAN PENATAAN RUANG,BAIK,AKTIF,TERCATAT DI BKAD
KTV  3221,KTVP 4138,DINAS PEKERJAAN UMUM DAN PENATAAN RUANG,DINAS PEKERJAAN UMUM,R,HONDA,GL160 D,2009,MH1KC12119K189118,KC12E-1188676,12/2/2026,12/2/2030,DINAS PU DAN PENATAAN RUANG,BAIK,AKTIF,TERCATAT DI BKAD
KTV  3226,KTVP 4134,DINAS PEKERJAAN UMUM DAN PENATAAN RUANG,DINAS KEHUTANAN DAN PERKEBUNAN KAB. PPU,R,HONDA,GL 15 A1 RR MT,2010,MH1KC3115AK027669,KC31E-1027716,12/21/2026,12/21/2030,DINAS PU DAN PENATAAN RUANG,BAIK,AKTIF,TERCATAT DI BKAD
KTV  3228,KTVP 3432,SEKRETARIAT DAERAH,SEKRETARIAT DAERAH,R,YAMAHA,2UP,2015,MH3RG1910FK007183,G3E8E0007114,11/20/2026,11/20/2030,SEKRETARIAT DAERAH,BAIK,AKTIF,TERCATAT DI BKAD
KTV  3236,KTVP 3439,DINAS KEBUDAYAAN DAN PARIWISATA,KELURAHAN NENANG,R,YAMAHA,UE11 CAST WHEEL,2015,MH3UE1120FJ048680,E3R5E0050586,12/3/2026,12/3/2030,DINAS KEBUDAYAAN DAN PARIWISATA,BAIK,AKTIF,TERCATAT DI BKAD
KTV  3239,KTVP 4142,INSPEKTORAT DAERAH,INSPEKTORAT KAB. PPU,R,HONDA,GL 15 A1 RR MT,2010,MH1KC3112AK028763,KC31E-1028808,1/12/2027,1/12/2031,INSPEKTORAT DAERAH,BAIK,AKTIF,TERCATAT DI BKAD
KTV  3242,KTVP 4148,BADAN KEUANGAN DAN ASET DAERAH,SEKRETARIAT DAERAH PENAJAM PASER UTARA,R,SUZUKI,FL 125 RCD,2010,MH8BF45DAAJ310380,F496-ID-384891,12/29/2026,12/29/2030,BADAN KEUANGAN DAN ASET DAERAH,BAIK,AKTIF,TERCATAT DI BKAD
KTVP 4099,KTV- 2874,"DINAS KOPERASI, UKM, PERINDUSTRIAN DAN PERDAGANGAN",DINAS KOP UKM PERINDUSTRIAN DAN PERDAGAN,R,HONDA,GL160 D,2010,MH1KC1214AK258159,KC12E-1256039,9/27/2025,9/27/2025,DINAS KOPERASI & UKM,BAIK,AKTIF,TIDAK ADA KETERANGAN
KTV  3254,KTVP 3749,DINAS KOMUNIKASI DAN INFORMATIKA,DINAS PERHUBUNGAN KEBUDAYAAN PARIWISATA,R,SUZUKI,FL 125 RCD,2010,MH8BF45DAAJ308261,F496-ID-382567,12/29/2026,12/29/2030,"DINAS KOMUNIKASI DAN INFORMATIKA, STATISTIK DAN PERSANDIAN",BAIK,AKTIF,TERCATAT DI BKAD
KTV  3255,KTVP 4146,DINAS KOMUNIKASI DAN INFORMATIKA,DINAS PERHUBUNGAN KEBUDAYAAN PARIWISATA,R,SUZUKI,FL 125 RCD,2010,MH8BF45DAAJ308317,F496-ID-382730,12/29/2026,12/29/2030,"DINAS KOMUNIKASI DAN INFORMATIKA, STATISTIK DAN PERSANDIAN",BAIK,AKTIF,TERCATAT DI BKAD
KTV  3256,KTVP 3463,SEKRETARIAT DAERAH,RUTIN SEKRETARIAT DAERAH KAB.PPU,R,YAMAHA,SE88,2015,MH3SE8810FJ289684,E3R2E0304654,1/11/2027,1/11/2031,SEKRETARIAT DAERAH,BAIK,AKTIF,TERCATAT DI BKAD
KTV  3257,KTVP 3462,SEKRETARIAT DAERAH,RUTIN SEKRETARIAT DAERAH KAB.PPU,R,YAMAHA,SE 88,2015,MH3SE8810FJ382959,E3R2E0406962,1/11/2027,1/11/2031,SEKRETARIAT DAERAH,BAIK,AKTIF,TERCATAT DI BKAD
KTV  3260,KTV- 3260,PENGELOLA (BKAD),KANTOR LURAH JENEBORA,R,KAWASAKI,LX150D (D TRACKER),2012,MH4LX150DCKP15067,LX150CEP97046,1/17/2025,1/17/2023,PENGELOLA,RUSAK BERAT,TIDAK AKTIF,LELANG
KTV  3261,KTVP 4081,"DINAS PENDIDIKAN, PEMUDA DAN OLAHRAGA",DISDIKPORA PPU,R,HONDA,NF 11B1D MT,2009,MH1JBC11X9K180526,JBC1E-1180731,2/11/2027,2/11/2030,DISDIKPORA,BAIK,AKTIF,TERCATAT DI BKAD
KTV  3264,KTVP 3417,"DINAS PENDIDIKAN, PEMUDA DAN OLAHRAGA",DINAS PENDIDIKAN PEMUDA DAN OLAHRAGA PPU,R,YAMAHA,1 PA,2015,MH31PA004FK868055,1PA867639,9/10/2026,9/10/2030,DISDIKPORA,BAIK,AKTIF,TIDAK ADA KETERANGAN
KTV  3265,KTVP 4145,"DINAS PERUMAHAN, KAWASAN PERMUKIMAN DAN PERTANAHAN",SEKRETARIAT DAERAH,R,YAMAHA,2UP,2015,MH3RG1910FK007188,G3E8E0007198,11/20/2026,11/20/2030,DINAS PERUMAHAN KAWASAN PERMUKIMAN DAN PERTAMANAN,BAIK,AKTIF,TERCATAT DI BKAD
KTV  3266, ,"DINAS KOPERASI, UKM, PERINDUSTRIAN DAN PERDAGANGAN","DINAS KOPERASI, UKM, PERINDUSTRIAN DAN P",R,HONDA,H1B02N42L1 A/T,2025,MH1JMF114SK346573,JMF1E1346394,12/19/2026,12/19/2030,DISKUKMPERINDAG,BAIK,AKTIF,TERCATAT DI BKAD
KTV  3267,KTVP 3416,"DINAS PENDIDIKAN, PEMUDA DAN OLAHRAGA",DINAS PENDIDIKAN PEMUDA DAN OLAHRAGA PPU,R,YAMAHA,1 PA,2015,MH31PA004FK868079,1PA867483,9/10/2026,9/10/2030,DISDIKPORA,BAIK,AKTIF,TIDAK ADA KETERANGAN
KTV  3268,KTVP 4214,"DINAS PENDIDIKAN, PEMUDA DAN OLAHRAGA",DINAS PENDIDIKAN PEMUDA DAN OLAHRAGA,R,HONDA,NF 11B1D M/T,2010,MH1JBC126AK013626,JBC1E-2021431,1/19/2027,1/19/2031,DISDIKPORA,BAIK,AKTIF,TERCATAT DI BKAD
KTV  3269,KTVP 3675,DINAS PERTANIAN,DINAS KEHUTANAN DAN PERKEBUNAN KAB. PPU,R,HONDA,NF125 TR,2010,MH1JB9120AK022096,JB91E-2013609,12/21/2026,12/21/2030,DINAS PERTANIAN,BAIK,AKTIF,TIDAK ADA KETERANGAN
KTV  3614,KTVP 4188,"DINAS PENDIDIKAN, PEMUDA DAN OLAHRAGA",DINAS PENDIDIKAN PEMUDA DAN OLAHRAGA,R,HONDA,NF 11B1D MT,2010,MH1JBC125AK186392,JBC1E-1981578,1/19/2027,1/19/2031,DISDIKPORA,BAIK,AKTIF,TERCATAT DI BKAD
KTV  3624,KTVP 3464,DINAS PERTANIAN,KANTOR KET.PANGAN DAN PENYULUHAN,R,YAMAHA,2UP,2015,MH3RG1910FK007196,G3E8E0007202,1/11/2027,1/11/2031,DINAS PERTANIAN,BAIK,AKTIF,TERCATAT DI BKAD
KTV  4050,KTV- 4050,PENGELOLA (BKAD),DINAS PERTANIAN PEMKAB.P.P.U,R,HONDA,WIN (MCB),2003,MHIHABD153K028510,HABDE - 1027935,2/16/2025,2/16/2024,PENGELOLA,RUSAK BERAT,TIDAK AKTIF,TERCATAT DI BKAD
KTV  4060,KTVP 4194,DINAS PERTANIAN,DPK KAB. PPU,R,HONDA,NC110A1C AT,2010,MH1JF8110AK089514,JF81E-1092191,1/20/2027,1/20/2031,DINAS PERTANIAN,BAIK,AKTIF,TERCATAT DI BKAD
KTV  4064,KTVP 3827,"DINAS PENDIDIKAN, PEMUDA DAN OLAHRAGA",DINAS PENDIDIKAN PEMUDA DAN OLAHRAGA,R,HONDA,NF 11B1D M/T,2010,MH1JBC121AK142437,JBC1E-2147000,1/19/2027,1/19/2031,DISDIKPORA,BAIK,AKTIF,TERCATAT DI BKAD
KTV  4066,KTVP 4169,"DINAS PENDIDIKAN, PEMUDA DAN OLAHRAGA",DISDIKPORA KAB. PPU,R,HONDA,NF 11B1D MT,2010,MH1JBC120AK073658,JBC1E-2078525,1/19/2027,1/19/2031,DISDIKPORA,BAIK,AKTIF,TERCATAT DI BKAD
KTV  4131,KTVP 4240,DINAS PERTANIAN,DINAS KEHUTANAN DAN PERKEBUNAN KAB. PPU,R,KAWASAKI,LX150C (KLX 150S),2010,MH4LX150CAKP19239,LX150CEP27738,1/13/2027,1/13/2031,DINAS PERTANIAN,BAIK,AKTIF,TERCATAT DI BKAD
KTV  4139, ,"DINAS PENDIDIKAN, PEMUDA DAN OLAHRAGA",DINAS PENDIDIKAN PEMUDA DAN OLAH RAGA KA,R,YAMAHA,BEJ-C A/T,2025,MH3SEJ740SJ147585,E33WE0578109,1/28/2027,1/28/2031,DISDIKPORA,BAIK,AKTIF,TERCATAT DI BKAD
KTV  4161,KTVP 4192,DINAS PERTANIAN,DP3K KAB. PPU,R,HONDA,GL 15 A1 RR MT,2010,MH1KC311XAK014397,KC31E-1013251,1/20/2027,1/20/2031,DINAS PERTANIAN,BAIK,AKTIF,TERCATAT DI BKAD
KTV  4236,KTVP 4187,RSUD RATU AJI PUTRI BOTUNG,RSUD PPU,R,HONDA,NF 11B1D MT,2010,MH1JBC120AK163151,JBC1E-2165481,1/20/2027,1/20/2031,RSUD,BAIK,AKTIF,TIDAK ADA KETERANGAN
KTV  4303,KTV- 4303,PENGELOLA (BKAD),DINAS PERTANIAN,R,HONDA,GLP III SPORT,2005,MH1KEHL135K164054,KEHLE - 1163022,2/23/2026,2/23/2026,PENGELOLA,RUSAK BERAT,TIDAK AKTIF,TERCATAT DI BKAD
KTV  4304,KTVP 4195,RSUD RATU AJI PUTRI BOTUNG,RSUD PPU,R,HONDA,NF 11B1D M/T,2010,MH1JBC125AK163100,JBC1E-2165523,1/20/2027,1/20/2031,RSUD,BAIK,AKTIF,TIDAK ADA KETERANGAN
KTV  4305,KTVP 4215,DINAS PEKERJAAN UMUM DAN PENATAAN RUANG,DISHUTBUN KAB. PPU,R,KAWASAKI,LX150C (KLX 150S),2010,MH4LX150CAKP20711,LX150CEP31014,1/13/2027,1/13/2031,DINAS PU DAN PENATAAN RUANG,BAIK,AKTIF,TERCATAT DI BKAD
KTV  4307,KTV- 4307,PENGELOLA (BKAD),DINAS KESEHATAN,R,HONDA,NF100 SL,2006,MH1HB31186K606479,HB31E - 1607422,1/15/2026,1/15/2027,PENGELOLA,BAIK,AKTIF,TERCATAT DI BKAD
KTV  4308,KTVP 4206,"BADAN PERENCANAAN, PENELITIAN DAN PENGEMBANGAN",BAPPEDA PPU,R,HONDA,GL15A1D MT,2010,MH1KC2112AK011553,KC21E-1011532,1/12/2027,1/12/2031,"BADAN PERENCANAAN, PENELITIAN DAN PENGEMBANGAN",BAIK,AKTIF,TERCATAT DI BKAD
KTV  4309,KTV- 4309,PENGELOLA (BKAD),DINAS KESEHATAN,R,HONDA,NF100 SL,2006,MH1HB31146K606494,HB31E - 1607470,1/15/2026,1/15/2027,PENGELOLA,BAIK,AKTIF,TERCATAT DI BKAD
KTV  4310,KTVP 4204,"BADAN PERENCANAAN, PENELITIAN DAN PENGEMBANGAN",BAPPEDA PPU,R,HONDA,GL15A1D MT,2010,MH1KC2113AK009133,KC21E-1009170,1/12/2027,1/12/2031,"BADAN PERENCANAAN, PENELITIAN DAN PENGEMBANGAN",BAIK,AKTIF,TERCATAT DI BKAD
KTV  4311,KTVP 4203,"BADAN PERENCANAAN, PENELITIAN DAN PENGEMBANGAN",BAPPEDA PPU,R,HONDA,GL15A1D MT,2010,MH1KC2116AK010907,KC21E-1010760,1/12/2027,1/12/2031,"BADAN PERENCANAAN, PENELITIAN DAN PENGEMBANGAN",BAIK,AKTIF,TERCATAT DI BKAD
KTV  4316,KTVP 4205,"BADAN PERENCANAAN, PENELITIAN DAN PENGEMBANGAN",BAPPEDA PPU,R,HONDA,GL15A1D MT,2010,MH1KC2118AK009094,KC21E-1009120,1/12/2027,1/12/2031,"BADAN PERENCANAAN, PENELITIAN DAN PENGEMBANGAN",BAIK,AKTIF,TERCATAT DI BKAD
KTV  4318,KTVP 3445,KELURAHAN BULUMINUNG,KANTOR KELURAHAN BULUMINUNG,R,YAMAHA,2 TP,2015,MH3RG1810FK136428,G3E7E0138268,12/8/2026,12/8/2030,KELURAHAN BULUMINUNG,BAIK,AKTIF,TERCATAT DI BKAD
KTV  4321,KTVP 4201,"DINAS PENDIDIKAN, PEMUDA DAN OLAHRAGA",DISDIKPORA KAB. PPU,R,HONDA,NF 11B1D MT,2010,MH1JBC114AK838202,JBC1E-1839208,2/16/2027,2/16/2031,DISDIKPORA,BAIK,AKTIF,TIDAK ADA KETERANGAN
KTV  4322,KTVP 4185,DINAS PERHUBUNGAN,DINAS PERHUBUNGAN KABUPATEN PENAJAM PASE,R,YAMAHA,2DP R A/T,2020,MH3SG3192LJ009553,G3E4E2063691,1/6/2027,1/6/2031,DINAS PERHUBUNGAN,BAIK,AKTIF,TIDAK ADA KETERANGAN
KTV  4323,KTVP 4183,DINAS PERHUBUNGAN,DINAS PERHUBUNGAN KABUPATEN PENAJAM PASE,R,YAMAHA,B5D A/T,2020,MH3SEF510LJ084677,E31WE0088293,1/6/2027,1/6/2031,DINAS PERHUBUNGAN,BAIK,AKTIF,TIDAK ADA KETERANGAN
KTV  4324,KTVP 4184,DINAS PERHUBUNGAN,DINAS PERHUBUNGAN KABUPATEN PENAJAM PASE,R,YAMAHA,B5D A/T,2020,MH3SEF510LJ094258,E31WE0100753,1/6/2027,1/6/2031,DINAS PERHUBUNGAN,BAIK,AKTIF,TIDAK ADA KETERANGAN
KTV  4328,KTVP 4182,DINAS PERHUBUNGAN,DINAS PERHUBUNGAN KABUPATEN PENAJAM PASE,R,YAMAHA,B5D A/T,2020,MH3SEF510LJ094350,E31WE0100843,1/6/2027,1/6/2031,DINAS PERHUBUNGAN,BAIK,AKTIF,TIDAK ADA KETERANGAN
KTV  4329,KTVP 4211,DINAS KESEHATAN,DINAS KESEHATAN PENAJAM PASER UTARA,R,YAMAHA,T 105 ERD (VEGA DB),2005,MH34ST2105K058158,4ST-1417304,2/27/2027,2/27/2031,DINAS KESEHATAN PKM PETUNG,RUSAK BERAT,TIDAK AKTIF,TERCATAT DI BKAD
KTV  4330,KTVP 4620,DINAS KESEHATAN,DINAS KESEHATAN PENAJAM PASER UTARA,R,YAMAHA,T 105 ERD (VEGA DB),2005,MH34ST2105K055343,4ST-1414447,2/27/2027,2/27/2031,DINAS KESEHATAN PKM PENAJAM,RUSAK BERAT,TIDAK AKTIF,TERCATAT DI BKAD
KTV  4332,KTVP 4190,"DINAS PENDIDIKAN, PEMUDA DAN OLAHRAGA",DISDIKPORA KAB. PPU,R,HONDA,NF 11B1D MT,2010,MH1JBC110AK831327,JBC1E-1775142,1/19/2027,1/19/2031,DISDIKPORA,BAIK,AKTIF,TIDAK ADA KETERANGAN
KTV  4335,KTVP 4209,"DINAS PENDIDIKAN, PEMUDA DAN OLAHRAGA",DISDIKPORA KAB. PPU,R,HONDA,NF 11B1D MT,2010,MH1JBC114AK676345,JBC1E-1668724,2/16/2027,2/16/2031,DISDIKPORA,BAIK,AKTIF,TIDAK ADA KETERANGAN
KTV  4339,KTV- 4339,PENGELOLA (BKAD),DINAS PERTANIAN,R,HONDA,NF100 SL,2006,MH1HB31146K539072,HB31E - 1533845,1/15/2025,1/15/2022,PENGELOLA,RUSAK BERAT,TIDAK AKTIF,LELANG
KTV  4349,KTVP 4101,SATUAN POLISI PAMONG PRAJA,KANTOR SATPOL PP KAB. PPU,R,HONDA,NF125 TD,2010,MH1JB8118AK562281,JB81E-1557604,8/23/2027,8/23/2030,SATPOL PP,BAIK,AKTIF,TERCATAT DI BKAD
KTV  4362,KTVP 3471,SEKRETARIAT DAERAH,KANTOR SEKRETARIAT DAERAH KAB.PPU,R,KAWASAKI,LX150G,2015,MH4LX150GFJ03592,LX150CEPN6154,3/24/2027,3/24/2031,SEKRETARIAT DAERAH,BAIK,AKTIF,TERCATAT DI BKAD
KTV  4363,KTV- 4363,"DINAS PENDIDIKAN, PEMUDA DAN OLAHRAGA",PEMKAB PPU,R,HONDA,NF100 SL,2006,MH1HB31196K617572,HB31E - 1612199,1/24/2026,1/24/2027,DISDIKPORA,RUSAK BERAT,TIDAK AKTIF,TERCATAT DI BKAD
KTV  4364,KTVP 3468,SEKRETARIAT DAERAH,KANTOR SEKRETARIAT DAERAH KAB.PPU,R,KAWASAKI,LX150G,2015,MH4LX150GFJP07504,LX150CEPP4769,3/24/2027,3/24/2031,SEKRETARIAT DAERAH,RUSAK BERAT,TIDAK AKTIF,RUSAK BERAT
KTV  4369,KTVP 3470,SEKRETARIAT DAERAH,KANTOR SEKRETARIAT DARAH KAB.PPU,R,KAWASAKI,LX150F,2015,MH4LX150FFJP08414,LX150CEPR9384,3/24/2027,3/24/2031,SEKRETARIAT DAERAH,RUSAK BERAT,TIDAK AKTIF,RUSAK BERAT
KTV  4372,KTVP 3469,SEKRETARIAT DAERAH,KANTOR SEKRETARIAT DAERAH KAB.PPU,R,KAWASAKI,LX150G,2015,MH4LX150GFJP05474,LX150CEPP0457,3/24/2027,3/24/2031,SEKRETARIAT DAERAH,RUSAK BERAT,TIDAK AKTIF,RUSAK BERAT
KTV  4379,KTVP 4041,KECAMATAN BABULU,KANTOR CAMAT BABULU,R,KAWASAKI,LX150E CKD,2014,MH4LX150EEJP12550,LX150CEPJ9776,3/17/2027,3/17/2030,KECAMATAN BABULU,RUSAK BERAT,TIDAK AKTIF,TERCATAT DI BKAD
KTV  4383,KTVP 4196,"DINAS PENDIDIKAN, PEMUDA DAN OLAHRAGA",DINAS PENDIDIKAN PEMUDA DAN OLAHRAGA,R,HONDA,NF 11B1D M/T,2010,MH1JBC113AK787095,JBC1E-1783479,1/19/2027,1/19/2031,DISDIKPORA,BAIK,AKTIF,TIDAK ADA KETERANGAN
KTV  4389,KTVP 3414,"DINAS PENDIDIKAN, PEMUDA DAN OLAHRAGA",DINAS PENDIDIKAN PEMUDA DAN OLAHRAGA PPU,R,YAMAHA,1 PA,2015,MH31PA004FK829594,1PA829328,9/10/2026,9/10/2030,DISDIKPORA,BAIK,AKTIF,TIDAK ADA KETERANGAN
KTV  4390,KTVP 3895,KELURAHAN PENAJAM,KELURAHAN PENAJAM,R,YAMAHA,14D (AL115C/MIO SOUL),2011,MH314D204BK153623,14D-1153513,7/1/2027,7/1/2031,KELURAHAN PENAJAM,BAIK,AKTIF,TIDAK ADA KETERANGAN
KTV  4391,KTVP 4156,"DINAS PENDIDIKAN, PEMUDA DAN OLAHRAGA",DINAS PENDIDIKAN PEMUDA DAN OLAHRAGA,R,HONDA,NF 11B1D MT,2010,MH1JBC124AK037441,JBC1E-2039018,1/19/2027,1/19/2031,DISDIKPORA,RUSAK BERAT,TIDAK AKTIF,TERCATAT DI BKAD
KTV  4393,KTVP 4588,BADAN PENDAPATAN DAERAH,DINAS PENDAPATAN DAERAH PPU,R,HONDA,GL15A1D MT,2011,MH1KC218BK026897,KC21E-1026837,7/12/2027,7/12/2031,BADAN PENDAPATAN DAERAH,BAIK,AKTIF,TIDAK ADA KETERANGAN
KTV  4651,KTVP 3475,"DINAS PEMBERDAYAAN PEREMPUAN, PERLINDUNGAN ANAK, PENGENDALIAN PENDUDUK DAN KELUARGA BERENCANA",BENDAHARA KANTOR KB DAN PP,R,YAMAHA,1FDC CAST WHEEL,2016,MH3UE1210GJ010855,E3R8E0028559,7/15/2027,7/15/2031,"DINAS PEMBERDAYAAN PEREMPUAN, PERLINDUNGAN ANAK, PENGENDALIAN PENDUDUK & KELUARGA BERENCANA",BAIK,AKTIF,TIDAK ADA KETERANGAN
KTV  4660,KTVP 4265,BADAN KEUANGAN DAN ASET DAERAH,DINAS PENDAPATAN DAERAH PPU,R,HONDA,NF 11A1C M/T,2011,MH1JBB210BK086069,JBB2E-1089040,7/12/2027,7/12/2031,BADAN KEUANGAN DAN ASET DAERAH,BAIK,AKTIF,TIDAK ADA KETERANGAN
KTV  4745,KTVP 3476,"DINAS PEMBERDAYAAN PEREMPUAN, PERLINDUNGAN ANAK, PENGENDALIAN PENDUDUK DAN KELUARGA BERENCANA",BENDAHARA KANTOR KB DAN PP,R,YAMAHA,1FDC CAST WHEEL,2016,MH3UE1210GJ010871,E3R8E0028578,7/15/2027,7/15/2031,"DINAS PEMBERDAYAAN PEREMPUAN, PERLINDUNGAN ANAK, PENGENDALIAN PENDUDUK & KELUARGA BERENCANA",BAIK,AKTIF,TIDAK ADA KETERANGAN
KTV  4771,KTVP 3477,"DINAS PEMBERDAYAAN PEREMPUAN, PERLINDUNGAN ANAK, PENGENDALIAN PENDUDUK DAN KELUARGA BERENCANA",BENDAHARA KANTOR KB DAN PP,R,YAMAHA,1FDC CAST WHEEL,2016,MH3UE1210GJ006832,E3R8E0018105,7/15/2027,7/15/2031,"DINAS PEMBERDAYAAN PEREMPUAN, PERLINDUNGAN ANAK, PENGENDALIAN PENDUDUK & KELUARGA BERENCANA",BAIK,AKTIF,TIDAK ADA KETERANGAN
KTV  7003,KTV- 7003,PENGELOLA (BKAD),PEMKAB KAB PPU,D,ISUZU,NHR 55 E2,2009,MHCNH55EY9J028620,M028620,1/20/2025,1/20/2025,PENGELOLA,RUSAK BERAT,TIDAK AKTIF,LELANG
KTV  8046,KTV- 8046,SEKRETARIAT DAERAH,PEMKAB PENAJAM PASER UTARA,F,MITSUBISHI,STRADA CR 2.8 A SC GLX 4X4 MT,2010,MMBENKB70BD013924,4M40UAC2025,1/28/2025,1/28/2026,SEKRETARIAT DAERAH,Pinjam Pakai,TIDAK AKTIF,PINJAM PAKAI
KTV  8502,KTV- 8502,PENGELOLA (BKAD),PEMKAB PENAJAM PASER UTARA,G,TOYOTA,DYNA LONG 3.700 BU343R-TKMQSD3,2003,MHFC1JU4030008130,W04D - JJ17250,12/30/2024,12/30/2018,PENGELOLA,RUSAK BERAT,TIDAK AKTIF,LELANG
KTV- 1058,,PENGELOLA (BKAD),DINAS KESEHATAN KAB.PPU,C,TOYOTA,KIJANG INNOVA E GKMRKD,2007,MHFXW41G370024274,1TR - 6477388,1/22/2025,1/22/2023,PENGELOLA,RUSAK BERAT,TIDAK AKTIF,LELANG
KTV- 1084,KTV- 2008,PENGELOLA (BKAD),PEMKAB PENAJAM PASER UTARA,C,TOYOTA,KIJANG SUPER LF 82 LONG DIESEL,2002,MHF11LF8220049812,2L - 9776971,3/6/2025,3/6/2023,PENGELOLA,RUSAK BERAT,TIDAK AKTIF,LELANG
KTV- 1102,,PENGELOLA (BKAD),DINAS KESEHATAN PPU,F,FORD,RANGER SC BASE 2.5L (4x2) MT,2007,MNBBSBE407W687533,WLAT850131,12/19/2024,12/19/2022,PENGELOLA,RUSAK BERAT,TIDAK AKTIF,LELANG
KTV- 1120,KTV- 2025,PENGELOLA (BKAD),PEMKAB PENAJAM PASER UTARA,C,CHEVROLET,TAVERA 2.2 L MT,2002,MJBTBR30F2K210173,C22NE25066206,9/30/2024,9/30/2023,PENGELOLA,RUSAK BERAT,TIDAK AKTIF,LELANG
KTV- 1121,,RSUD RATU AJI PUTRI BOTUNG,RSUD KAB.PPU,C,TOYOTA,AVANZA 1500 S (F602RM GMSFJJ),2008,MHFM1CA4J8K016955,DBB8485,1/20/2027,1/20/2029,RSUD,BAIK,AKTIF,TERCATAT DI BKAD
KTV- 1122,,RSUD RATU AJI PUTRI BOTUNG,RSUD KAB.PPU,C,TOYOTA,AVANZA 1500 S (F602RM GMSFJJ),2008,MHFM1CA4J8K015679,DBA9840,1/20/2026,1/20/2029,RSUD,BAIK,AKTIF,TIDAK ADA KETERANGAN
KTV- 1168,,PENGELOLA (BKAD),SEKRETARIAT DPRD KAB.PPU,C,TOYOTA,KIJANG INNOVA G TGN40R-GKMDKD,2009,MHFXW41G690037832,1TR-6808778,1/22/2025,1/22/2025,PENGELOLA,RUSAK BERAT,TIDAK AKTIF,LELANG
KTVP 8159,KTVP 8043,DINAS PEKERJAAN UMUM DAN PENATAAN RUANG,BEND. PENG. DINAS PEKERJAAN UMUM KAB.PPU,F,FORD,RANGER SC BASE 2.2L (4x4) MT,2014,MNBDMBF20EW304050,P4AT1206541,8/25/2025,8/25/2025,DINAS PU DAN PENATAAN RUANG,BAIK,AKTIF,TERCATAT DI BKAD
KTV- 1211,,PENGELOLA (BKAD),KANTOR DINAS KESEHATAN PPU,F,MAZDA,BT-50 REG CAB 4X2 2.5 MT WLT HIGH,2010,MM6UNY0W4B0870336,WLAT1197640,6/23/2024,6/23/2021,PENGELOLA,RUSAK BERAT,TIDAK AKTIF,LELANG
KTVP 8544,KTV- 8550,DINAS PEKERJAAN UMUM DAN PENATAAN RUANG,DINAS PEKERJAAN UMUM KAB.PPU,G,ISUZU,NKR 71 HD E2-2,2015,MHCNKR71HFJ070385,B070385,9/28/2025,9/28/2025,DINAS PU DAN PENATAAN RUANG,BAIK,AKTIF,TERCATAT DI BKAD
KTV- 2023,,PENGELOLA (BKAD),PEMERINTAH KAB.PENAJAM PASER UTARA,C,TOYOTA,KIJANG STANDAR KF 60 SHORT,2003,MHF31KF6030021049,7K - 057249,8/21/2024,8/21/2023,PENGELOLA,RUSAK BERAT,TIDAK AKTIF,LELANG
KTV- 2028,,PENGELOLA (BKAD),PEMKAB PENAJAM PASER UTARA,C,CHEVROLET,TAVERA 2.2 L MT,2002,MJBTBR30F2K210798,C22NE25079130,9/30/2024,9/30/2018,PENGELOLA,RUSAK BERAT,TIDAK AKTIF,LELANG
KTV- 2600,,PENGELOLA (BKAD),BEND.KELURAHAN RIKO,R,HONDA,GL160 D,2008,MH1KC11148K179344,KC11E - 1181515,10/31/2024,10/31/2023,PENGELOLA,RUSAK BERAT,TIDAK AKTIF,LELANG
KTV- 2628,,PENGELOLA (BKAD),DINAS PERIKANAN DAN KELAUTAN,R,SUZUKI,EN 125 A,2008,MH8EN125A8J576379,F405 - ID - 576647,2/4/2025,2/4/2024,PENGELOLA,RUSAK BERAT,TIDAK AKTIF,LELANG
KTV- 2644,,PENGELOLA (BKAD),DINAS KESEHATAN,R,HONDA,NF100 SE,2008,MH1HB71158K555582,HB71E - 1551720,4/23/2024,4/23/2024,PENGELOLA,RUSAK BERAT,TIDAK AKTIF,LELANG
KTV- 2718,,PENGELOLA (BKAD),BEND.PENGELUARAN DISHUTBUN PPU,R,HONDA,GL160 D,2009,MH1KC12129K189497,KC12E - 1189154,9/7/2024,9/7/2019,PENGELOLA,RUSAK BERAT,TIDAK AKTIF,LELANG
KTV- 2772,,PENGELOLA (BKAD),KELURAHAN NIPAH-NIPAH,R,HONDA,NC110 D CW AT (VARIO),2009,MH1JF13109K134662,JF13E - 0133487,1/18/2025,1/18/2025,PENGELOLA,RUSAK BERAT,TIDAK AKTIF,LELANG
KTV- 2813,,PENGELOLA (BKAD),SATUAN POLISI PAMONG PRAJA KAB.PPU,R,HONDA,GL200 R,2009,MH1MC221X9K043976,MC22E-1043902,3/1/2025,3/1/2025,PENGELOLA,RUSAK BERAT,TIDAK AKTIF,LELANG
KTV- 2818,,PENGELOLA (BKAD),SATUAN POLISI PAMONG PRAJA KAB.PPU,R,HONDA,GL200 R,2009,MH1MC22129K042353,MC22E-1042427,3/1/2025,3/1/2025,PENGELOLA,RUSAK BERAT,TIDAK AKTIF,LELANG
KTV- 2844,,PENGELOLA (BKAD),DINAS PERTANIAN PPK,R,HONDA,GL160 D,2010,MH1KC1110AK253557,KC11E-1255275,7/1/2024,7/1/2025,PENGELOLA,RUSAK BERAT,TIDAK AKTIF,LELANG
KTV- 2848,,PENGELOLA (BKAD),DINAS PERTANIAN PETERNAKAN PERIKANAN&KEL,R,HONDA,GL160 D,2010,MH1KC1210AK255646,KC12E-1253553,7/15/2024,7/15/2025,PENGELOLA,RUSAK BERAT,TIDAK AKTIF,LELANG
KTV- 2865,,PENGELOLA (BKAD),KANTOR SATPOL PP KAB.PPU,R,HONDA,NF125 TD,2010,MH1JB8119AK561169,JB81E-1556559,8/23/2024,8/23/2025,PENGELOLA,RUSAK BERAT,TIDAK AKTIF,LELANG
KTV- 2922,,"DINAS PENDIDIKAN, PEMUDA DAN OLAHRAGA",DISDIKPORA KAB.PPU,R,HONDA,NF 11B1D M/T,2010,MH1JBC113AK780051,JBC1E-1752112,2/16/2021,2/16/2021,DISDIKPORA,RUSAK BERAT,TIDAK AKTIF,RUSAK BERAT
KTV- 2930,,PENGELOLA (BKAD),DINAS PENDIDIKAN PEMUDA DAN OLAHRAGA,R,HONDA,NF 11B1D M/T,2010,MH1JBC122AK037485,JBC1E-2039485,1/19/2025,1/19/2026,PENGELOLA,RUSAK BERAT,TIDAK AKTIF,LELANG
KTV- 2972,,PENGELOLA (BKAD),KANTOR KECAMATAN SEPAKU,R,HONDA,NCF 11A1CF AT,2010,MH1JBD116AK006494,JBD2E-1006599,8/23/2024,8/23/2026,PENGELOLA,RUSAK BERAT,TIDAK AKTIF,LELANG
KTV- 2975,,PENGELOLA (BKAD),KANTOR LURAH MENTAWIR,R,KAWASAKI,LX150C (KLX 150S),2011,MH4LX150CBKP27304,LX150CEP41827,6/23/2024,6/23/2026,PENGELOLA,RUSAK BERAT,TIDAK AKTIF,LELANG
KTV- 3052,,PENGELOLA (BKAD),KANTOR KECAMATAN SEPAKU,R,KAWASAKI,LX150C (KLX 150S),2011,MH4LX150CBKP38335,LX150CEP58434,2/3/2025,2/3/2027,PENGELOLA,LELANG,TIDAK AKTIF,LELANG
KTV- 3100,,PENGELOLA (BKAD),DINAS KESEHATAN PENAJAM PASER UTARA,R,SUZUKI,EN 125 (THUNDER),2006,MH8EN125A6J342223,F405 - ID - 342051,2/26/2025,2/26/2017,PENGELOLA,LELANG,TIDAK AKTIF,LELANG
KTV- 3101,,PENGELOLA (BKAD),DINAS KESEHATAN PENAJAM PASER UTARA,R,SUZUKI,EN 125 (THUNDER),2006,MH8EN125A6J342194,F405 - ID - 341956,3/22/2024,3/22/2022,PENGELOLA,RUSAK BERAT,TIDAK AKTIF,LELANG
KTV- 3128,,DINAS PERHUBUNGAN,DISHUBBUDPAR KAB.PPU,R,HONDA,CBR 250 RB (IN),2012,MLHMC4195C5011822,MC41E-2031296,8/23/2020,8/23/2022,DISHUB,RUSAK BERAT,TIDAK AKTIF,RUSAK BERAT
KTV- 4007,,PENGELOLA (BKAD),PEMKAB PENAJAM PASER UTARA,R,HONDA,WIN (MCB),2003,MH1HABD123K022809,HABDE-1023238,12/29/2024,12/29/2018,PENGELOLA,RUSAK BERAT,TIDAK AKTIF,LELANG
KTV- 4056,,PENGELOLA (BKAD),PEMKAB PENAJAM PASER UTARA,R,HONDA,WIN (MCB),2004,MH1HABD1X4K041741,HABDE-1042350,7/22/2024,7/22/2019,PENGELOLA,RUSAK BERAT,TIDAK AKTIF,LELANG
KTV- 4067,,PENGELOLA (BKAD),PEMKAB PENAJAM PASER UTARA,R,HONDA,WIN (MCB),2004,MH1HABD174K036965,HABDE-1037837,8/30/2024,8/30/2024,PENGELOLA,RUSAK BERAT,TIDAK AKTIF,LELANG
KTV- 4069,,"DINAS PENDIDIKAN, PEMUDA DAN OLAHRAGA",PEMKAB PENAJAM PASER UTARA,R,HONDA,WIN (MCB),2004,MH1HABD124K086544,HABDE-1086122,1/4/2020,1/4/2020,DISDIKPORA,TIDAK DIKETAHUI KEBERADAANYA,TIDAK AKTIF,TIDAK DIKETAHUI KEBERADAANYA
KTV- 4072,,SEKRETARIAT DAERAH,PEMKAB PENAJAM PASER UTARA,R,HONDA,WIN (MCB),2004,MH1HABD164K084599,HABDE-1084047,1/4/2020,1/4/2020,PEMKAB PPU,RUSAK BERAT,TIDAK AKTIF,RUSAK BERAT
KTV- 4076,,PENGELOLA (BKAD),KANTOR PERIKANAN DAN KELAUTAN,R,HONDA,GLP III (MEGA PRO),2005,MHIKEHL125K116416,KEHLE - 1115448,2/21/2020,2/21/2020,PENGELOLA,RUSAK BERAT,TIDAK AKTIF,LELANG
KTV- 4306,,PENGELOLA (BKAD),KANTOR PERIKANAN DAN KELAUTAN,R,HONDA,GL160 D,2006,MH1KC12126K007423,KC12E - 1007372,1/15/2025,1/15/2027,PENGELOLA,RUSAK BERAT,TIDAK AKTIF,LELANG
KTV- 4312,,PENGELOLA (BKAD),DINAS KESEHATAN,R,HONDA,NF100 SL,2006,MH1HB31126K622483,HB31E - 1621702,1/15/2025,1/15/2017,PENGELOLA,RUSAK BERAT,TIDAK AKTIF,LELANG
KTV- 4313,,PENGELOLA (BKAD),DINAS KESEHATAN,R,HONDA,NF100 SL,2006,MH1HB31166K622566,HB31E - 1609466,1/15/2025,1/15/2027,PENGELOLA,RUSAK BERAT,TIDAK AKTIF,LELANG
KTV- 4325,,PENGELOLA (BKAD),DINAS PERTANIAN,R,HONDA,GL160 D,2006,MH1KC111X6K036699,KC11E - 1036873,1/15/2025,1/15/2027,PENGELOLA,RUSAK BERAT,TIDAK AKTIF,LELANG
KTV- 4326,,DINAS PERTANIAN,DINAS PERTANIAN,R,HONDA,GL160 D,2006,MHIKC11166K039647,KC11E - 1040052,1/15/2027,1/15/2027,DINAS PERTANIAN,RUSAK BERAT,TIDAK AKTIF,TERCATAT DI BKAD
KTV- 4367,,SEKRETARIAT DAERAH,PEMKAB PPU,R,HONDA,NF100 SL,2006,MH1HB31176K499764,HB31E - 1497653,1/24/2026,1/24/2022,PEMKAB PPU,BAIK,AKTIF,TIDAK ADA KETERANGAN
KTV- 4370,,"DINAS PENDIDIKAN, PEMUDA DAN OLAHRAGA",PEMKAB PPU,R,HONDA,NF100 SL,2006,MH1HB31176K289004,HB31E - 1282803,1/24/2021,1/24/2022,DISDIKPORA,RUSAK BERAT,TIDAK AKTIF,RUSAK BERAT
KTVP 8545,KTV- 8547,DINAS PEKERJAAN UMUM DAN PENATAAN RUANG,DINAS PEKERJAAN UMUM KAB.PPU,G,ISUZU,NKR 71 HD E2-2,2015,MHCNKR71HFJ070391,B070391,9/28/2025,9/28/2025,DINAS PU DAN PENATAAN RUANG,BAIK,AKTIF,TERCATAT DI BKAD
KTV- 4384,,SEKRETARIAT DAERAH,PEMKAB PPU,R,HONDA,NF100 SL,2006,MH1HB31146K508307,HB31E - 1516422,1/24/2026,1/24/2027,PEMKAB PPU,BAIK,AKTIF,TIDAK ADA KETERANGAN
KTV- 4394,,PENGELOLA (BKAD),DINAS KESEHATAN,R,HONDA,NF100 SLD,2006,MH1HB41126K767481,HB41E - 1763571,3/26/2024,3/26/2022,PENGELOLA,RUSAK BERAT,TIDAK AKTIF,LELANG
KTV- 4397,,PENGELOLA (BKAD),DINAS KESEHATAN,R,HONDA,NF100 SLD,2006,MH1HB41186K767484,HB41E - 1763575,4/5/2024,4/5/2022,PENGELOLA,LELANG,TIDAK AKTIF,LELANG
KTV- 4398,,PENGELOLA (BKAD),DINAS KESEHATAN,R,HONDA,NF100 SL,2006,MH1HB31106K238606,HB31E - 1238564,4/19/2024,4/19/2022,PENGELOLA,LELANG,TIDAK AKTIF,LELANG
KTV- 5106,,PENGELOLA (BKAD),DINAS KESEHATAN PENAJAM PASER UTARA,R,YAMAHA,T 105 ERD (VEGA DB),2005,MH34ST2105K058147,4ST - 1413761,2/27/2025,2/27/2026,PENGELOLA,RUSAK BERAT,TIDAK AKTIF,LELANG
KTV- 5114,,SEKRETARIAT DAERAH,PEMKAB PENAJAM PASER UTARA,R,YAMAHA,1S7 JUPITER-MX 135 cc,2006,MH31S70016K151282,1S7 - 151406,1/22/2020,1/22/2022,PEMKAB PPU,TIDAK DIKETAHUI KEBERADAANYA,TIDAK AKTIF,TIDAK DIKETAHUI KEBERADAANYA
KTV- 7004,,PENGELOLA (BKAD),"DINAS PERTANIAN,PETERNAKAN,PERIKANAN,KEL",D,ISUZU,NKR 55 E12A,2009,MHCNK55EY9J027620,M027620,1/18/2025,1/18/2025,PENGELOLA,RUSAK BERAT,TIDAK AKTIF,LELANG
KTVP 4369,KTV  3122,DINAS PEMBERDAYAAN MASYARAKAT DAN DESA,BADAN PEMBERDAYAAN MASY PEMERINTAHAN D,R,HONDA,NF11B2D1,2012,MH1JBE315CK172057,JBE3E-1171193,8/9/2025,8/9/2027,DINAS PEMBERDAYAAN MASYARAKAT DAN DESA,BAIK,AKTIF,TERCATAT DI BKAD
KTV- 8003,,PENGELOLA (BKAD),PEMKAB PENAJAM PASER UTARA,F,TOYOTA,KIJANG STANDARD KF 60,2003,MHF31KF6030020823,7K - 0572223,7/9/2024,7/9/2023,PENGELOLA,RUSAK BERAT,TIDAK AKTIF,LELANG
KTV- 8032,,PENGELOLA (BKAD),SEKRETARIAT DPRD KAB.PPU,F,TOYOTA,HILUX 3.0 DC (KUN26R-PRMDYQ3),2010,MROFZ29G2A1581185,IKD - 7932987,5/20/2024,5/20/2025,PENGELOLA,RUSAK BERAT,TIDAK AKTIF,LELANG
KTV- 8044,,PENGELOLA (BKAD),DP3K KAB.PPU,F,TOYOTA,HILUX 3.0G DC (4X4) MT,2010,MR0FZ29G4A1608760,1KD-6682623,1/21/2025,1/21/2026,PENGELOLA,RUSAK BERAT,TIDAK AKTIF,LELANG
KTVA 9003,,DINAS KESEHATAN,DINAS KESEHATAN KAB.PPU,C,SUZUKI,GC415V APV SDX MT,2014,MHYGDN42VEJ401901,G14AID-323702,10/24/2026,10/24/2029,DINAS KESEHATAN PKM SEPAKU I ,BAIK,AKTIF,TERCATAT DI BKAD
KTVA 9006,KTV- 2021,PENGELOLA (BKAD),PEMERINTAH KAB.PENAJAM PASER UTARA,C,TOYOTA,KIJANG STANDAR KF 60 SHORT,2003,MHF31KF6030021526,7K - 0581415,8/21/2024,8/21/2023,PENGELOLA,RUSAK BERAT,TIDAK AKTIF,LELANG
KTVA 9007,KTV- 2022,PENGELOLA (BKAD),PEMERINTAH KAB.PENAJAM PASER UTARA,C,TOYOTA,KIJANG STANDAR KF 60 SHORT,2003,MHF31KF6030021173,7K - 057838,8/21/2024,8/21/2023,PENGELOLA,RUSAK BERAT,TIDAK AKTIF,LELANG
KTVP    3, ,KEJARI,SEKETARIAT DEWAN PERWAKILAN RAKYAT DAERA,B,TOYOTA,HARRIER Z,2024,AXUH800072611,A25A1278138,1/7/2027,1/7/2030,KEJARI,HIBAH,TIDAK AKTIF,HIBAH
KTVP    9,KTVP 1524,SEKRETARIAT DAERAH,PEMERINTAH KABUPATEN PENAJAM PASER UTARA,C,TOYOTA,MAGH10R-BRXMBD 2.0 V HV CVT,2023,MHFABAAA9P0008849,M20A-NA87956,10/18/2026,10/18/2028,SEKRETARIAT DAERAH,BAIK,AKTIF,TERCATAT DI BKAD
KTVP   10, ,SEKRETARIAT DAERAH,PEMERINTAH KABUPATEN PENAJAM PASER UTARA,B,TOYOTA,FORTUNER 2.8 VRZ 4X2 AT (GUN166R-SDTHXD),2024,MHFAA8GS7R0913623,1GD-5557475,5/22/2027,5/22/2029,PEMKAB PPU,BAIK,AKTIF,TIDAK ADA KETERANGAN
KTVP 1009,,SEKRETARIAT DPRD,SEKERTARIAT DPRD KAB.PPU,C,TOYOTA,KIJANG INNOVA V GKMNKD 10,2013,MHFXW43G2D4078828,1TR-7570494,11/19/2026,11/19/2028,SEKRETARIAT DPRD,BAIK,AKTIF,TERCATAT DI BKAD
KTVP 1012,,DINAS PENANAMAN MODAL DAN PELAYANAN TERPADU SATU PINTU,BP2TPM KAB.PPU,C,TOYOTA,KIJANG INNOVA G TGN40R-GKMDKD,2013,MHFXW42G8D2267402,1TR-7619455,11/19/2026,11/19/2028,DINAS PENANAMAN MODAL DAN PELAYANAN TERPADU SATU PINTU ,BAIK,AKTIF,TERCATAT DI BKAD
KTVP 1013,,DINAS PENANAMAN MODAL DAN PELAYANAN TERPADU SATU PINTU,BP2TPM KAB.PPU,C,TOYOTA,RUSH 1.5S (F700RE-GMMFJ),2013,MHFE2CJ3JDK069897,DDU9006,11/19/2026,11/19/2028,DINAS PENANAMAN MODAL DAN PELAYANAN TERPADU SATU PINTU ,BAIK,AKTIF,TERCATAT DI BKAD
KTVP 1014,,DINAS PENANAMAN MODAL DAN PELAYANAN TERPADU SATU PINTU,BP2TPM KAB.PPU,C,TOYOTA,KIJANG INNOVA G AT GKPDKD,2013,MHFXW42G3D2267551,1TR-7620375,11/19/2026,11/19/2028,DINAS PENANAMAN MODAL DAN PELAYANAN TERPADU SATU PINTU ,BAIK,AKTIF,TERCATAT DI BKAD
KTVP 1020,,SEKRETARIAT DAERAH,PEMKAB PENAJAM PASER UTARA,C,SUZUKI,AVI414F DX (4X2) MT,2013,MHYKZE81SDJ225266,K14BT-1085160,1/10/2027,1/10/2029,SEKRETARIAT DAERAH,BAIK,AKTIF,TERCATAT DI BKAD
KTVP 1021,,SEKRETARIAT DAERAH,PEMERINTAH KAB.PPU,C,TOYOTA,NAV1 2.0 V AT,2013,MHFX2RB71D8002785,3ZR-B189174,12/23/2026,12/23/2028,SEKRETARIAT DAERAH,BAIK,AKTIF,TERCATAT DI BKAD
KTVP 1022,,SEKRETARIAT DAERAH,PEMKAB PPU,B,TOYOTA,FORTUNER 2.5G MT KUN60R-EKMSHD,2013,MHFZR69GXD3080058,2KD-U393332,12/23/2026,12/23/2028,SEKRETARIAT DAERAH,BAIK,AKTIF,TERCATAT DI BKAD
KTVP 4374,KTV  3129,DINAS PEMBERDAYAAN MASYARAKAT DAN DESA,BADAN PEMBERDAYAAN MASY PEMERINTAHAN D,R,HONDA,NF11B2D1,2012,MH1JBE314CK180909,JBE3E-1176881,8/30/2025,8/30/2027,DINAS PEMBERDAYAAN MASYARAKAT DAN DESA,BAIK,AKTIF,TERCATAT DI BKAD
KTVP 1025,,SEKRETARIAT DAERAH,PEMKAB PPU,C,TOYOTA,NAV1 2.0 V AT,2013,MHFX2RB71D8002662,3ZR-B195072,12/23/2026,12/23/2028,SEKRETARIAT DAERAH,BAIK,AKTIF,TERCATAT DI BKAD
KTVP 1026,,DINAS KEBUDAYAAN DAN PARIWISATA,DINAS PERTAMBANGAN,C,TOYOTA,KIJANG INNOVA G AT GKPDKD,2013,MHFXW42G4D2274413,1TR-7680163,12/23/2026,12/23/2028,DINAS KEBUDAYAAN DAN PARIWISATA,BAIK,AKTIF,TERCATAT DI BKAD
KTVP 1027,,DINAS KESEHATAN,DINAS KESEHATAN KAB.PPU,C,TOYOTA,KIJANG INNOVA G TGN40R-GKMDKD,2013,MHFXW42GXD2275842,1TR-7690179,12/23/2026,12/23/2028,DINAS KESEHATAN,BAIK,AKTIF,TERCATAT DI BKAD
KTVP 1028,,SEKRETARIAT DAERAH,PEMKAB PPU,C,TOYOTA,NAV1 2.0 V AT,2013,MHFX2RB71D8002730,3ZR-8202710,12/23/2026,12/23/2028,SEKRETARIAT DAERAH,BAIK,AKTIF,TERCATAT DI BKAD
KTVP 1037,,SEKRETARIAT DAERAH,SEKRETARIAT DAERAH KAB.PPU,C,TOYOTA,KIJANG INNOVA V GKMNKD,2014,MHFXW43G3E4084896,1TR-7751992,5/13/2027,5/13/2029,SEKRETARIAT DAERAH,BAIK,AKTIF,TERCATAT DI BKAD
KTVP 1038,,SEKRETARIAT DAERAH,SEKRETARIAT DAERAH KAB.PPU,C,TOYOTA,KIJANG INNOVA V GKMNKD,2014,MHFXW43G1E4083293,1TR-7704826,5/13/2026,5/13/2029,SEKRETARIAT DAERAH,Pinjam Pakai,TIDAK AKTIF,PINJAM PAKAI
KTVP 1039,,SEKRETARIAT DAERAH,SEKRETARIAT DAERAH KAB.PPU,C,TOYOTA,KIJANG INNOVA V GKMNKD,2014,MHFXW43G7E4083492,1TR-7711883,5/13/2027,5/13/2029,SEKRETARIAT DAERAH,BAIK,AKTIF,TERCATAT DI BKAD
KTVP 1040,,SEKRETARIAT DAERAH,SEKRETARIAT DAERAH KAB.PPU,C,TOYOTA,KIJANG INNOVA V GKMNKD,2014,MHFXW43G8E4085171,1TR-7760910,5/13/2027,5/13/2029,SEKRETARIAT DAERAH,BAIK,AKTIF,TERCATAT DI BKAD
KTVP 1043,,POLRES,SEKRETARIAT DAERAH KAB.PPU,B,TOYOTA,FORTUNER 2.5 G A/T,2014,MHFZR69G1E3097218,2KD-U549866,9/18/2020,9/18/2024,POLRES,HIBAH,TIDAK AKTIF,HIBAH
KTVP 1044,,SATUAN POLISI PAMONG PRAJA,SATUAN POLISI PAMONG PRAJA KAB.PPU,C,TOYOTA,RUSH 1.5S (F700RE-GMMFJ),2014,MHFE2CJ3JEK082399,DEJ6322,9/25/2026,9/25/2029,SATPOL PP,BAIK,AKTIF,TERCATAT DI BKAD
KTVP 1045,,DINAS KESEHATAN,DINAS KESEHATAN KAB.PPU,C,SUZUKI,AVI414F DX (4X2) MT,2014,MHYKZE81SEJ213958,K14BT-1117284,8/19/2026,8/19/2029,DINAS KESEHATAN PKM SOTEK,BAIK,AKTIF,TERCATAT DI BKAD
KTVP 1046,,DINAS KESEHATAN,DINAS KESEHATAN KAB.PPU,C,SUZUKI,GC415V APV DLX MT,2014,MHYGDN42VEJ400221,G15AID-314986,8/19/2026,8/19/2029,DINAS KESEHATAN,BAIK,AKTIF,TERCATAT DI BKAD
KTVP 1047,,PENGELOLA (BKAD),DINAS KESEHATAN KAB.PPU,C,SUZUKI,AVI414F DX (4X2) MT,2014,MHYKZE81SEJ214091,K14BT-1117422,8/19/2024,8/19/2024,PENGELOLA,RUSAK BERAT,TIDAK AKTIF,LELANG
KTVP 1048,,DINAS KESEHATAN,DINAS KESEHATAN KAB.PPU,C,SUZUKI,AVI414F DX (4X2) MT,2014,MHYKZE81SEJ211633,K14BT-1115778,8/19/2026,8/19/2029,DINAS KESEHATAN PKM SEPAKU III,RUSAK BERAT,TIDAK AKTIF,TERCATAT DI BKAD
KTVP 1049,,DINAS KESEHATAN,DINAS KESEHATAN KAB.PPU,C,SUZUKI,AVI414F DX (4X2) MT,2014,MHYKZE81SEJ212125,K14BT-1116219,8/19/2027,8/19/2029,DINAS KESEHATAN PKM SEBAKUNG JAYA,BAIK,AKTIF,TERCATAT DI BKAD
KTVP 1050,,DINAS KESEHATAN,DINAS KESEHATAN KAB.PPU,C,SUZUKI,AVI414F DX (4X2) MT,2014,MHYKZ81SEJ213617,K14BT-1116968,8/19/2026,8/19/2029,DINAS KESEHATAN PKM MARIDAN,BAIK,AKTIF,TERCATAT DI BKAD
KTVP 1051,,DINAS KESEHATAN,DINAS KESEHATAN KAB.PPU,C,SUZUKI,AVI414F DX (4X2) MT,2014,MHYKZ81SEJ210634,K14BT-1106002,8/19/2026,8/19/2029,DINAS KESEHATAN PKM GUNUNG INTAN,RUSAK BERAT,TIDAK AKTIF,TERCATAT DI BKAD
KTVP 1054,,"DINAS KOPERASI, UKM, PERINDUSTRIAN DAN PERDAGANGAN","DINAS KOPERASI UKM, PERINDAG",C,TOYOTA,NEW AVANZA VELOZ 1.5 MT,2014,MHKM1CA4JEK081375,DER6715,10/16/2026,10/16/2029,DISKUKMPERINDAG,BAIK,AKTIF,TERCATAT DI BKAD
KTVP 1055,,SEKRETARIAT DAERAH,SEKRETARIAT DAERAH KAB.PPU,C,TOYOTA,ALPHARD 3.5 AT (GGH20R-PFTQK),2014,JTEGS21H3E8087549,2GR-J936506.,10/9/2026,10/9/2029,SEKRETARIAT DAERAH,BAIK,AKTIF,TERCATAT DI BKAD
KTVP 1056,,"DINAS KOPERASI, UKM, PERINDUSTRIAN DAN PERDAGANGAN","DINAS KOPERASI UKM, PERINDAG",B,MITSUBISHI,OUTLANDER SPORT 2.0L GLX-E 4X2 MT,2014,MHMGAWS2NEK000906,4B11-MR7494,10/15/2026,10/15/2029,DISKUKMPERINDAG,BAIK,AKTIF,TERCATAT DI BKAD
KTVP 1057,,"DINAS PENDIDIKAN, PEMUDA DAN OLAHRAGA",DINAS PENDIDIKAN PEMUDA DAN OLAHRAGA KAB,C,TOYOTA,NEW AVANZA 1.3G M/T,2014,MHKM1BA3JEK190427,MD00584,9/25/2026,9/25/2029,DISDIKPORA,BAIK,AKTIF,TERCATAT DI BKAD
KTVP 1058,,"DINAS PENDIDIKAN, PEMUDA DAN OLAHRAGA",DINAS PENDIDIKAN PEMUDA DAN OLAHRAGA KAB,C,TOYOTA,NEW AVANZA 1.3G MT,2014,MHKM1BA3JEK191493,MD05334,9/25/2026,9/25/2029,DISDIKPORA,BAIK,AKTIF,TERCATAT DI BKAD
KTVP 1059,,"DINAS PENDIDIKAN, PEMUDA DAN OLAHRAGA",DINAS PENDIDIKAN PEMUDA DAN OLAHRAGA KAB,C,TOYOTA,NEW AVANZA 1.3G MT,2014,MHKM1BA3JEK191285,MD04212,9/25/2026,9/25/2029,DISDIKPORA,BAIK,AKTIF,TERCATAT DI BKAD
KTVP 1060,,RSUD RATU AJI PUTRI BOTUNG,RUMAH SAKIT UMUM DAERAH KAB.PPU,C,TOYOTA,NEW AVANZA VELOZ 1.5 MT,2014,MHKM1CA4JEK082772,DES3484,12/16/2026,12/16/2029,RSUD,BAIK,AKTIF,TERCATAT DI BKAD
KTVP 1065,,SEKRETARIAT DAERAH,SEKRETARIAT DAERAH KAB.PPU,C,TOYOTA,KIJANG INNOVA V GKMNKD,2014,MHFXW43G9E4089844,1TR-7893694,12/29/2025,12/29/2029,SEKRETARIAT DAERAH,Pinjam Pakai,TIDAK AKTIF,PINJAM PAKAI
KTVP 1066,,DINAS SOSIAL,DINAS SOSIAL DAN TENAGA KERJA KAB.PPU,C,TOYOTA,NEW AVANZA VELOZ 1.5 MT,2014,MHKM1CA4JEK084331,DET4236,12/29/2026,12/29/2029,DINAS SOSIAL,BAIK,AKTIF,TERCATAT DI BKAD
KTVP 3593, ,"DINAS PEMBERDAYAAN PEREMPUAN, PERLINDUNGAN ANAK, PENGENDALIAN PENDUDUK DAN KELUARGA BERENCANA","DINAS PEMBERDAYAAN PEREMPUAN, PERLINDUNG",R,HONDA,AFX12U21C08 MT,2017,MH1JBP11XHK566949,JBP1E1561908,12/14/2026,12/14/2027,"DINAS PEMBERDAYAAN PEREMPUAN, PERLINDUNGAN ANAK, PENGENDALIAN PENDUDUK & KELUARGA BERENCANA",BAIK,AKTIF,TERCATAT DI BKAD
KTVP 1068,,POLRES,SEKRETARIAT DAERAH KAB.PPU,C,TOYOTA,KIJANG INNOVA V GKMNKD,2014,MHFXW43G7E4090068,1TR-7901296,12/29/2020,12/29/2024,POLRES,HIBAH,TIDAK AKTIF,HIBAH
KTVP 1069,,SEKRETARIAT DAERAH,SEKRETARIAT DAERAH KAB.PPU,C,TOYOTA,KIJANG INNOVA V GKMNKD,2014,MHFXW43G5E4089999,1TR-7899137,12/29/2026,12/29/2029,SEKRETARIAT DAERAH,Pinjam Pakai,TIDAK AKTIF,PINJAM PAKAI
KTVP 1070,,BADAN KEUANGAN DAN ASET DAERAH,SEKRETARIAT DAERAH KAB.PPU,C,TOYOTA,KIJANG INNOVA V GKMNKD,2014,MHFXW43G2E4090057,1TR-7901154,12/29/2026,12/29/2029,BADAN KEUANGAN DAN ASET DAERAH,Pinjam Pakai,TIDAK AKTIF,TERCATAT DI BKAD
KTVP 1071,,SEKRETARIAT DAERAH,SEKRETARIAT DAERAH KAB.PPU,C,TOYOTA,KIJANG INNOVA V GKMNKD,2014,MHFXW43GXE4090260,1TR-7907401,12/29/2026,12/29/2029,SEKRETARIAT DAERAH,RUSAK BERAT,TIDAK AKTIF,PINJAM PAKAI
KTVP 1072,,SEKRETARIAT DAERAH,SEKRETARIAT DAERAH KAB.PPU,C,TOYOTA,KIJANG INNOVA V GKMNKD,2014,MHFXW43G6E4090238,1TR-7906955,12/29/2026,12/29/2029,SEKRETARIAT DAERAH,BAIK,AKTIF,TERCATAT DI BKAD
KTVP 1073,,"BADAN PERENCANAAN, PENELITIAN DAN PENGEMBANGAN",SEKRETARIAT DAERAH KAB.PPU,C,TOYOTA,KIJANG INNOVA V GKMNKD,2014,MHFXW43G8E4090337,1TR-7910360,12/29/2026,12/29/2029,"BADAN PERENCANAAN, PENELITIAN DAN PENGEMBANGAN",BAIK,AKTIF,TERCATAT DI BKAD
KTVP 1074,,SEKRETARIAT DAERAH,SEKRETARIAT DAERAH KAB.PPU,C,TOYOTA,KIJANG INNOVA V GKMNKD,2014,MHFXW43G0E4090381,1TR-7911943,12/29/2026,12/29/2029,SEKRETARIAT DAERAH,Pinjam Pakai,TIDAK AKTIF,PINJAM PAKAI
KTVP 1075,,KODIM,SEKRETARIAT DAERAH KAB.PPU,C,TOYOTA,RUSH 1.5S (F700RE-GMMFJ),2014,MHFE2CJ3JEK088678,DES9404,12/29/2020,12/29/2024,KODIM,HIBAH,TIDAK AKTIF,HIBAH
KTVP 1080,,INSPEKTORAT DAERAH,SEKRETARIAT DAERAH KAB.PPU,C,TOYOTA,KIJANG INNOVA V GKMNKD,2014,MHFXW43G6E4089882,1TR-7894964,12/29/2026,12/29/2029,INSPEKTORAT DAERAH,BAIK,AKTIF,TERCATAT DI BKAD
KTVP 1082,,RUTAN KELAS II PASER,SEKRETARIAT DAERAH KAB.PPU,C,TOYOTA,RUSH 1.5S (F700RE-GMMFJ),2014,MHFE2CJ3JEK093843,3SZDFB7186,12/29/2026,12/29/2029,RUTAN KELAS II PASER,HIBAH,TIDAK AKTIF,HIBAH
KTVP 1084,,DINAS PENANAMAN MODAL DAN PELAYANAN TERPADU SATU PINTU,BADAN PERIJINAN TERPADU DAN PENANAMAN MO,C,TOYOTA,RUSH 1.5S (F700RE-GMMFJ),2014,MHFE2CJ3JEK092114,3SZDFA4244,12/23/2026,12/23/2029,DINAS PENANAMAN MODAL DAN PELAYANAN TERPADU SATU PINTU ,BAIK,AKTIF,TERCATAT DI BKAD
KTVP 1085,,DINAS TENAGA KERJA DAN TRANSMIGRASI,DINAS SOSIAL DAN TENAGA KERJA KAB.PPU,C,TOYOTA,KIJANG INNOVA V GKMNKD,2014,MHFXW43G0E4090378,1TR-7911695,12/29/2026,12/29/2029,DINAS TENAGA KERJA DAN TRANSMIGRASI,BAIK,AKTIF,TERCATAT DI BKAD
KTVP 1086,,KODIM,SEKRETARIAT DAERAH KAB.PPU,B,TOYOTA,FORTUNER 2.5 G AT,2014,MHFZR69G9E3106814,2KD--U620573,12/29/2026,12/29/2029,KODIM,HIBAH,TIDAK AKTIF,HIBAH
KTVP 1088,,"DINAS PERUMAHAN, KAWASAN PERMUKIMAN DAN PERTANAHAN",DINAS KEBERSIHAN PERTAMANAN DAN PEMAKAMA,C,TOYOTA,RUSH 1.5S (F700RE-GMMFJ),2015,MHFE2CJ3JFK094464,3SZDFD6830,4/20/2027,4/20/2030,DINAS PERUMAHAN KAWASAN PERMUKIMAN DAN PERTAMANAN,BAIK,AKTIF,TERCATAT DI BKAD
KTVP 1089,,DINAS LINGKUNGAN HIDUP,DINAS KEBERSIHAN PERTAMANAN DAN PEMAKAMA,C,TOYOTA,KIJANG INNOVA V GKMNKD 10,2015,MHFXW43GXF4091538,1TR-7955045,4/20/2027,4/20/2030,DINAS LINGKUNGAN HIDUP,BAIK,AKTIF,TERCATAT DI BKAD
KTVP 1090,,DINAS PERIKANAN,DINAS KELAUTAN DAN PERIKANAN KAB.PPU,C,TOYOTA,KIJANG INNOVA G TGN40R-GKMDKD,2015,MHFXW42G4F2305646,1TR-7960911,6/26/2026,6/26/2030,DINAS PERIKANAN,BAIK,AKTIF,TERCATAT DI BKAD
KTVP 1091,,DINAS PERPUSTAKAAN DAN ARSIP,KANTOR PERPUSTAKAAN DAN ARSIP KAB.PPU,C,TOYOTA,RUSH 1.5 S AT,2015,MHFE2CK3JFK031573,3SZDFG9033,6/26/2027,6/26/2030,DINAS PERPUSTAKAAN DAN ARSIP,BAIK,AKTIF,TERCATAT DI BKAD
KTVP 1094,,SEKRETARIAT DAERAH,SEKRETARIAT DAERAH KAB.PPU,C,TOYOTA,RUSH 1.5S (F700RE-GMMFJ),2015,MHFE2CJ3JFK094580,3SZDFD8433,4/22/2026,4/22/2030,SEKRETARIAT DAERAH,Pinjam Pakai,TIDAK AKTIF,PINJAM PAKAI
KTVP 1095,KTV- 2044,PENGELOLA (BKAD),PEMKAB PENAJAM PASER UTARA,C,TOYOTA,KIJANG INNOVA G TGN40R-GKMDKD,2005,MHFXW42G252014903,1TR-6032142,3/31/2025,3/31/2025,PENGELOLA,RUSAK BERAT,TIDAK AKTIF,TERCATAT DI BKAD
KTVP 3594, ,"DINAS PEMBERDAYAAN PEREMPUAN, PERLINDUNGAN ANAK, PENGENDALIAN PENDUDUK DAN KELUARGA BERENCANA","DINAS PEMBERDAYAAN PEREMPUAN, PERLINDUNG",R,HONDA,AFX12U21C08 MT,2017,MH1JBP114HK566946,JBP1E1562028,12/14/2026,12/14/2027,"DINAS PEMBERDAYAAN PEREMPUAN, PERLINDUNGAN ANAK, PENGENDALIAN PENDUDUK & KELUARGA BERENCANA",BAIK,AKTIF,TERCATAT DI BKAD
KTVP 1098,,PENGELOLA (BKAD),SEKRETARIAT DAERAH KAB.PPU,C,TOYOTA,KIJANG INNOVA V GKMNKD,2015,MHFXW43G0F4092634,1TR-7992227,5/8/2025,5/8/2025,PENGELOLA,Pinjam Pakai,TIDAK AKTIF,PINJAM PAKAI
KTVP 1099,,BADAN KESATUAN BANGSA DAN POLITIK,SEKRETARIAT DAERAH KAB.PPU,C,TOYOTA,KIJANG INNOVA V GKMNKD 10,2015,MHFXW43G2F4092909,1TR-8000759,5/8/2026,5/8/2030,BADAN KESATUAN BANGSA DAN POLITIK,BAIK,AKTIF,TERCATAT DI BKAD
KTVP 1102,,SATUAN POLISI PAMONG PRAJA,SEKRETARIAT DAERAH KAB.PPU,C,TOYOTA,KIJANG INNOVA V GKMNKD,2015,MHFXW43G2F4092702,1TR-7994284,5/8/2027,5/8/2030,SATPOL PP,BAIK,AKTIF,TERCATAT DI BKAD
KTVP 1103,,DINAS PERPUSTAKAAN DAN ARSIP,SEKRETARIAT DAERAH KAB.PPU,C,TOYOTA,KIJANG INNOVA V GKMNKD,2015,MHFXW43G5F4092547,1TR-7989069,5/8/2027,5/8/2030,DINAS PERPUSTAKAAN DAN ARSIP,BAIK,AKTIF,TERCATAT DI BKAD
KTVP 1104,,DINAS PEMBERDAYAAN MASYARAKAT DAN DESA,SEKRETARIAT DAERAH KAB.PPU,C,TOYOTA,KIJANG INNOVA V GKMNKD,2015,MHFXW43G4F4092894,1TR-8000063,5/8/2027,5/8/2030,DINAS PEMBERDAYAAN MASYARAKAT DAN DESA,BAIK,AKTIF,TERCATAT DI BKAD
KTVP 1105,,BADAN PENANGGULANGAN BENCANA DAERAH,SEKRETARIAT DAERAH KAB.PPU,C,TOYOTA,KIJANG INNOVA V GKMNKD,2015,MHFXW43G1F4092674,1TR-7993459,5/8/2027,5/8/2030,BADAN PENANGGULANGAN BENCANA DAERAH,BAIK,AKTIF,TERCATAT DI BKAD
KTVP 1106,,DINAS SOSIAL,SEKRETARIAT DAERAH KAB.PPU,C,TOYOTA,KIJANG INNOVA V GKMNKD 10,2015,MHFXW43G2F4092487,1TR-7987668,5/8/2027,5/8/2030,DINAS SOSIAL,BAIK,AKTIF,TERCATAT DI BKAD
KTVP 1107,,BPN,SEKRETARIAT DAERAH KAB.PPU,C,TOYOTA,KIJANG INNOVA V GKMNKD 10,2015,MHFXW43G1F4092903,1TR-8000798,5/8/2025,5/8/2025,BPN,HIBAH,TIDAK AKTIF,HIBAH
KTVP 1124,,BADAN PENDAPATAN DAERAH,DINAS PENDAPATAN DAERAH,C,TOYOTA,KIJANG INNOVA G TGN40R-GKMDKD,2013,MHFXW42G0D2269094,1TR-7637870,11/12/2026,11/12/2028,BADAN PENDAPATAN DAERAH,BAIK,AKTIF,TERCATAT DI BKAD
KTVP 1127,,SEKRETARIAT DAERAH,SEKRETARIAT DAERAH KAB.PPU,C,TOYOTA,RUSH 1.5 G MT,2015,MHFE2CJ2JFK053600,ESZDFT6200,4/29/2027,4/29/2031,SEKRETARIAT DAERAH,BAIK,AKTIF,TERCATAT DI BKAD
KTVP 1128,,SEKRETARIAT DAERAH,SEKRETARIAT DAERAH KAB.PPU,C,TOYOTA,RUSH 1.5 G MT,2015,MHFE2CJ2JFK053238,3SZDFS9844,4/29/2027,4/29/2031,SEKKAB PPU,BAIK,AKTIF,TIDAK ADA KETERANGAN
KTVP 1131,KTV- 2062,DINAS KESEHATAN,PEMKAB PENAJAM PASER UTARA,C,TOYOTA,KIJANG INNOVA V GKMNKD,2006,MHFXW43G464029536,1TR - 6296579,1/9/2027,1/9/2027,DINAS KESEHATAN,BAIK,AKTIF,TERCATAT DI BKAD
KTVP 1132,KTV- 2057,DINAS PENANGGULANGAN KEBAKARAN DAN PENYELAMATAN,PEMKAB PENAJAM PASER UTARA,C,TOYOTA,KIJANG INNOVA V GKMNKD,2006,MHFXW43G964030326,1TR - 6311153,1/9/2027,1/9/2027,DINAS PENANGGULANGAN KEBAKARAN DAN PENYELAMATAN,BAIK,AKTIF,TERCATAT DI BKAD
KTVP 1134,,"DINAS PENDIDIKAN, PEMUDA DAN OLAHRAGA",DINAS PENDIDIKAN PEMUDA DAN OLAHRAGA KAB,C,TOYOTA,KIJANG INNOVA 2.0 Q MT,2016,MHFAW8EM2G0204309,1TR-A196224,5/5/2027,5/5/2027,DISDIKPORA,BAIK,AKTIF,TERCATAT DI BKAD
KTVP 1137,KTV-   12,SEKRETARIAT DAERAH,PEMERINTAH KABUPATEN PPU,C,TOYOTA,KIJANG INNOVA G (TGN40R-GKMDKD,2012,MHFXW42GDC2221402,1TR-7286168,5/30/2027,5/30/2027,SEKRETARIAT DAERAH,BAIK,AKTIF,TERCATAT DI BKAD
KTVP 1141,KTV- 1264,SEKRETARIAT DAERAH,PEMERINTAH KABUPATEN PPU,C,TOYOTA,KIJANG INNOVA G TGN40R-GKMDKD,2012,MHFXW42G2C2222423,1TR-7300083,5/30/2026,5/30/2027,SEKRETARIAT DAERAH,Pinjam Pakai,TIDAK AKTIF,PINJAM PAKAI
KTVP 1143,KTV- 1285,SEKRETARIAT DAERAH,PEMERINTAH KAB.PPU,B,TOYOTA,FORTUNER 2.7V AT TGN51R-EKPSKD,2012,MHFYX5967C8036824,2TR-7387079,9/7/2026,9/7/2027,SEKRETARIAT DAERAH,BAIK,AKTIF,TERCATAT DI BKAD
KTVP 1145,KTV-   45,BADAN KEPEGAWAIAN DAN PENGEMBANGAN SUMBER DAYA MANUSIA,BADAN KEPEGAWAIAN DAERAH KAB.PPU,C,TOYOTA,KIJANG INNOVA V GKMNKD,2012,MHFXW43G8C4071607,1TR-7407600,11/29/2026,11/29/2027, BADAN KEPEGAWAIAN DAN PENGEMBANGAN SUMBER DAYA MANUSIA,BAIK,AKTIF,TERCATAT DI BKAD
KTVP 1149,KTV- 1291,DINAS KESEHATAN,DINAS KESEHATAN KAB.PPU,C,SUZUKI,AVI414F DX (4X2) MT,2012,MHYKZE81SCJ116311,K14BT-1016474,11/29/2026,11/29/2027,DINAS KESEHATAN PKM PENAJAM,BAIK,AKTIF,TERCATAT DI BKAD
KTVP 1151,KTV- 1289,DINAS KESEHATAN,DINAS KESEHATAN KAB.PPU,C,SUZUKI,AVI414F DX (4X2) MT,2012,MHYKZE81SCJ116075,K14BT-1016125,11/29/2026,11/29/2027,DINAS KESEHATAN PKM PETUNG,BAIK,AKTIF,TERCATAT DI BKAD
KTVP 1152,KTV- 1297,DINAS SOSIAL,PEMERINTAH KAB.PENAJAM PASER UTARA,C,TOYOTA,KIJANG INNOVA G (TGN40R-GKMDKD,2012,MHFXW42G5C2243847,1TR-7455432,1/8/2027,1/8/2028,DINAS SOSIAL,BAIK,AKTIF,TERCATAT DI BKAD
KTVP 1153,KTV- 1294,DINAS KESEHATAN,DINAS KESEHATAN KAB.PPU,C,SUZUKI,AVI414F DX (4X2) MT,2012,MHYKZE81SCJ116085,K14BT-1012989,11/29/2026,11/29/2027,DINAS KESEHATAN PKM SEPAKU I ,BAIK,AKTIF,TERCATAT DI BKAD
KTVP 1154,KTV- 1290,DINAS KESEHATAN,DINAS KESEHATAN KAB.PPU,C,SUZUKI,AVI414F DX (4X2) MT,2012,MHYKZE81SCJ116063,K14BT-1016043,11/29/2026,11/29/2027,DINAS KESEHATAN,BAIK,AKTIF,TERCATAT DI BKAD
KTVP 1156,KTV- 1287,DINAS KESEHATAN,DINAS KESEHATAN KAB.PPU,C,SUZUKI,AVI414F DX (4X2) MT,2012,MHYKZE81SCJ116300,K14BT-1016342,11/29/2026,11/29/2027,DINAS KESEHATAN PKM BABULU,RUSAK BERAT,TIDAK AKTIF,TERCATAT DI BKAD
KTVP 1157,KTV- 1298,BADAN PENDAPATAN DAERAH,PEMERINTAH KAB.PPU,C,TOYOTA,KIJANG INNOVA G TGN40R-GKMDKD,2012,MHFXW42GXC2241057,1TR-7430369,1/8/2027,1/8/2028,BADAN PENDAPATAN DAERAH,BAIK,AKTIF,TERCATAT DI BKAD
KTVP 1299,KTV- 1284,DINAS KESEHATAN,DINAS KESEHATAN KAB.PPU,C,SUZUKI,GC415V APV DLX MT,2012,MHYGDN42VCJ369821,G15AID-260828,9/25/2026,9/25/2027,DINAS KESEHATAN,BAIK,AKTIF,TERCATAT DI BKAD
KTVP 1301,KTV  1056,DINAS KESEHATAN,DINAS KESEHATAN KAB. PPU,C,TOYOTA,KIJANG INNOVA E GKMRKD,2007,MHFXW41G370024971,1TR-6489635,1/22/2027,1/22/2028,DINAS KESEHATAN,BAIK,AKTIF,TERCATAT DI BKAD
KTVP 1303,KTV- 1296,KECAMATAN WARU,PEMERINTAH KAB.PPU,C,TOYOTA,KIJANG INNOVA G TGN40R-GKMDKD,2012,MHFXW4265C2244769,1TR-7462234,1/11/2027,1/11/2028,KECAMATAN WARU,BAIK,AKTIF,TERCATAT DI BKAD
KTVP 1304,KTV- 1055,DINAS PERTANIAN,DINAS PERTANIAN KAB.PPU,C,TOYOTA,KIJANG INNOVA G (GKMDKD 11),2007,MHFXW42G772103501,1TR - 6464349,12/4/2026,12/4/2027,DINAS PERTANIAN,BAIK,AKTIF,TERCATAT DI BKAD
KTVP 1307,KTV- 1286,DINAS KESEHATAN,DINAS KESEHATAN KAB.PPU,C,SUZUKI,AVI414F DX (4X2) MT,2012,MHYKZE81SCJ116288,K14BT-1016157,11/29/2026,11/29/2027,DINAS KESEHATAN PKM WARU,BAIK,AKTIF,TERCATAT DI BKAD
KTVP 1308,KTV- 1295,DINAS LINGKUNGAN HIDUP,DINAS PERTAMBANGAN KAB.PPU,C,TOYOTA,NEW AVANZA VELOZ 1.5 MT,2012,MHKM1CA4JCK023645,DDC1011,1/17/2027,1/17/2028,DINAS LINGKUNGAN HIDUP,BAIK,AKTIF,TERCATAT DI BKAD
KTVP 1309,KTV- 1064,DINAS PENANGGULANGAN KEBAKARAN DAN PENYELAMATAN,DINAS KEHUTANAN DAN PERKEBUNAN,C,TOYOTA,KIJANG INNOVA G (GKMDKD 11),2008,MHFXW42GX82106796,1TR - 6492834,2/28/2026,2/28/2028,DINAS PENANGGULANGAN KEBAKARAN DAN PENYELAMATAN,BAIK,AKTIF,TERCATAT DI BKAD
KTVP 1310,KTV- 1302,"DINAS PENDIDIKAN, PEMUDA DAN OLAHRAGA",DINAS PENDIDIKAN PEMUDA & OLAH RAGA KAB.,C,TOYOTA,NEW AVANZA VELOZ 1.5 M/T,2013,MHKM1CA4JDK034288,DDK2952,4/11/2026,4/11/2028,DISDIKPORA,BAIK,AKTIF,TERCATAT DI BKAD
KTVP 1311,KTV- 1300,"DINAS PENDIDIKAN, PEMUDA DAN OLAHRAGA",DINAS PENDIDIKAN PEMUDA & OLAH RAGA KAB.,C,TOYOTA,NEW AVANZA VELOZ 1.5 M/T,2013,MHKM1CA4JDK035334,DDK8310,4/11/2027,4/11/2028,DISDIKPORA,BAIK,AKTIF,TERCATAT DI BKAD
KTVP 1312,KTV- 1073,"BADAN PERENCANAAN, PENELITIAN DAN PENGEMBANGAN",BAPPEDA KAB.PPU,C,TOYOTA,AVANZA 1300 E (F601RM GMDFJJ),2008,MHFM1BA2J8K009870,DC74301,4/17/2027,4/17/2028,"BADAN PERENCANAAN, PENELITIAN DAN PENGEMBANGAN",BAIK,AKTIF,TERCATAT DI BKAD
KTVP 1315,KTV- 1304,"DINAS PENDIDIKAN, PEMUDA DAN OLAHRAGA",DINAS PENDIDIKAN PEMUDA & OLAH RAGA KAB.,C,TOYOTA,NEW AVANZA VELOZ 1.5 MT,2013,MHKM1CA4JDK034798,DDK6622,4/11/2026,4/11/2028,DISDIKPORA,BAIK,AKTIF,TERCATAT DI BKAD
KTVP 1316,KTV- 1059,RSUD RATU AJI PUTRI BOTUNG,DINAS KESEHATAN KAB.PPU,C,TOYOTA,AVANZA 1500 S (F602RM GMSFJJ),2007,MHFM1CA4J7KOO7337,DAF8717,1/22/2027,1/22/2028,RSUD,BAIK,AKTIF,TERCATAT DI BKAD
KTVP 1317,KTV- 1060,RSUD RATU AJI PUTRI BOTUNG,DINAS KESEHATAN KAB.PPU,C,TOYOTA,AVANZA 1500 S (F602RM GMSFJJ),2007,MHFM1CA4J7K007534,DAG1005,1/22/2027,1/22/2028,RSUD,RUSAK BERAT,TIDAK AKTIF,TERCATAT DI BKAD
KTVP 1318,KTV- 1057,RSUD RATU AJI PUTRI BOTUNG,DINAS KESEHATAN KAB.PPU,C,TOYOTA,AVANZA 1500 S (F602RM GMSFJJ),2007,MHFM1CA4J7K007490,DAG0032,1/22/2027,1/22/2028,RSUD,BAIK,AKTIF,TERCATAT DI BKAD
KTVP 1319,KTV- 1301,"DINAS PENDIDIKAN, PEMUDA DAN OLAHRAGA",DINAS PENDIDIKAN PEMUDA & OLAH RAGA KAB.,C,TOYOTA,NEW AVANZA VELOZ 1.5 MT,2013,MHKM1CA4JDK034441,DDK4361,4/11/2027,4/11/2028,DISDIKPORA,BAIK,AKTIF,TERCATAT DI BKAD
KTVP 1320,KTV- 1303,BADAN KEUANGAN DAN ASET DAERAH,DINAS PENDIDIKAN PEMUDA & OLAH RAGA KAB.,C,TOYOTA,NEW AVANZA VELOZ 1.5 MT,2013,MHKM1CA4JDK033776,DDJ9914,4/11/2025,4/11/2028,BADAN KEUANGAN DAN ASET DAERAH,Pinjam Pakai,TIDAK AKTIF,PINJAM PAKAI
KTVP 1323,KTV- 1306,DINAS TENAGA KERJA DAN TRANSMIGRASI,DINAS SOSIAL DAN TENAGA KERJA KAB.PPU,C,TOYOTA,RUSH 1.5 G MT F700RE-GMDFJ,2013,MHFE2CJ2JDK035290,DDK3230,5/8/2027,5/8/2028,DINAS TENAGA KERJA DAN TRANSMIGRASI,BAIK,AKTIF,TERCATAT DI BKAD
KTVP 3595, ,"DINAS PEMBERDAYAAN PEREMPUAN, PERLINDUNGAN ANAK, PENGENDALIAN PENDUDUK DAN KELUARGA BERENCANA","DINAS PEMBERDAYAAN PEREMPUAN, PERLINDUNG",R,HONDA,AFX12U21C08 MT,2017,MH1JBP112HK566962,JBP1E1561821,12/14/2025,12/14/2027,"DINAS PEMBERDAYAAN PEREMPUAN, PERLINDUNGAN ANAK, PENGENDALIAN PENDUDUK & KELUARGA BERENCANA",BAIK,AKTIF,TERCATAT DI BKAD
KTVP 1325,KTV- 1088,MUI PENAJAM,PEMKAB PENAJAM PASER UTARA,C,TOYOTA,AVANZA 1300 G (F601RM GMMFJJ),2008,MHFM1BA3J8K072782,DC69680,7/17/2025,7/17/2028,MUI PENAJAM,HIBAH,TIDAK AKTIF,HIBAH
KTVP 1328,KTV- 1002,RSUD RATU AJI PUTRI BOTUNG,RSUD KABUPATEN PPU,C,TOYOTA,NEW AVANZA VELOZ 1.5 MT,2013,MHKM1CA4JDK039874,DDP3069,6/12/2027,6/12/2028,RSUD,BAIK,AKTIF,TERCATAT DI BKAD
KTVP 1329,KTV- 1082,SEKRETARIAT DAERAH,PEMKAB PENAJAM PASER UTARA,C,TOYOTA,KIJANG GRAND LONG KF 83,2003,MHF11KF8330068873,7K - 0567505,4/1/2026,4/1/2028,PEMKAB PPU,BAIK,AKTIF,TIDAK ADA KETERANGAN
KTVP 1330,KTV- 1305,SATUAN POLISI PAMONG PRAJA,SATPOL PP,C,TOYOTA,NEW AVANZA 1.5G MT,2013,MHKM1CA3JDK010985,DDH3078,4/26/2027,4/26/2028,SATPOL PP,BAIK,AKTIF,TERCATAT DI BKAD
KTVP 1332,KTV- 1245,RSUD RATU AJI PUTRI BOTUNG,PEMKAB PENAJAM PASER UTARA,C,TOYOTA,KIJANG INNOVA G TGN40R-GKMDKD,2006,MHFXW42G262080966,1TR - 6333305,1/9/2027,1/9/2027,RSUD,BAIK,AKTIF,TERCATAT DI BKAD
KTVP 1334,KTV- 1253,RSUD RATU AJI PUTRI BOTUNG,PEMKAB PENAJAM PASER UTARA,C,TOYOTA,KIJANG INNOVA G TGN40R-GKMDKD,2006,MHFXW41G270018840,1TR - 6335165,1/19/2027,1/19/2027,RSUD,BAIK,AKTIF,TERCATAT DI BKAD
KTVP 1335,KTV- 1967,RSUD RATU AJI PUTRI BOTUNG,PEMKAB PENAJAM PASER UTARA,C,TOYOTA,KIJANG INNOVA E GKMRKD,2006,MHFXW41G160018746,1TR - 6333585,1/9/2027,1/9/2027,RSUD,RUSAK BERAT,TIDAK AKTIF,TERCATAT DI BKAD
KTVP 1337,KTVP 1011,"DINAS PEMBERDAYAAN PEREMPUAN, PERLINDUNGAN ANAK, PENGENDALIAN PENDUDUK DAN KELUARGA BERENCANA",KANTOR KB DAN PEMBERDAYAAN PEREMPUAN KAB,C,TOYOTA,KIJANG INNOVA G TGN40R-GKMDKD,2013,MHFXW42G9D2257641,1TR-7546763,12/23/2026,12/23/2028,"DINAS PEMBERDAYAAN PEREMPUAN, PERLINDUNGAN ANAK, PENGENDALIAN PENDUDUK & KELUARGA BERENCANA",BAIK,AKTIF,TERCATAT DI BKAD
KTVP 1342,KTV- 1118,PENGELOLA (BKAD),"DINAS KEPENDUDUKAN,CATATAN SIPIL,TENAGA",C,DAIHATSU,F601RV-GMDFJJ XENIA VVTI-1.3L,2008,MHKV1BA2J8K028603,DD68404,1/14/2026,1/14/2029,PENGELOLA,RUSAK BERAT,TIDAK AKTIF,TERCATAT DI BKAD
KTVP 1343, ,SEKRETARIAT DAERAH,PEMKAB.PENAJAM PASER UTARA,B,TOYOTA,FORTUNER 2.4 VRZ 4X2 AT (GUN165R-SDTMHD),2019,MHFGB8GS5K0889187,2GD  C488828,4/5/2027,4/5/2029,SEKRETARIAT DAERAH,BAIK,AKTIF,TERCATAT DI BKAD
KTVP 1347,KTV- 1116,DINAS PEKERJAAN UMUM DAN PENATAAN RUANG,PEMKAB PPU,C,TOYOTA,KIJANG INNOVA G TGN40R-GKMDKD,2008,MHFXW42G282130817,1TR - 6668204,1/6/2027,1/6/2029,DINAS PU DAN PENATAAN RUANG,BAIK,AKTIF,TERCATAT DI BKAD
KTVP 1350, ,"BADAN PERENCANAAN, PENELITIAN DAN PENGEMBANGAN",BADAN PERENCANAAN PENELITIAN DAN PENGEMB,B,TOYOTA,FORTUNER 2.4 VRZ 4X2 AT (GUN165R-SDTMHD),2019,MHFGB8GS4K0889200,2GD  C488993,4/12/2027,4/12/2029,"BADAN PERENCANAAN, PENELITIAN DAN PENGEMBANGAN",BAIK,AKTIF,TERCATAT DI BKAD
KTVP 1351,KTV- 1125,BADAN PENDAPATAN DAERAH,DINAS LINGKUNGAN HIDUP PEMKAB PPU,C,TOYOTA,KIJANG INNOVA E (TGN40R-GKMRKD,2008,MHFXW41G380033820,1TR - 6674427,1/22/2027,1/22/2029,BADAN PENDAPATAN DAERAH,BAIK,AKTIF,TERCATAT DI BKAD
KTVP 1352,KTV- 1061,DINAS KESEHATAN,DINAS KESEHATAN KAB.PPU,C,TOYOTA,KIJANG INNOVA G (GKMDKD 11),2007,MHFXW42G572104503,1TR - 6472302,1/22/2027,1/22/2028,DINAS KESEHATAN,RUSAK BERAT,TIDAK AKTIF,TERCATAT DI BKAD
KTVP 1353,KTV- 1068,YAYASAN ISLAM BINAULMU BABULU,PEMERINTAH KAB.PENAJAM PASER UTARA,C,TOYOTA,KIJANG GRAND LONG DIESEL LF 82,2003,MHF11LF8230050185,2L - 9779010,3/6/2025,3/6/2028,YAYASAN ISLAM BINAULMU BABULU,HIBAH,TIDAK AKTIF,HIBAH
KTVP 3596, ,"DINAS PEMBERDAYAAN PEREMPUAN, PERLINDUNGAN ANAK, PENGENDALIAN PENDUDUK DAN KELUARGA BERENCANA","DINAS PEMBERDAYAAN PEREMPUAN, PERLINDUNG",R,HONDA,AFX12U21C08 MT,2017,MH1JBP119HK566957,JBP1E1561979,12/14/2025,12/14/2027,"DINAS PEMBERDAYAAN PEREMPUAN, PERLINDUNGAN ANAK, PENGENDALIAN PENDUDUK & KELUARGA BERENCANA",BAIK,AKTIF,TERCATAT DI BKAD
KTVP 1356,KTV- 1138,"DINAS PERUMAHAN, KAWASAN PERMUKIMAN DAN PERTANAHAN",DINAS PENDIDIKAN PEMUDA DAN OLAH RAGA,C,DAIHATSU,F600RV-GMRFJJ XENIA VVTI-1.0L,2009,MHKV1AA1J9K003879,DN92506,8/18/2026,8/18/2029,DINAS PERUMAHAN KAWASAN PERMUKIMAN DAN PERTAMANAN,BAIK,AKTIF,TERCATAT DI BKAD
KTVP 1357,KTV- 1135,BADAN KEUANGAN DAN ASET DAERAH,INSPEKTORAT,C,DAIHATSU,F 601 RV-GMDFJJ (XENIA VVTI-13,2009,MHKV1BA2J9K038590,DE32641,8/12/2026,8/12/2029,BADAN KEUANGAN DAN ASET DAERAH,Pinjam Pakai,TIDAK AKTIF,PINJAM PAKAI
KTVP 1358,KTV- 1145,"DINAS PEMBERDAYAAN PEREMPUAN, PERLINDUNGAN ANAK, PENGENDALIAN PENDUDUK DAN KELUARGA BERENCANA",PEMKAB PPU,C,DAIHATSU,F601RV-GMDFJJ XENIA VVTI-1.3L,2009,MHKV1BA2J9K042089,DE49728,10/21/2026,10/21/2029,"DINAS PEMBERDAYAAN PEREMPUAN, PERLINDUNGAN ANAK, PENGENDALIAN PENDUDUK & KELUARGA BERENCANA",BAIK,AKTIF,TERCATAT DI BKAD
KTVP 1359,KTV- 1137,KECAMATAN PENAJAM,INSPEKTORAT,C,DAIHATSU,F601RV-GMDFJJ XENIA VVTI-1.3L,2009,MHKV1BA2J9K036750,DE18915,8/12/2026,8/12/2029,KECAMATAN PENAJAM,BAIK,AKTIF,TERCATAT DI BKAD
KTVP 1360,KTV- 1152,PENGELOLA (BKAD),PEMKAB PPU,C,DAIHATSU,F601RV-GMDFJJ (XENIA VVTI-1300,2009,MHKV1BA2J9K042074,DE49799,10/21/2026,10/21/2029,PENGELOLA,BAIK,AKTIF,TERCATAT DI BKAD
KTVP 3597, ,"DINAS PEMBERDAYAAN PEREMPUAN, PERLINDUNGAN ANAK, PENGENDALIAN PENDUDUK DAN KELUARGA BERENCANA","DINAS PEMBERDAYAAN PEREMPUAN, PERLINDUNG",R,HONDA,AFX12U21C08 MT,2017,MH1JBP111HK566953,JBP1E1562024,12/14/2025,12/14/2027,"DINAS PEMBERDAYAAN PEREMPUAN, PERLINDUNGAN ANAK, PENGENDALIAN PENDUDUK & KELUARGA BERENCANA",BAIK,AKTIF,TERCATAT DI BKAD
KTVP 1363,KTV- 1156,DINAS KOMUNIKASI DAN INFORMATIKA,PEMKAB PPU,C,DAIHATSU,F601RV-GMDFJJ XENIA VVTI-1.3L,2009,MHKV1BA2J9K041980,DE48994,10/21/2026,10/21/2029,"DINAS KOMUNIKASI DAN INFORMATIKA, STATISTIK DAN PERSANDIAN",BAIK,AKTIF,TERCATAT DI BKAD
KTVP 1364,KTV- 1148,DINAS TENAGA KERJA DAN TRANSMIGRASI,PEMKAB PPU,C,DAIHATSU,F601RV-GMDFJJ (XENIA VVTI-1300,2009,MHKV1BA2J9K041470,DE46918,10/21/2026,10/21/2029,DINAS TENAGA KERJA DAN TRANSMIGRASI,BAIK,AKTIF,TERCATAT DI BKAD
KTVP 1365,KTV- 1146,PENGELOLA (BKAD),PEMKAB PPU,C,DAIHATSU,F601RV-GMDFJJ XENIA VVTI-1.3L,2009,MHKV1BA2J9K042092,DE49666,10/21/2025,10/21/2029,PENGELOLA,Pinjam Pakai,TIDAK AKTIF,PINJAM PAKAI
KTVP 1366,KTV- 1164,PENGELOLA (BKAD),PEMKAB PPU,C,DAIHATSU,F601RV-GMDFJJ (XENIA VVTI-1300,2009,MHKV1BA2J9K042068,DE49789,10/21/2025,10/21/2029,PENGELOLA,Pinjam Pakai,TIDAK AKTIF,PINJAM PAKAI
KTVP 1367,KTV- 1172,DINAS KEBUDAYAAN DAN PARIWISATA,PEMERINTAH KAB.PENAJAM PASER UTARA,C,DAIHATSU,F601RV-GMDFJJ XENIA VVTI-1.3L,2009,MHKV1BA2J9K045610,DE63467,11/2/2026,11/2/2029,DINAS KEBUDAYAAN DAN PARIWISATA,BAIK,AKTIF,TERCATAT DI BKAD
KTVP 1368,KTV- 1151,PENGELOLA (BKAD),PEMKAB PPU,C,DAIHATSU,F601RV-GMDFJJ XENIA VVTI-1.3L,2009,MHKV1BA2J9K041897,DE48500,10/21/2025,10/21/2029,PENGELOLA,RUSAK BERAT,TIDAK AKTIF,LELANG
KTVP 1369,KTV- 1162,PENGELOLA (BKAD),PEMKAB PPU,C,DAIHATSU,F601RV-GMDFJJ XENIA VVTI-1.3L,2009,MHKV1BA2J9K042097,DE50476,10/21/2025,10/21/2029,PENGELOLA,Pinjam Pakai,TIDAK AKTIF,PINJAM PAKAI
KTVP 1370,KTV- 1159,PENGELOLA (BKAD),PEMKAB PPU,C,DAIHATSU,F601RV-GMDFJJ XENIA VVTI-1.3L,2009,MHKV1BA2J9K042057,DE49820,10/21/2025,10/21/2029,PENGELOLA,RUSAK BERAT,TIDAK AKTIF,PINJAM PAKAI
KTVP 1371,KTV- 1163,PENGELOLA (BKAD),PEMKAB PPU,C,DAIHATSU,F601RV-GMDFJJ XENIA VVTI-1.3L,2009,MHKV1BA2J9K042102,DE49878,10/21/2025,10/21/2029,PENGELOLA,Pinjam Pakai,TIDAK AKTIF,PINJAM PAKAI
KTVP 1372,KTV-   14,BADAN KESATUAN BANGSA DAN POLITIK,PEMKAB PPU,C,TOYOTA,KIJANG INNOVA G TGN40R-GKMDKD,2009,MHFXM4426392144615,1TR-6801277,10/23/2026,10/23/2029,BADAN KESATUAN BANGSA DAN POLITIK,BAIK,AKTIF,TERCATAT DI BKAD
KTVP 1373,KTV- 1170,PENGELOLA (BKAD),PEMERINTAH KAB.PENAJAM PASER UTARA,C,DAIHATSU,F601RV-GMDFJJ XENIA VVTI-1.3L,2009,MHKV1BA2J9K045941,DE69008,11/2/2026,11/2/2029,PENGELOLA,RUSAK BERAT,TIDAK AKTIF,PINJAM PAKAI
KTVP 1374,KTV- 1149,RSUD RATU AJI PUTRI BOTUNG,PEMKAB PPU,C,DAIHATSU,F601RV-GMDFJJ XENIA VVTI-1.3L,2009,MHKV1BA2J9K041367,DE45596,10/21/2026,10/21/2029,RSUD,BAIK,AKTIF,TERCATAT DI BKAD
KTVP 1375, ,DINAS PERHUBUNGAN,KANTOR DINAS PERHUBUNGAN,C,TOYOTA,RUSH 1.5 G M/T (F800RE-GMMFJ),2019,MHKE8FA2JKJ000672,2NR  F935670,1/17/2027,1/17/2030,DINAS PERHUBUNGAN,BAIK,AKTIF,TERCATAT DI BKAD
KTVP 1376,KTV- 1160,PENGELOLA (BKAD),PEMKAB PPU,C,DAIHATSU,F601RV-GMDFJJ XENIA VVTI-1.3L,2009,MHKV1BA2J9K042043,DE49712,10/21/2025,10/21/2029,PENGELOLA,RUSAK BERAT,TIDAK AKTIF,LELANG
KTV  2723, ,DINAS PENANGGULANGAN KEBAKARAN DAN PENYELAMATAN,DINAS PENANGGULANGAN KEBAKARAN DAN PENYE,R,YAMAHA,BKU-S A/T,2024,MH3SEJ920RJ017062,E31XE0075907,11/22/2025,11/22/2029,DINAS PENANGGULANGAN KEBAKARAN DAN PENYELAMATAN,BAIK,AKTIF,TERCATAT DI BKAD
KTVP 1378,KTV- 1150,PENGELOLA (BKAD),PEMKAB PPU,C,DAIHATSU,F601RV-GMDFJJ (XENIA VVTI-1300,2009,MHKV1BA2J9K042079,DE49889,10/21/2025,10/21/2029,PENGELOLA,RUSAK BERAT,TIDAK AKTIF,PINJAM PAKAI
KTVP 1379,KTV- 1147,"DINAS KOPERASI, UKM, PERINDUSTRIAN DAN PERDAGANGAN",PEMKAB PPU,C,DAIHATSU,F601RV-GMDFJJ XENIA VVTI-1.3L,2009,MHKV1BA2J9K041701,DE48563,10/21/2026,10/21/2029,DISKUKMPERINDAG,BAIK,AKTIF,TERCATAT DI BKAD
KTVP 1380,KTV    18,SEKRETARIAT DAERAH,PEMKAB PPU,C,NISSAN,X-TRAIL 2.0 CVT (4X2) AT,2009,MHBF2CG3A9J002223,MR20-004176R,10/21/2026,10/21/2029,SEKRETARIAT DAERAH,BAIK,AKTIF,TERCATAT DI BKAD
KTVP 1381,KTV- 1176,DINAS LINGKUNGAN HIDUP,DISHUTBUNTAMBEN,C,TOYOTA,KIJANG INNOVA G TGN40R-GKMDKD,2009,MHFXW42G392146218,1TR - 6814849,11/20/2026,11/20/2029,DINAS LINGKUNGAN HIDUP,BAIK,AKTIF,TERCATAT DI BKAD
KTVP 1382,KTV- 1158,PENGELOLA (BKAD),PEMKAB PPU,C,DAIHATSU,F601RV-GMDFJJ XENIA VVTI-1.3L,2009,MHKV1BA2J9K042053,DE49608,10/21/2025,10/21/2029,PENGELOLA,Pinjam Pakai,TIDAK AKTIF,PINJAM PAKAI
KTVP 1383,KTV- 1182,"DINAS PEMBERDAYAAN PEREMPUAN, PERLINDUNGAN ANAK, PENGENDALIAN PENDUDUK DAN KELUARGA BERENCANA",PEMKAB PPU,C,NISSAN,GRAND LIVINA XV MT,2009,MHBG1CG1F9J027487,HR15-939618A,11/17/2026,11/17/2029,"DINAS PEMBERDAYAAN PEREMPUAN, PERLINDUNGAN ANAK, PENGENDALIAN PENDUDUK & KELUARGA BERENCANA",RUSAK BERAT,TIDAK AKTIF,TERCATAT DI BKAD
KTVP 1384,KTV- 1179,PENGELOLA (BKAD),PEMKAB PPU,C,NISSAN,GRAND LIVINA XV MT,2009,MHBG1CG1F9J026842,HR15-938959A,11/17/2026,11/17/2029,PENGELOLA,RUSAK BERAT,TIDAK AKTIF,PINJAM PAKAI
KTVP 1386,KTV-    5,SEKRETARIAT DAERAH,SEKRETARIAT DAERAH KAB.PPU,B,TOYOTA,FORTUNER 2.7G AT LUX EKPSKD,2014,MHFZX69G0E7066329,2TR-7812250,9/18/2026,9/18/2029,SEKRETARIAT DAERAH,BAIK,AKTIF,TERCATAT DI BKAD
KTV  2724, ,DINAS PENANGGULANGAN KEBAKARAN DAN PENYELAMATAN,DINAS PENANGGULANGAN KEBAKARAN DAN PENYE,R,YAMAHA,BKU-S A/T,2024,MH3SEJ920RJ017342,E31XE0076548,11/22/2025,11/22/2029,DINAS PENANGGULANGAN KEBAKARAN DAN PENYELAMATAN,BAIK,AKTIF,TERCATAT DI BKAD
KTVP 1388,KTV- 1180,SEKRETARIAT DAERAH,PEMKAB PPU,C,NISSAN,GRAND LIVINA XV M/T,2009,MHBG1CG1F9J026949,HR15-939103A,11/17/2026,11/17/2029,PEMKAB PPU,BAIK,AKTIF,TIDAK ADA KETERANGAN
KTVP 1389,KTV- 1174,PENGELOLA (BKAD),DISHUBPAR,C,DAIHATSU,LUXIO 1.5D MT S402RG-ZMGFJJ JH,2009,MHKW3CA1J9K000828,DBJ2942,11/4/2026,11/4/2029,PENGELOLA,BAIK,AKTIF,TERCATAT DI BKAD
KTVP 1390,KTV- 1243,POLRES,PEMKAB PENAJAM PASER UTARA,C,TOYOTA,KIJANG INNOVA G TGN40R-GKMDKD,2006,MHXFW42G862080616,1TR - 6331896,1/9/2021,1/9/2022,POLRES,HIBAH,TIDAK AKTIF,HIBAH
KTVP 1391,KTV- 1110,KODIM,PEMKAB PENAJAM PASER UTARA,C,NISSAN,LIVINA 1.5 X-GEAR (4X2) MT,2008,MHBG2CG1F8J008181,HR15-931657A,12/23/2020,12/23/2023,KODIM,HIBAH,TIDAK AKTIF,HIBAH
KTVP 1392,KTV- 1097,KODIM,PEMKAB PENAJAM PASER UTARA,C,NISSAN,LIVINA 1.5 X-GEAR (4X2) MT,2008,MHBG2CG1F8J008180,HR15 - 931370A,12/23/2020,12/23/2023,KODIM,HIBAH,TIDAK AKTIF,HIBAH
KTVP 1393,KTV- 1270,KODIM,PEMERINTAH KABUPATEN PPU,C,TOYOTA,KIJANG INNOVA G TGN40R-GKMDKD,2012,MHFXW42G6C2223915,1TR-7310934,5/30/2020,5/30/2022,KODIM,HIBAH,TIDAK AKTIF,HIBAH
KTVP 1394,KTV- 1267,SEKRETARIAT DAERAH,PEMERINTAH KABUPATEN PPU,C,TOYOTA,KIJANG INNOVA G TGN40R-GKMDKD,2012,MHFXW426G6C2225177,1TR-7317151,6/13/2027,6/13/2027,PEMKAB PPU,BAIK,AKTIF,TIDAK ADA KETERANGAN
KTVP 1395,KTV- 1098,POLRES,PEMKAB PENAJAM PASER UTARA,C,NISSAN,LIVINA 1.5 X-GEAR (4X2) MT,2008,MHBG2CG1F8J008178,HR15 - 931653A,12/23/2020,12/23/2023,POLRES,HIBAH,TIDAK AKTIF,HIBAH
KTVP 1396,KTV- 1112,POLRES,PEMKAB PENAJAM PASER UTARA,C,NISSAN,LIVINA 1.5 X-GEAR (4X2) MT,2008,MHBG2CG1F8J008177,HR15 - 931643A,12/23/2020,12/23/2023,POLRES,HIBAH,TIDAK AKTIF,HIBAH
KTVP 1397,KTV- 1109,POLRES,PEMKAB PENAJAM PASER UTARA,C,NISSAN,LIVINA 1.5 X-GEAR (4X2) MT,2008,MHBG2CG1F8J008176,HR15-930952A,12/23/2020,12/23/2023,POLRES,HIBAH,TIDAK AKTIF,HIBAH
KTVP 1398,KTV- 1105,POLRES,PEMKAB PENAJAM PASER UTARA,C,NISSAN,LIVINA 1.5 X-GEAR (4X2) MT,2008,MHBG2CG1F8J008175,HR15 - 931606A,12/23/2020,12/23/2023,POLRES,HIBAH,TIDAK AKTIF,HIBAH
KTVP 1399,KTV- 1107,KODIM,PEMKAB PENAJAM PASER UTARA,C,NISSAN,LIVINA 1.5 X-GEAR (4X2) MT,2008,MHBG2CG1F8J008182,HR15 - 931366A,12/23/2020,12/23/2023,KODIM,HIBAH,TIDAK AKTIF,HIBAH
KTVP 1401,KTV-   29,SEKRETARIAT DAERAH,PEMKAB PENAJAM PASER UTARA,C,TOYOTA,KIJANG INNOVA G (GKMDKD 11),2006,MHFXW42GX62078186,1TR - 6319497.,1/9/2026,1/9/2027,PEMKAB PPU,BAIK,AKTIF,TIDAK ADA KETERANGAN
KTVP 1402,KTV- 1139,POLRES,DINAS PENDIDIKAN PEMUDA DAN OLAH RAGA,C,DAIHATSU,F 600 RV-GMRFJJ (XENIA VVTI-10,2009,MHKV1AA1J9K003619,DN88846,8/18/2020,8/18/2024,POLRES,HIBAH,TIDAK AKTIF,HIBAH
KTVP 1403,KTV- 1173,DINAS PERHUBUNGAN,DISHUBPAR,C,DAIHATSU,LUXIO 1.5D MT S402RG-ZMGFJJ JH,2009,MHKW3CA1J9K000830,DBJ2931,11/4/2026,11/4/2029,DINAS PERHUBUNGAN,RUSAK BERAT,TIDAK AKTIF,TERCATAT DI BKAD
KTVP 1405,KTV- 1153,PENGELOLA (BKAD),PEMKAB PPU,C,DAIHATSU,F 601 RV-GMDFJJ (XENIA VVTI-13,2009,MHKV1BA2J9K042063,DE49485,10/21/2024,10/21/2024,PENGELOLA,RUSAK BERAT,TIDAK AKTIF,LELANG
KTVP 1406,KTV-    7,PENGELOLA (BKAD),PEMKAB PENAJAM PASER UTARA,C,NISSAN,TERRANO KINGSROAD F 2,2002,WND21MG4958,Z24 - 947796Y,1/14/2025,1/14/2028,PENGELOLA,RUSAK BERAT,TIDAK AKTIF,LELANG
KTVP 1407,KTV- 1169,PENGELOLA (BKAD),PEMERINTAH KAB.PENAJAM PASER UTARA,C,DAIHATSU,F601RV-GMDFJJ XENIA VVTI-1.3L,2009,MHKV1BA2J9K044635,DE62568,11/2/2025,11/2/2029,PENGELOLA,Pinjam Pakai,TIDAK AKTIF,PINJAM PAKAI
KTVP 1408,KTV  1899,PENGELOLA (BKAD),PEMKAB PPU,C,NISSAN,GRAND LIVINA 1.8 XV MT,2009,MHBG1CG1F9J026843,HR15-938979A,11/17/2025,11/17/2029,PENGELOLA,RUSAK BERAT,TIDAK AKTIF,LELANG
KTVP 1412,KTV- 1157,DINAS PERTANIAN,PEMKAB PPU,C,DAIHATSU,F601RV-GMDFJJ XENIA VVTI-1.3L,2009,MHKV1BA2J9K041970,DE47173,10/21/2026,10/21/2029,DINAS PERTANIAN,BAIK,AKTIF,TERCATAT DI BKAD
KTVP 1416,KTV- 1171,PENGELOLA (BKAD),PEMERINTAH KAB.PENAJAM PASER UTARA,C,DAIHATSU,F601RV-GMDFJJ XENIA VVTI-1.3L,2009,MHKV1BA2J9K044867,DE63986,11/2/2024,11/2/2024,PENGELOLA,RUSAK BERAT,TIDAK AKTIF,LELANG
KTVP 1418,KTV- 1181,SATUAN POLISI PAMONG PRAJA,SEKRETARIAT DPRD KAB.PPU,C,NISSAN,X-TRAIL 2.0 2WD MT,2009,MHBF2CG3F9J002280,MR20-004043R,11/18/2026,11/18/2029,SATPOL PP,BAIK,AKTIF,TERCATAT DI BKAD
KTVP 1419,KTV- 1240,PENGELOLA (BKAD),PEMKAB PENAJAM PASER UTARA,C,TOYOTA,KIJANG INNOVA G TGN40R-GKMDKD,2006,MHFXW42GX62080665,1TR - 6332203,1/9/2026,1/9/2027,PENGELOLA,BAIK,AKTIF,TERCATAT DI BKAD
KTVP 1424,KTVP 1101,SEKRETARIAT DAERAH,SEKRETARIAT DAERAH KAB.PPU,C,TOYOTA,KIJANG INNOVA V GKMNKD,2015,MHFXW43G5F4092693,1TR-7994128,5/8/2027,5/8/2030,SEKRETARIAT DAERAH,BAIK,AKTIF,TERCATAT DI BKAD
KTVP 1426,KTVP 1100,DINAS KEBUDAYAAN DAN PARIWISATA,SEKRETARIAT DAERAH KAB.PPU,C,TOYOTA,KIJANG INNOVA V GKMNKD,2015,MHFXW43G1F4092867,1TR-7999796,5/8/2027,5/8/2030,DINAS KEBUDAYAAN DAN PARIWISATA,BAIK,AKTIF,TERCATAT DI BKAD
KTVP 1428,KTVP    9,BADAN KEUANGAN DAN ASET DAERAH,SEKRETARIAT DPRD KAB.PPU,B,TOYOTA,FORTUNER 2.7G AT LUX EKPSKD,2015,MHFZX69G8F7074180,2TR-7958974,7/10/2027,7/10/2030,BADAN KEUANGAN DAN ASET DAERAH,Pinjam Pakai,TIDAK AKTIF,PINJAM PAKAI
KTVP 1433,KTVP 1114,BADAN PENANGGULANGAN BENCANA DAERAH,BADAN PENANGGULANGAN BENCANA DAERAH KAB.,C,TOYOTA,RUSH 1.5G (F700RE-GMDFJ),2015,MHFE2CJ2JFK049019,3SZDFB9161,7/10/2026,7/10/2030,BADAN PENANGGULANGAN BENCANA DAERAH,BAIK,AKTIF,TERCATAT DI BKAD
KTVP 1434,KTV- 1195,"DINAS KOPERASI, UKM, PERINDUSTRIAN DAN PERDAGANGAN",DINAS KUKMPERINDAG KAB.PPU,C,SUZUKI,GC415V APV DLX MT,2010,MHYGDN42VAJ336863,G15AID-204350,8/5/2026,8/5/2030,DISKUKMPERINDAG,BAIK,AKTIF,TERCATAT DI BKAD
KTVP 1435,KTV- 1196,"DINAS KOPERASI, UKM, PERINDUSTRIAN DAN PERDAGANGAN",DINAS KUKMPERINDAG KAB.PPU,C,SUZUKI,GC415V APV DLX MT,2010,MHYGDN42VAJ336854,G15AID-204353,8/5/2026,8/5/2030,DISKUKMPERINDAG,BAIK,AKTIF,TERCATAT DI BKAD
KTVP 1436,KTVP 1115,SEKRETARIAT DPRD,SEKRETARIAT DPRD KAB.PPU,B,MITSUBISHI,OUTLANDER SPORT 2.0L GLX-E 4X2 MT,2015,MHMGAWS2NFK001231,4B11-NS3546,8/5/2026,8/5/2030,SEKRETARIAT DPRD,BAIK,AKTIF,TERCATAT DI BKAD
KTVP 1439, ,SEKRETARIAT DPRD,SEKRETARIAT DPRD KABUPATEN PENAJAM PASER,B,MITSUBISHI,PAJERO SPORT 2.4L DAKAR-H 4X4 8 AT,2020,MK2KSWPNULJ000269,4N15UGJ9433,12/22/2026,12/22/2030,SEKRETARIAT DPRD,BAIK,AKTIF,TERCATAT DI BKAD
KTVP 1527, ,DINAS PENANGGULANGAN KEBAKARAN DAN PENYELAMATAN,DINAS PENANGGULANGAN KEBAKARAN DAN PENYE,C,TOYOTA,A250RA-GBVVJ 1.0T S CVT,2023,MHKAA1BA0PJ107704,1KRA831786,11/20/2025,11/20/2028,DINAS PENANGGULANGAN KEBAKARAN DAN PENYELAMATAN,BAIK,AKTIF,TERCATAT DI BKAD
KTVP 1445,KTV- 1161,PENGELOLA (BKAD),PEMKAB PPU,C,DAIHATSU,F 601 RV-GMDFJJ (XENIA VVTI-13,2009,MHKV1BA2J9K041192,DE44751,10/21/2026,10/21/2029,PENGELOLA,RUSAK BERAT,TIDAK AKTIF,PINJAM PAKAI
KTVP 1446,KTV- 1062,DINAS KESEHATAN,DINAS KESEHATAN KAB.PPU,C,TOYOTA,KIJANG INNOVA G (GKMDKD 11),2007,MHFXW42G572105697,1TR - 6481804,1/22/2027,1/22/2028,DINAS KESEHATAN,BAIK,AKTIF,TERCATAT DI BKAD
KTVP 1447,KTV  1203,SEKRETARIAT DAERAH,PEMERINTAH KAB. PPU,C,SUZUKI,GC415V APV SDX MT,2010,MHYGDN42VAJ337495,G15AID-205089,1/13/2027,1/13/2031,SEKRETARIAT DAERAH,Pinjam Pakai,TIDAK AKTIF,PINJAM PAKAI
KTVP 1448,KTV- 1208,DINAS PERTANIAN,DINAS P3K KAB.PPU,C,TOYOTA,KIJANG INNOVA G TGN40R-GKMDKD,2010,MHFXW42G3A2176355,1TR-7025454,1/28/2027,1/28/2031,DINAS PERTANIAN,BAIK,AKTIF,TERCATAT DI BKAD
KTVP 1449,KTV  1205,BADAN KEUANGAN DAN ASET DAERAH,PEMERINTAH KAB. PPU,C,SUZUKI,GC415V APV SDX MT,2010,MHYGDN42VAJ336903,G15AID-204395,1/13/2027,1/13/2031,BADAN KEUANGAN DAN ASET DAERAH,BAIK,AKTIF,TERCATAT DI BKAD
KTVP 1450,KTV  1204,"BADAN PERENCANAAN, PENELITIAN DAN PENGEMBANGAN",PEMERINTAH KAB. PPU,C,SUZUKI,GC415V APV SDX MT,2010,MHYGDN42VAJ338173,G15AID-205791,1/13/2027,1/13/2031,"BADAN PERENCANAAN, PENELITIAN DAN PENGEMBANGAN",BAIK,AKTIF,TERCATAT DI BKAD
KTVP 1451,KTV  1207,PENGELOLA (BKAD),DISHUBBUDPAR KAB. PPU,C,TOYOTA,AVANZA 1500 S (F602RM GMSFJJ),2010,MHFM1CA4JAK044346,DBW3059,1/21/2026,1/21/2026,PENGELOLA,RUSAK BERAT,TIDAK AKTIF,LELANG
KTVP 1452,KTV  1198,DINAS KOMUNIKASI DAN INFORMATIKA,PEMKAB PPU,C,TOYOTA,KIJANG INNOVA G TGN40R-GKMDKD,2010,MHFXW42GXA2165725,1TR-6959607,2/23/2027,2/23/2031,"DINAS KOMUNIKASI DAN INFORMATIKA, STATISTIK DAN PERSANDIAN",BAIK,AKTIF,TERCATAT DI BKAD
KTVP 1453,KTV  1197,KECAMATAN PENAJAM,PEMERINTAH KAB. PPU,C,TOYOTA,KIJANG INNOVA G TGN40R-GKMDKD,2010,MHFXW42G5A2165700,1TR-6954543,2/23/2027,2/23/2031,KECAMATAN PENAJAM,BAIK,AKTIF,TERCATAT DI BKAD
KTVP 1454,KTV  2066,PENGELOLA (BKAD),PEMKAB PENAJAM PASER UTARA,C,TOYOTA,KIJANG INNOVA E GKMRKD,2006,MHFXW41G960018400,1TR-6327226,1/9/2025,1/9/2027,PENGELOLA,Pinjam Pakai,TIDAK AKTIF,PINJAM PAKAI
KTVP 1459,KTV  1214,"DINAS PENDIDIKAN, PEMUDA DAN OLAHRAGA",DISDIKPORA KAB. PPU,C,TOYOTA,AVANZA 1500 S (F602RM GMSFJJ),2011,MHFM1CA4JBK055850,DCF1510,10/11/2026,10/11/2026,DISDIKPORA,BAIK,AKTIF,TERCATAT DI BKAD
KTVP 1460,KTV    99,SEKRETARIAT DAERAH,PEMKAB PENAJAM PASER UTARA,B,TOYOTA,FORTUNER 2.7G AT LUX EKPSKD,2007,MHFZX69G377004359,2RT-6472050,1/30/2027,1/30/2028,SEKRETARIAT DAERAH,Pinjam Pakai,TIDAK AKTIF,PINJAM PAKAI
KTVP 1464,KTV  1212,"DINAS PENDIDIKAN, PEMUDA DAN OLAHRAGA",DISDIKPORA KAB. PPU,C,TOYOTA,AVANZA 1500 S (F602RM GMSFJJ),2011,MHFM1CA4JBK055727,DCE9522,11/4/2026,11/4/2026,DISDIKPORA,BAIK,AKTIF,TERCATAT DI BKAD
KTVP 1465,KTV- 1228,DINAS PERPUSTAKAAN DAN ARSIP,PEMERINTAH KABUPATEN PENAJAM PASER UTARA,C,TOYOTA,AVANZA 1300 E (F601RM GMDFJJ),2011,MHFM1BA2JBK041241,DJ65451,11/18/2026,11/18/2026,DINAS PERPUSTAKAAN DAN ARSIP,BAIK,AKTIF,TERCATAT DI BKAD
KTVP 1468,KTV- 1218,DINAS PERTANIAN,DINAS KEHUTANAN & PERKEBUNAN KAB.PPU,C,TOYOTA,AVANZA 1300 G (F601RM GMMFJJ),2011,MHFM1BA3JBK374940,DJ56574,11/11/2026,11/11/2026,DINAS PERTANIAN,BAIK,AKTIF,TERCATAT DI BKAD
KTVP 1469,KTV  1227,"DINAS PENDIDIKAN, PEMUDA DAN OLAHRAGA",PEMERINTAH KABUPATEN PENAJAM PASER UTARA,C,TOYOTA,AVANZA 1300 E (F601RM GMDFJJ),2011,MHFM1BA2JBK040988,DJ57296,11/11/2026,11/11/2026,DISDIKPORA,BAIK,AKTIF,TERCATAT DI BKAD
KTVP 1470, ,SEKRETARIAT DPRD,SEKRETARIAT DPRD KABUPATEN PENAJAM PASER,C,MITSUBISHI,ECLIPSE CROSS 1.5L ULTIMATE (4X2) A/T,2020,JMYXTGK1WLZ002089,4B40HX9695,11/18/2026,11/18/2026,SEKRETARIAT DPRD,BAIK,AKTIF,TERCATAT DI BKAD
KTVP 1471,KTV  1239,DINAS PERIKANAN,PEMKAB PENAJAM PASER UTARA,C,TOYOTA,KIJANG INNOVA G TGN40R-GKMDKD,2006,MHFXW42G962068376,1TR-6267930,1/9/2027,1/9/2027,DINAS PERIKANAN,BAIK,AKTIF,TERCATAT DI BKAD
KTVP 1472,KTV  1238,DINAS KOMUNIKASI DAN INFORMATIKA,PEMKAB PENAJAM PASER UTARA,C,TOYOTA,KIJANG INNOVA G TGN40R-GKMDKD,2006,MHFXW42G362077316,1TR-6316562,1/9/2027,1/9/2027,"DINAS KOMUNIKASI DAN INFORMATIKA, STATISTIK DAN PERSANDIAN",BAIK,AKTIF,TERCATAT DI BKAD
KTVP 1473,KTV  1250,SEKRETARIAT DAERAH,PEMKAB PENAJAM PASER UTARA,C,TOYOTA,KIJANG INNOVA G TGN40R-GKMDKD,2006,MHFXW42G562070027,1TR-6278007,1/9/2027,1/9/2027,SEKRETARIAT DAERAH,BAIK,AKTIF,TERCATAT DI BKAD
KTVP 1474,KTV  1229,"DINAS PENDIDIKAN, PEMUDA DAN OLAHRAGA",PEMERINTAH KABUPATEN PENAJAM PASER UTARA,C,TOYOTA,AVANZA 1300 E (F601RM GMDFJJ),2011,MHFM1BA2JBK041088,DJ60947,11/18/2026,11/18/2026,DISDIKPORA,BAIK,AKTIF,TERCATAT DI BKAD
KTVP 1476,KTV-   10,"DINAS PEMBERDAYAAN PEREMPUAN, PERLINDUNGAN ANAK, PENGENDALIAN PENDUDUK DAN KELUARGA BERENCANA",PEMKAB PENAJAM PASER UTARA,C,TOYOTA,KIJANG INNOVA V GKMNKD,2006,MHFXW43G764030082,1TR-6305755,1/9/2026,1/9/2027,"DINAS PEMBERDAYAAN PEREMPUAN, PERLINDUNGAN ANAK, PENGENDALIAN PENDUDUK & KELUARGA BERENCANA",BAIK,AKTIF,TERCATAT DI BKAD
KTVP 1477,KTV  1226,"DINAS PENDIDIKAN, PEMUDA DAN OLAHRAGA",PEMERINTAH KABUPATEN PENAJAM PASER UTARA,C,TOYOTA,AVANZA 1300 E (F601RM GMDFJJ),2011,MHFM1BA2JBK040399,DJ44642,11/11/2026,11/11/2026,DISDIKPORA,BAIK,AKTIF,TERCATAT DI BKAD
KTVP 1528, ,DINAS PENANGGULANGAN KEBAKARAN DAN PENYELAMATAN,DINAS PENANGGULANGAN KEBAKARAN DAN PENYE,C,TOYOTA,RUSH 1.5 G M/T (F800RE-GMMFJ),2023,MHKE8FA2JPK019300,2NR4B39592,11/23/2025,11/23/2028,DINAS PENANGGULANGAN KEBAKARAN DAN PENYELAMATAN,BAIK,AKTIF,TERCATAT DI BKAD
KTVP 3996, ,DINAS PENANGGULANGAN KEBAKARAN DAN PENYELAMATAN,DINAS PENANGGULANGAN KEBAKARAN DAN PENYE,R,KAWASAKI,LX150F,2019,MH4LX150FKJP80018,LX150CEWE6379,1/28/2025,1/28/2025,DINAS PENANGGULANGAN KEBAKARAN DAN PENYELAMATAN,BAIK,AKTIF,TERCATAT DI BKAD
KTVP 1480,KTV  1262,BADAN KEUANGAN DAN ASET DAERAH,PEMERINTAH KABUPATEN PPU,C,TOYOTA,KIJANG INNOVA G TGN40R-GKMDKD,2012,MHFXW42G8C2224368,1TR-7313066,5/30/2027,5/30/2027,BADAN KEUANGAN DAN ASET DAERAH,BAIK,AKTIF,TERCATAT DI BKAD
KTVP 1481,KTV  1266,SEKRETARIAT DAERAH,PEMERINTAH KABUPATEN PPU,C,TOYOTA,KIJANG INNOVA G TGN40R-GKMDKD,2012,MHEXW42G7C2224846,1TR-7315577,5/30/2025,5/30/2027,SEKRETARIAT DAERAH,Pinjam Pakai,TIDAK AKTIF,TERCATAT DI BKAD
KTVP 1482,KTV  1278,DINAS PEMBERDAYAAN MASYARAKAT DAN DESA,BADAN PEMBERDAYAAN MASYARAKAT DAN PEMERI,C,TOYOTA,RUSH 1.5 G MT F700RE-GMDFJ,2012,MHFE2CJ2JCK028902,DCT8043,6/28/2027,6/28/2027,DINAS PEMBERDAYAAN MASYARAKAT DAN DESA,BAIK,AKTIF,TERCATAT DI BKAD
KTVP 1483,KTV  1268,BADAN KEUANGAN DAN ASET DAERAH,PEMERINTAH KABUPATEN PPU,C,TOYOTA,KIJANG INNOVA G TGN40R-GKMDKD,2012,MHFXW42G4C2224979,1TR-7316067,5/30/2027,5/30/2027,BADAN KEUANGAN DAN ASET DAERAH,BAIK,AKTIF,TERCATAT DI BKAD
KTVP 1484,KTV  1260,"DINAS KOPERASI, UKM, PERINDUSTRIAN DAN PERDAGANGAN",DISKUKMPERINDAG KAB. PPU,C,TOYOTA,NEW AVANZA 1.3G MT,2012,MHKM1BA3JCK043405,DK63408,5/23/2027,5/23/2027,DISKUKMPERINDAG,BAIK,AKTIF,TERCATAT DI BKAD
KTVP 1485,KTV- 1247,DINAS PERPUSTAKAAN DAN ARSIP,PEMKAB PENAJAM PASER UTARA,C,TOYOTA,KIJANG INNOVA G TGN40R-GKMDKD,2006,MHFXW42G062075944,1TR-6311433,1/19/2027,1/19/2027,DINAS PERPUSTAKAAN DAN ARSIP,RUSAK BERAT,TIDAK AKTIF,TERCATAT DI BKAD
KTVP 1486,KTV  1282,DINAS PERTANIAN,DP3K KAB.PPU,C,TOYOTA,NEW AVANZA VELOZ 1.5 MT,2012,MHKM1CA4JCJ010098,DCU4759,7/13/2027,7/13/2027,DINAS PERTANIAN,BAIK,AKTIF,TERCATAT DI BKAD
KTVP 1487,KTV  1277,DINAS PERTANIAN,DP3K KAB. PENAJAM PASER UTARA,C,TOYOTA,NEW AVANZA VELOZ 1.5 MT,2012,MHKM1CA4JCK011164,DCV0124,7/13/2027,7/13/2027,DINAS PERTANIAN,BAIK,AKTIF,TERCATAT DI BKAD
KTVP 1488,KTV  1279,DINAS KEPENDUDUKAN DAN PENCATATAN SIPIL,DISDUKCAPIL KAB. PPU,C,TOYOTA,NEW AVANZA 1.3G M/T,2012,MHKM1BA3JCK057916,DK97383,7/4/2027,7/4/2027,DINAS KEPENDUDUKAN DAN PENCATATAN SIPIL,BAIK,AKTIF,TERCATAT DI BKAD
KTVP 1490,KTV  1263,SEKRETARIAT DAERAH,PEMERINTAH KABUPATEN PPU,C,TOYOTA,KIJANG INNOVA G TGN40R-GKMDKD,2012,MHFXW42G7C2225365,1TR-7318240,5/30/2025,5/30/2027,SEKRETARIAT DAERAH,Pinjam Pakai,TIDAK AKTIF,TERCATAT DI BKAD
KTVP 1492,KTV  1241,KECAMATAN BABULU,PEMKAB PENAJAMPASER UTARA,C,TOYOTA,KIJANG INNOVA G TGN40R-GKMDKD,2006,MHFXW42G962068362,1TR-6268201,1/9/2027,1/9/2027,KECAMATAN BABULU,RUSAK BERAT,TIDAK AKTIF,TERCATAT DI BKAD
KTVP 1493,KTV  1271,SEKRETARIAT DAERAH,PEMKAB PPU,C,TOYOTA,KIJANG INNOVA G TGN40R-GKMDKD,2012,MHFXW42GDC2222257,1TR-7299048,5/30/2027,5/30/2027,SEKRETARIAT DAERAH,BAIK,AKTIF,TERCATAT DI BKAD
KTVP 1495,KTV  1269,SEKRETARIAT DAERAH,PEMERINTAH KABUPATEN PPU,C,TOYOTA,KIJANG INNOVA G TGN40R-GKMDKD,2012,MHFXW42G4C2224495,1TR-7309669,5/30/2026,5/30/2027,SEKRETARIAT DAERAH,Pinjam Pakai,TIDAK AKTIF,PINJAM PAKAI
KTVP 1497, ,SEKRETARIAT DAERAH,PEMERINTAH KABUPATEN PENAJAM PASER UTARA,B,MITSUBISHI,PAJERO SPORT 2.4L DAKAR ULTI-L 4X2 8AT,2022,MK2KRWFNUNJ001877,4N15UJN2412,12/19/2025,12/19/2027,PEMKAB PPU,Belanja Hibah,TIDAK AKTIF,TIDAK DIKETAHUI KEBERADAANYA
KTVP 1498, ,SEKRETARIAT DAERAH,PEMERINTAH KABUPATEN PENAJAM PASER UTARA,B,MITSUBISHI,PAJERO SPORT 2.4L DAKAR ULTI-L 4X2 8AT,2022,MK2KRWFNUNJ001836,4N15UJN2411,12/19/2025,12/19/2027,PEMKAB PPU,Belanja Hibah,TIDAK AKTIF,Belanja Hibah
KTVP 1502, ,SEKRETARIAT DPRD,PEMERINTAH KABUPATEN PENAJAM PASER UTARA,B,TOYOTA,FORTUNER 2.8 VRZ 4X2 AT (GUN166R-SDTHXD),2022,MHFAA8GS8N0781918,1GD-5232612,3/13/2027,3/13/2028,SEKRETARIAT DPRD,BAIK,AKTIF,TERCATAT DI BKAD
KTVP 1503, ,SEKRETARIAT DAERAH,PEMERINTAH KABUPATEN PENAJAM PASER UTARA,C,TOYOTA,KIJANG INNOVA 2.0 G AT (TGN140R-MDTSKD),2022,MHFJW8EM8N2406699,1TR-8055304,3/13/2027,3/13/2028,SEKRETARIAT DAERAH,BAIK,AKTIF,TERCATAT DI BKAD
KTVP 1522,KTV  1272,BADAN KEUANGAN DAN ASET DAERAH,PEMKAB PPU,C,TOYOTA,KIJANG INNOVA G TGN40R-GKMDKD,2012,MHFXW42G8C2224127,1TR-7307229,5/30/2027,5/30/2027,BADAN KEUANGAN DAN ASET DAERAH,BAIK,AKTIF,TERCATAT DI BKAD
KTVP 1523,KTV  1265,KECAMATAN SEPAKU,PEMERINTAH KABUPATEN PPU,C,TOYOTA,KIJANG INNOVA G (TGN40R-GKMDKD,2012,MHFXW42G2C2221868,1TR-7297038,5/30/2026,5/30/2027,KECAMATAN SEPAKU,RUSAK BERAT,TIDAK AKTIF,TERCATAT DI BKAD
KTVP 1525,KTV     2,PENGELOLA (BKAD),SEKRETARIAT DPRD PPU,B,TOYOTA,FORTUNER 2.5G MT KUN60R-EKMSHD,2008,MHFZR69G883001606,2KD-6223382,1/6/2025,1/6/2029,PENGELOLA,RUSAK BERAT,TIDAK AKTIF,LELANG
KTVP 1526,KTVP 1118,PENGELOLA (BKAD),SEKRETARIAT DPRD KAB. PPU,C,NISSAN,X-TRAIL 2.0 2WD MT,2009,MHBF2CG3F9J002281,MR20-003807R,11/18/2025,11/18/2029,PENGELOLA,RUSAK BERAT,TIDAK AKTIF,LELANG
KTVP 3997, ,DINAS PENANGGULANGAN KEBAKARAN DAN PENYELAMATAN,DINAS PENANGGULANGAN KEBAKARAN DAN PENYE,R,KAWASAKI,LX150F,2019,MH4LX150FKJP84663,LX150CEWF8573,1/28/2025,1/28/2025,DINAS PENANGGULANGAN KEBAKARAN DAN PENYELAMATAN,BAIK,AKTIF,TERCATAT DI BKAD
KTVP 3998, ,DINAS PENANGGULANGAN KEBAKARAN DAN PENYELAMATAN,DINAS PENANGGULANGAN KEBAKARAN DAN PENYE,R,KAWASAKI,LX150F,2019,MH4LX150FKJP84649,LX150CEWF8557,1/28/2025,1/28/2025,DINAS PENANGGULANGAN KEBAKARAN DAN PENYELAMATAN,BAIK,AKTIF,TERCATAT DI BKAD
KTVP 1530, ,BADAN PENDAPATAN DAERAH,BADAN PENDAPATAN DAERAH KABUPATEN PENAJA,C,MITSUBISHI,XPANDER CROSS 1.5L PLUS 4X2 A/T,2023,MK2NCXTATPJ008614,4A91KBS4996,12/8/2026,12/8/2028,BADAN PENDAPATAN DAERAH,BAIK,AKTIF,TERCATAT DI BKAD
KTVP 1531, ,BADAN PENDAPATAN DAERAH,BADAN PENDAPATAN DAERAH KABUPATEN PENAJA,C,MITSUBISHI,XPANDER CROSS 1.5L PLUS 4X2 A/T,2023,MK2NCXTATPJ008352,4A91KBR4410,12/8/2026,12/8/2028,BADAN PENDAPATAN DAERAH,BAIK,AKTIF,TERCATAT DI BKAD
KTVP 1532, ,DINAS PERPUSTAKAAN DAN ARSIP,DINAS PERPUSTAKAAN DAN ARSIP KABUPATEN P,C,MITSUBISHI,XPANDER CROSS 1.5L PLUS 4X2 A/T,2023,MK2NCXTATPJ008635,4A91KBS6786,12/8/2026,12/8/2028,DINAS PERPUSTAKAAN DAN ARSIP,BAIK,AKTIF,TERCATAT DI BKAD
KTVP 1533, ,DINAS PERPUSTAKAAN DAN ARSIP,DINAS PERPUSTAKAAN DAN ARSIP KABUPATEN P,C,MITSUBISHI,XPANDER CROSS 1.5L PLUS 4X2 A/T,2023,MK2NCXTATPJ009037,4A91KBS9102,12/8/2026,12/8/2028,DINAS PERPUSTAKAAN DAN ARSIP,BAIK,AKTIF,TERCATAT DI BKAD
KTVP 1534, ,INSPEKTORAT DAERAH,INSPEKTORAT DAERAH KABUPATEN PENAJAM PAS,C,TOYOTA,MAGH10R-BRXMBD 2.0 V HV CVT,2023,MHFABAAA8P0012942,M20A-NB23520,12/22/2026,12/22/2028,INSPEKTORAT DAERAH,BAIK,AKTIF,TERCATAT DI BKAD
KTVP 1535, ,INSPEKTORAT DAERAH,INSPEKTORAT DAERAH KABUPATEN PENAJAM PAS,C,TOYOTA,RUSH 1.5 S A/T (F800RE-GQGFJ),2023,MHKE8FB3JPK089129,2NR4B44282,1/9/2027,1/9/2029,INSPEKTORAT DAERAH,BAIK,AKTIF,TERCATAT DI BKAD
KTVP 1536, ,SEKRETARIAT DAERAH,PEMERINTAH KABUPATEN PENAJAM PASER UTARA,C,TOYOTA,KIJANG INNOVA 2.0 G MT (TGN140R-MDMSKD),2023,MHFJW8EM5P2410857,1TR-B146283,2/15/2027,2/15/2029,SEKRETARIAT DAERAH,BAIK,AKTIF,TERCATAT DI BKAD
KTVP 1537, ,SEKRETARIAT DAERAH,PEMERINTAH KABUPATEN PENAJAM PASER UTARA,C,TOYOTA,KIJANG INNOVA 2.0 G MT (TGN140R-MDMSKD),2023,MHFJW8EM9P2410859,1TR-B146289,2/15/2027,2/15/2029,SEKRETARIAT DAERAH,BAIK,AKTIF,TERCATAT DI BKAD
KTVP 4001, ,DINAS PENANGGULANGAN KEBAKARAN DAN PENYELAMATAN,DINAS PENANGGULANGAN KEBAKARAN DAN PENYE,R,KAWASAKI,LX150F,2019,MH4LX150FKJP82121,LX150CEWF0970,1/28/2025,1/28/2025,DINAS PENANGGULANGAN KEBAKARAN DAN PENYELAMATAN,BAIK,AKTIF,TERCATAT DI BKAD
KTVP 1539, ,KELURAHAN PETUNG,PEMERINTAH KABUPATEN PENAJAM PASER UTARA,C,TOYOTA,W101RE-LMMFJ 1.5 G M/T,2023,MHKAB1BY8PK066890,2NR4B29456,2/23/2027,2/23/2029,KELURAHAN PETUNG,BAIK,AKTIF,TERCATAT DI BKAD
KTVP 1540, ,KELURAHAN KAMPUNG BARU,PEMERINTAHAN KABUPATEN PENAJAM PASER UTA,C,TOYOTA,W101RE-LMMFJ 1.5 G M/T,2023,MHKAB1BYXPK066843,2NR4B30400,2/7/2026,2/7/2029,KELURAHAN KAMPUNG BARU,BAIK,AKTIF,TERCATAT DI BKAD
KTVP 1541, ,KELURAHAN LAWE-LAWE,PEMERINTAHAN KABUPATEN PENAJAM PASER UTA,C,TOYOTA,W101RE-LMMFJ 1.5 G M/T,2023,MHKAB1BYXPK066874,2NR4B30092,2/7/2027,2/7/2029,KELURAHAN LAWE-LAWE,BAIK,AKTIF,TERCATAT DI BKAD
KTVP 1542, ,KELURAHAN MENTAWIR,PEMERINTAHAN KABUPATEN PENAJAM PASER UTA,C,TOYOTA,W101RE-LMMFJ 1.5 G M/T,2023,MHKAB1BY3PK071141,2NR4B57363,2/7/2027,2/7/2029,KELURAHAN MENTAWIR,BAIK,AKTIF,TERCATAT DI BKAD
KTVP 1543, ,KELURAHAN NENANG,PEMERINTAHAN KABUPATEN PENAJAM PASER UTA,C,TOYOTA,W101RE-LMMFJ 1.5 G M/T,2023,MHKAB1BY3PK071785,2NR4B62943,2/7/2026,2/7/2029,KELURAHAN NENANG,BAIK,AKTIF,TERCATAT DI BKAD
KTVP 1544, ,KELURAHAN TANJUNG TENGAH,PEMERINTAHAN KABUPATEN PENAJAM PASER UTA,C,TOYOTA,W101RE-LMMFJ 1.5 G M/T,2023,MHKAB1BY6PK071876,2NR4B63272,2/7/2027,2/7/2029,KELURAHAN TANJUNG TENGAH,BAIK,AKTIF,TERCATAT DI BKAD
KTVP 1545, ,KELURAHAN SOTEK,PEMERINTAH KABUPATEN PENAJAM PASER UTARA,C,TOYOTA,W101RE-LMMFJ 1.5 G M/T,2023,MHKAB1BY2PK066965,2NR4B28621,2/23/2027,2/23/2029,KELURAHAN SOTEK,BAIK,AKTIF,TERCATAT DI BKAD
KTVP 1546, ,KELURAHAN SALOLOANG,PEMERINTAH KABUPATEN PENAJAM PASER UTARA,C,TOYOTA,W101RE-LMMFJ 1.5 G M/T,2023,MHKAB1BY2PK067002,2NR4B28975,2/23/2027,2/23/2029,KELURAHAN SALOLOANG,BAIK,AKTIF,TERCATAT DI BKAD
KTVP 4002, ,DINAS PENANGGULANGAN KEBAKARAN DAN PENYELAMATAN,DINAS PENANGGULANGAN KEBAKARAN DAN PENYE,R,KAWASAKI,LX150F,2019,MH4LX150FKJP84664,LX150CEWF8572,1/28/2025,1/28/2025,DINAS PENANGGULANGAN KEBAKARAN DAN PENYELAMATAN,BAIK,AKTIF,TERCATAT DI BKAD
KTVP 1548, ,KELURAHAN GERSIK,PEMERINTAH KABUPATEN PENAJAM PASER UTARA,C,TOYOTA,W101RE-LMMFJ 1.5 G M/T,2023,MHKAB1BY3PK067025,2NR4B28976,2/23/2027,2/23/2029,KELURAHAN GERSIK,BAIK,AKTIF,TERCATAT DI BKAD
KTVP 1549, ,KELURAHAN PEJALA,PEMERINTAH KABUPATEN PENAJAM PASER UTARA,C,TOYOTA,W101RE-LMMFJ 1.5 G M/T,2023,MHKAB1BY4PK067017,2NR4B30410,2/23/2027,2/23/2029,KELURAHAN PEJALA,BAIK,AKTIF,TERCATAT DI BKAD
KTVP 1550, ,SEKRETARIAT DAERAH,PEMERINTAH KABUPATEN PENAJAM PASER UTARA,C,TOYOTA,W101RE-LMSFJ 1.5 M/T,2023,MHFAB1BY8P0064017,2NRY036161,2/15/2027,2/15/2029,SEKRETARIAT DAERAH,BAIK,AKTIF,TERCATAT DI BKAD
KTVP 1552, ,KELURAHAN NIPAH-NIPAH,PEMERINTAHAN KABUPATEN PENAJAM PASER UTA,C,TOYOTA,W101RE-LMMFJ 1.5 G M/T,2023,MHKAB1BY3PK071754,2NR4B62505,2/7/2027,2/7/2029,KELURAHAN NIPAH-NIPAH,BAIK,AKTIF,TERCATAT DI BKAD
KTVP 1553, ,KELURAHAN JENEBORA,PEMERINTAHAN KABUPATEN PENAJAM PASER UTA,C,TOYOTA,W101RE-LMMFJ 1.5 G M/T,2023,MHKAB1BY0PK071291,2NR4B59052,2/7/2026,2/7/2029,KELURAHAN JENEBORA,BAIK,AKTIF,TERCATAT DI BKAD
KTVP 1554, ,KELURAHAN SEPAN,PEMERINTAHAN KABUPATEN PENAJAM PASER UTA,C,TOYOTA,W101RE-LMMFJ 1.5 G M/T,2023,MHKAB1BY6PK071165,2NR4B57364,2/7/2027,2/7/2029,KELURAHAN SEPAN,BAIK,AKTIF,TERCATAT DI BKAD
KTVP 1556, ,KELURAHAN PENAJAM,PEMERINTAHAN KABUPATEN PENAJAM PASER UTA,C,TOYOTA,W101RE-LMMFJ 1.5 G M/T,2023,MHKAB1BY6PK071490,2NR4B60966,2/7/2027,2/7/2029,KELURAHAN PENAJAM,BAIK,AKTIF,TERCATAT DI BKAD
KTVP 1557, ,KELURAHAN GUNUNG SETELENG,PEMERINTAHAN KABUPATEN PENAJAM PASER UTA,C,TOYOTA,W101RE-LMMFJ 1.5 G M/T,2023,MHKAB1BY1PK071736,2NR4B61912,2/7/2026,2/7/2029,KELURAHAN GUNUNG SETELENG,BAIK,AKTIF,TERCATAT DI BKAD
KTVP 1558, ,KELURAHAN PEMALUAN,PEMERINTAHAN KABUPATEN PENAJAM PASER UTA,C,TOYOTA,W101RE-LMMFJ 1.5 G M/T,2023,MHKAB1BYXPK069533,2NR4B47364,2/7/2027,2/7/2029,KELURAHAN PEMALUAN,BAIK,AKTIF,TERCATAT DI BKAD
KTVP 1560, ,KELURAHAN PANTAI LANGO,PEMERINTAHAN KABUPATEN PENAJAM PASER UTA,C,TOYOTA,W101RE-LMMFJ 1.5 G M/T,2023,MHKAB1BY0PK066902,2NR4B28771,2/7/2027,2/7/2029,KELURAHAN PANTAI LANGO,BAIK,AKTIF,TERCATAT DI BKAD
KTVP 1561, ,KELURAHAN RIKO,PEMERINTAHAN KABUPATEN PENAJAM PASER UTA,C,TOYOTA,W101RE-LMMFJ 1.5 G M/T,2023,MHKAB1BY1PK066830,2NR4B29241,2/7/2027,2/7/2029,KELURAHAN RIKO,BAIK,AKTIF,TERCATAT DI BKAD
KTVP 1562, ,KELURAHAN WARU,PEMERINTAHAN KABUPATEN PENAJAM PASER UTA,C,TOYOTA,W101RE-LMMFJ 1.5 G M/T,2023,MHKAB1BY2PK066853,2NR4B29239,2/7/2026,2/7/2029,KELURAHAN WARU,BAIK,AKTIF,TERCATAT DI BKAD
KTVP 1563, ,"DINAS PERUMAHAN, KAWASAN PERMUKIMAN DAN PERTANAHAN",DINAS PERUMAHAN KAWASAN PEMUKIMAN DAN PE,C,MITSUBISHI,XPANDER CROSS 1.5L PLUS 4X2 A/T,2023,MK2NCXTATPJ011606,4A91KBX5268,12/8/2026,12/8/2028,DINAS PERUMAHAN KAWASAN PERMUKIMAN DAN PERTAMANAN,BAIK,AKTIF,TERCATAT DI BKAD
KTVP 1564,KTV  1274,SEKRETARIAT DAERAH,PEMERINTAH KAB. PENAJAM PASER UTARA,C,TOYOTA,KIJANG INNOVA G TGN40R-GKMDKD,2012,MHFXW42G8C226427,1TR-7324097,5/4/2027,5/4/2027,SEKRETARIAT DAERAH,BAIK,AKTIF,TERCATAT DI BKAD
KTVP 1565,KTV  1244,DINAS PERIKANAN,PEMKAB PENAJAM PASER UTARA,C,TOYOTA,KIJANG INNOVA G TGN40R-GKMDKD,2006,MHFXW42G162071076,1TR-6283996,1/9/2027,1/9/2027,DINAS PERIKANAN,BAIK,AKTIF,TERCATAT DI BKAD
KTVP 1566,KTV  1093,SEKRETARIAT DAERAH,PEMKAB PENAJAM PASER UTARA,C,TOYOTA,UF.81 SUPER,2003,MHF11UF8130037987,1RZ-7073954,12/8/2026,12/8/2028,SEKRETARIAT DAERAH,Pinjam Pakai,TIDAK AKTIF,PINJAM PAKAI
KTVP 1568, ,KELURAHAN BULUMINUNG,PEMERINTAHAN KABUPATEN PENAJAM PASER UTA,C,TOYOTA,W101RE-LMMFJ 1.5 G M/T,2023,MHKAB1BY3PK066795,2NR4B28468,2/7/2027,2/7/2029,KELURAHAN BULUMINUNG,BAIK,AKTIF,TERCATAT DI BKAD
KTVP 1569, ,KELURAHAN MARIDAN,PEMERINTAH KABUPATEN PENAJAM PASER UTARA,C,TOYOTA,W101RE-LMMFJ 1.5 G M/T,2023,MHKAB1BY2PK071521,2NR4B60598,2/23/2027,2/23/2029,KELURAHAN MARIDAN,BAIK,AKTIF,TERCATAT DI BKAD
KTVP 1570, ,BADAN PENANGGULANGAN BENCANA DAERAH,BADAN PENANGGULANGAN BENCANA DAERAH KAB.,C,TOYOTA,MAGA10R-BRXLBD 2.0 G CVT,2023,MHFAAAAA2P0021820,M20A-NB18637,2/15/2027,2/15/2029,BADAN PENANGGULANGAN BENCANA DAERAH,BAIK,AKTIF,TERCATAT DI BKAD
KTVP 1571, ,BADAN KEPEGAWAIAN DAN PENGEMBANGAN SUMBER DAYA MANUSIA,KANTOR BADAN KEPEGAWAIAN DAN PENGEMBANGA,C,TOYOTA,MAGA10R-BRXMBD 2.0 V CVT,2023,MHFAAAAAXP0020267,M20A-NB10230,12/12/2026,12/12/2028, BADAN KEPEGAWAIAN DAN PENGEMBANGAN SUMBER DAYA MANUSIA,BAIK,AKTIF,TERCATAT DI BKAD
KTVP 1572, ,KELURAHAN SUNGAI PARIT,PEMERINTAHAN KABUPATEN PENAJAM PASER UTA,C,TOYOTA,W101RE-LMMFJ 1.5 G M/T,2023,MHKAB1BY1PK072661,2NR4B67924,2/7/2026,2/7/2029,KELURAHAN SUNGAI PARIT,BAIK,AKTIF,TERCATAT DI BKAD
KTVP 1573, ,RSUD RATU AJI PUTRI BOTUNG,RSUD RATU AJI PUTRI BOTUNG,C,TOYOTA,W101RE-LBVFJ 1.5 Q CVT,2023,MHFAB1BY2P0082867,2NRY142887,2/20/2027,2/20/2029,RSUD,BAIK,AKTIF,TERCATAT DI BKAD
KTVP 1574, ,RSUD RATU AJI PUTRI BOTUNG,RSUD RATU AJI PUTRI BOTUNG,C,TOYOTA,W101RE-LBVFJ 1.5 Q CVT,2023,MHFAB1BY3P0081906,2NRY136516,2/20/2027,2/20/2029,RSUD,BAIK,AKTIF,TERCATAT DI BKAD
KTVP 1575, ,RSUD RATU AJI PUTRI BOTUNG,RSUD RATU AJI PUTRI BOTUNG,C,TOYOTA,W101RE-LBVFJ 1.5 Q CVT,2023,MHFAB1BY5P0081244,2NRY131148,12/15/2026,12/15/2028,RSUD,BAIK,AKTIF,TERCATAT DI BKAD
KTVP 4003, ,DINAS PENANGGULANGAN KEBAKARAN DAN PENYELAMATAN,DINAS PENANGGULANGAN KEBAKARAN DAN PENYE,R,KAWASAKI,LX150F,2019,MH4LX150FKJP84671,LX150CEWF8581,1/28/2025,1/28/2025,DINAS PENANGGULANGAN KEBAKARAN DAN PENYELAMATAN,BAIK,AKTIF,TERCATAT DI BKAD
KTVP 1583, ,"BADAN PERENCANAAN, PENELITIAN DAN PENGEMBANGAN","BADAN PERENCANAAN, PENELITIAN DAN PENGEM",C,MITSUBISHI,XPANDER CROSS 1.5L PLUS 4X2 A/T,2023,MK2NCXTATPJ012065,4A91KBX8013,12/22/2026,12/22/2028,"BADAN PERENCANAAN, PENELITIAN DAN PENGEMBANGAN",BAIK,AKTIF,TERCATAT DI BKAD
KTVP 1584, ,"BADAN PERENCANAAN, PENELITIAN DAN PENGEMBANGAN","BADAN PERENCANAAN, PENELITIAN DAN PENGEM",C,MITSUBISHI,XPANDER CROSS 1.5L PLUS 4X2 A/T,2023,MK2NCXTATPJ012191,4A91KBX8473,12/22/2026,12/22/2028,"BADAN PERENCANAAN, PENELITIAN DAN PENGEMBANGAN",BAIK,AKTIF,TERCATAT DI BKAD
KTVP 1585, ,"DINAS PENDIDIKAN, PEMUDA DAN OLAHRAGA",DISDIKPORA KAB. PPU,C,MITSUBISHI,XPANDER 1.5L GLS-L 4X2 A/T,2023,MK2NCLMATPJ001204,4A91KBN2675,12/22/2026,12/22/2028,DISDIKPORA,BAIK,AKTIF,TERCATAT DI BKAD
KTVP 1586,KTVP   36,INSPEKTORAT DAERAH,INSPEKTORAT KAB. PPU,C,TOYOTA,KIJANG INNOVA V,2013,MHFXW43G8D4082592,1TR-7684091,12/23/2026,12/23/2028,INSPEKTORAT DAERAH,BAIK,AKTIF,TERCATAT DI BKAD
KTVP 1589,KTV  1129,PENGELOLA (BKAD),PEMERINTAH KAB. PPU,C,TOYOTA,KIJANG INNOVA G (TGN40R-GKMDKD,2008,MHFXW42G182129979,1TR-6672173,1/28/2026,1/28/2029,PENGELOLA,RUSAK BERAT,TIDAK AKTIF,TERCATAT DI BKAD
KTVP 1591, ,SATUAN POLISI PAMONG PRAJA,SATUAN POLISI PAMONG PRAJA KAB. PENAJAM,C,TOYOTA,MAGA10R-BRXMBD 2.0 V CVT,2024,MHFAAAAA7R0025204,M20A-NB55814,4/25/2027,4/25/2029,SATPOL PP,BAIK,AKTIF,TERCATAT DI BKAD
KTVP 1596, ,SEKRETARIAT DAERAH,PEMERINTAH KABUPATEN PENAJAM PASER UTARA,B,MITSUBISHI,PAJERO SPORT 2.4L DAKAR ULTIMATE-L 4X48AT,2024,MK2KSWPNURJ000358,4N15UKN6271,9/19/2025,9/19/2029,PEMKAB PPU,Belanja Hibah,TIDAK AKTIF,TIDAK DIKETAHUI KEBERADAANYA
KTVP 1614, ,KECAMATAN BABULU,KECAMATAN BABULU KABUPATEN PENAJAM PASER,C,TOYOTA,MAGA10R-BRXMBD 2.0 V CVT,2024,MHFAAAAA8R0025695,M20A-NB60657,7/30/2027,7/30/2029,KECAMATAN BABULU,BAIK,AKTIF,TERCATAT DI BKAD
KTVP 1618, ,SEKRETARIAT DAERAH,PEMERINTAH KABUPATEN PENAJAM PASER UTARA,B,MITSUBISHI,PAJERO SPORT 2.4L DAKAR ULTIMATE-L 4X48AT,2024,MK2KSWPNURJ000660,4N15UKR3963,9/19/2025,9/19/2029,PEMKAB PPU,Belanja Hibah,TIDAK AKTIF,TIDAK DIKETAHUI KEBERADAANYA
KTVP 1619, ,SEKRETARIAT DAERAH,PEMERINTAH KABUPATEN PENAJAM PASER UTARA,B,MITSUBISHI,PAJERO SPORT 2.4L DAKAR ULTIMATE-L 4X48AT,2024,MK2KSWPNURJ000690,4N15UKR4030,9/19/2025,9/19/2029,PEMKAB PPU,Belanja Hibah,TIDAK AKTIF,TIDAK DIKETAHUI KEBERADAANYA
KTVP 1621, ,SEKRETARIAT DAERAH,PEMERINTAH KABUPATEN PENAJAM PASER UTARA,B,MITSUBISHI,PAJERO SPORT 2.4L DAKAR ULTIMATE-L 4X48AT,2024,MK2KSWPNURJ000794,4N15UKS7477,10/22/2025,10/22/2029,PEMKAB PPU,RUSAK BERAT,TIDAK AKTIF,RUSAK BERAT
KTVP 1622, ,SEKRETARIAT DAERAH,PEMERINTAH KABUPATEN PENAJAM PASER UTARA,B,MITSUBISHI,PAJERO SPORT 2.4L DAKAR ULTIMATE-L 4X48AT,2024,MK2KSWPNURJ000766,4N15UKS2920,10/22/2025,10/22/2029,PEMKAB PPU,Belanja Hibah,TIDAK AKTIF,TIDAK DIKETAHUI KEBERADAANYA
KTVP 1623,KTVP   99,SEKRETARIAT DAERAH,SEKRETARIAT DAERAH KAB.PPU,B,TOYOTA,FORTUNER 2.5 G AT,2014,MHFZR69G5E3097741,2KDU553587,9/18/2026,9/18/2029,SEKKAB PPU,BAIK,AKTIF,TIDAK ADA KETERANGAN
KTVP 1624, ,SEKRETARIAT DAERAH,SEKRETARIAT DAERAH KABUPATEN PENAJAM PAS,C,TOYOTA,MAGH10R-BRXLBD 2.0 G HV CVT,2024,MHFABAAA1R0027687,M20A-NC69715,11/21/2026,11/21/2029,SEKKAB PPU,Belanja Hibah,TIDAK AKTIF,TIDAK ADA KETERANGAN
KTVP 4005, ,DINAS PENANGGULANGAN KEBAKARAN DAN PENYELAMATAN,DINAS PENANGGULANGAN KEBAKARAN DAN PENYE,R,KAWASAKI,LX150F,2019,MH4LX150FKJP80506,LX150CEWE7251,1/28/2025,1/28/2025,DINAS PENANGGULANGAN KEBAKARAN DAN PENYELAMATAN,BAIK,AKTIF,TERCATAT DI BKAD
KTVP 1626, ,DINAS SOSIAL,DINAS SOSIAL KABUPATEN PENAJAM PASER UTA,C,TOYOTA,MAGA10R-BRXMBD 2.0 V CVT,2024,MHFAAAAA8R0033943,M20A-NC53094,11/1/2026,11/1/2029,DINAS SOSIAL,BAIK,AKTIF,TERCATAT DI BKAD
KTVP 4006, ,DINAS PENANGGULANGAN KEBAKARAN DAN PENYELAMATAN,DINAS PENANGGULANGAN KEBAKARAN DAN PENYE,R,KAWASAKI,LX150F,2019,MH4LX150FKJP82656,LX150CEWF2609,1/28/2025,1/28/2025,DINAS PENANGGULANGAN KEBAKARAN DAN PENYELAMATAN,BAIK,AKTIF,TERCATAT DI BKAD
KTVP 1631, ,DINAS SOSIAL,DINAS SOSIAL KABUPATEN PENAJAM PASER UTA,C,SUZUKI,GC415V APV DLX MT,2024,MHYGDN42VRJ401321,G15AID450485,1/9/2027,1/9/2030,DINAS SOSIAL,BAIK,AKTIF,TERCATAT DI BKAD
KTVP 1632,KTVP    6,SEKRETARIAT DAERAH,INSPEKTORAT KAB. PPU,B,MITSUBISHI,PAJERO SPORT 2.5D GLX (4X4) MT,2012,MMBGNKH40CF035900,4D56UCDS0693,11/2/2026,11/2/2027,SEKRETARIAT DAERAH,BAIK,AKTIF,TERCATAT DI BKAD
KTVP 1637, ,SEKRETARIAT DAERAH,SEKRETARIAT DAERAH KAB. PENAJAM PASER UT,B,HYUNDAI,PALISADE LX3 HEV (4X2) A/T - SIGNATURE,2025,KMHRH81AMTU008466,G4KSSA175366,9/12/2026,9/12/2030,SEKRETARIAT DAERAH,BAIK,AKTIF,TERCATAT DI BKAD
KTVP 1639, ,SEKRETARIAT DAERAH,PEMERINTAH KABUPATEN PENAJAM PASER UTARA,B,TOYOTA,FORTUNER 2.8 4X4 GR-S A/T(GUN156R-SDTHXD),2025,MHFBA3FS4S1058436,1GD-5741341,10/28/2026,10/28/2030,SEKRETARIAT DAERAH,BAIK,AKTIF,TERCATAT DI BKAD
KTVP 1642, ,BADAN KEUANGAN DAN ASET DAERAH,BADAN KEUANGAN DAN ASET DAERAH,C,TOYOTA,MAGH10R-BRXMBD 2.0 V HV CVT,2025,MHFABAAAXS0045689,M20A-NE60274,2/6/2027,2/6/2031,BADAN KEUANGAN DAN ASET DAERAH,BAIK,AKTIF,TERCATAT DI BKAD
KTVP 1644, ,SEKRETARIAT DAERAH,PEMERINTAHAN KABUPATEN PENAJAM PASER UTA,B,FORD,EVEREST 2.0L ST4 10AT 4WD TITA 4X4 AT,2025,MNBRXXMAWRSB35239,YNWQRSB35239,2/20/2027,2/20/2031,SEKRETARIAT DAERAH,BAIK,AKTIF,TERCATAT DI BKAD
KTVP 1973,KTV  1973,BADAN KEPEGAWAIAN DAN PENGEMBANGAN SUMBER DAYA MANUSIA,BADAN KEPEGAWAIAN DAERAH KAB. PPU,C,TOYOTA,NEW AVANZA VELOZ 1.5 MT,2012,MHKM1CA4JCK009344,DCT9999,7/4/2027,7/4/2027, BADAN KEPEGAWAIAN DAN PENGEMBANGAN SUMBER DAYA MANUSIA,BAIK,AKTIF,TERCATAT DI BKAD
KTVP 1976,KTV  1976,BADAN KEPEGAWAIAN DAN PENGEMBANGAN SUMBER DAYA MANUSIA,BADAN KEPEGAWAIAN DAERAH KAB. PPU,C,TOYOTA,NEW AVANZA VELOZ 1.5 MT,2012,MHKM1CA4JCK009475,DCU0810,7/4/2027,7/4/2027, BADAN KEPEGAWAIAN DAN PENGEMBANGAN SUMBER DAYA MANUSIA,BAIK,AKTIF,TERCATAT DI BKAD
KTVP 1979,KTV  1979,BADAN KEPEGAWAIAN DAN PENGEMBANGAN SUMBER DAYA MANUSIA,BADAN KEPEGAWAIAN DAERAH KAB. PPU,C,TOYOTA,NEW AVANZA VELOZ 1.5 MT,2012,MHKM1CA4JCK009409,DCU0188,7/4/2027,7/4/2027, BADAN KEPEGAWAIAN DAN PENGEMBANGAN SUMBER DAYA MANUSIA,BAIK,AKTIF,TERCATAT DI BKAD
KTVP 3006,,BADAN KESATUAN BANGSA DAN POLITIK,KANTOR KESATUAN BANGSA DAN POLITIK,R,YAMAHA,1 PA,2013,MH31PA002DK041926,1PA-042024,5/20/2027,5/20/2028,BADAN KESATUAN BANGSA DAN POLITIK,BAIK,AKTIF,TERCATAT DI BKAD
KTVP 3007,,BADAN KESATUAN BANGSA DAN POLITIK,KANTOR KESATUAN BANGSA DAN POLITIK,R,YAMAHA,1 PA,2013,MH31PA002DK092885,1PA-094389,5/20/2027,5/20/2028,BADAN KESATUAN BANGSA DAN POLITIK,BAIK,AKTIF,TERCATAT DI BKAD
KTVP 3008,,BADAN KESATUAN BANGSA DAN POLITIK,KANTOR KESATUAN BANGSA DAN POLITIK,R,YAMAHA,1 KP AT,2013,MH31KP002DK406388,1KP-406208,5/20/2027,5/20/2028,BADAN KESATUAN BANGSA DAN POLITIK,BAIK,AKTIF,TERCATAT DI BKAD
KTVP 3009,,BADAN KESATUAN BANGSA DAN POLITIK,KANTOR KESATUAN BANGSA DAN POLITIK,R,YAMAHA,1 KP A/T,2013,MH31KP002DK404280,1KP-406078,5/20/2027,5/20/2028,BADAN KESATUAN BANGSA DAN POLITIK,BAIK,AKTIF,TERCATAT DI BKAD
KTVP 3013,,SATUAN POLISI PAMONG PRAJA,SATPOL PP,R,YAMAHA,1 DY,2013,MH31DY002DJ130076,1DY-130092,5/23/2027,5/23/2028,SATPOL PP,BAIK,AKTIF,TERCATAT DI BKAD
KTVP 3014,,SATUAN POLISI PAMONG PRAJA,SATPOL PP,R,YAMAHA,1 DY,2013,MH31DY002DJ144274,1DY-144258,5/23/2027,5/23/2028,SATPOL PP,BAIK,AKTIF,TERCATAT DI BKAD
KTVP 3015,,SATUAN POLISI PAMONG PRAJA,SATPOL PP,R,YAMAHA,1 DY,2013,MH31DY002DJ117436,1DY-117453,5/23/2027,5/23/2028,SATPOL PP,BAIK,AKTIF,TERCATAT DI BKAD
KTVP 3016,,PENGELOLA (BKAD),KELURAHAN SESUMPU,R,YAMAHA,5D9 (VEGA ZR),2013,MH35D9205DJ810259,5D9-1810247,6/4/2024,6/4/2028,PENGELOLA,RUSAK BERAT,TIDAK AKTIF,LELANG
KTVP 3017,,DINAS TENAGA KERJA DAN TRANSMIGRASI,DINAS SOSIAL DAN TENAGA KERJA,R,YAMAHA,3C1 (V-IXION/FZ150),2013,MH33C1205DK154812,3C1-1154516,6/10/2027,6/10/2028,DINAS TENAGA KERJA DAN TRANSMIGRASI,BAIK,AKTIF,TERCATAT DI BKAD
KTVP 3018,,PENGELOLA (BKAD),DINAS SOSIAL DAN TENAGA KERJA,R,YAMAHA,3C1 (V-IXION/FZ150),2013,MH33C1205DK152381,3C1-1152091,6/10/2025,6/10/2028,PENGELOLA,RUSAK BERAT,TIDAK AKTIF,LELANG
KTVP 3019,,DINAS SOSIAL,DINAS SOSIAL DAN TENAGA KERJA,R,YAMAHA,1 DY,2013,MH31DY001DJ095616,1DY-095625,6/10/2027,6/10/2028,DINAS SOSIAL,BAIK,AKTIF,TERCATAT DI BKAD
KTVP 3020,,DINAS TENAGA KERJA DAN TRANSMIGRASI,DINAS SOSIAL DAN TENAGA KERJA,R,YAMAHA,1 DY,2013,MH31DY001DJ095660,1DY-095668,6/10/2027,6/10/2028,DINAS TENAGA KERJA DAN TRANSMIGRASI,BAIK,AKTIF,TERCATAT DI BKAD
KTVP 3021,,DINAS TENAGA KERJA DAN TRANSMIGRASI,DINAS SOSIAL DAN TENAGA KERJA,R,YAMAHA,1 DY,2013,MH31DY001DJ095676,1DY-095686,6/10/2027,6/10/2028,DINAS TENAGA KERJA DAN TRANSMIGRASI,BAIK,AKTIF,TERCATAT DI BKAD
KTVP 3023,,KELURAHAN PENAJAM,KANTOR LURAH PENAJAM,R,YAMAHA,5D9 (VEGA ZR),2013,MH35D9205DJ838771,5D9-1838748,6/11/2027,6/11/2028,KELURAHAN PENAJAM,BAIK,AKTIF,TERCATAT DI BKAD
KTVP 3024,,KELURAHAN PENAJAM,KANTOR LURAH PENAJAM,R,YAMAHA,1 KP A/T,2013,MH31KP002DK407554,1KP-407451,6/11/2027,6/11/2028,KELURAHAN PENAJAM,BAIK,AKTIF,TERCATAT DI BKAD
KTVP 3026,,PENGELOLA (BKAD),KANTOR LURAH PENAJAM,R,YAMAHA,1 KP AT,2013,MH31KP001DK387339,1KP-387340,6/11/2026,6/11/2028,PENGELOLA,RUSAK BERAT,TIDAK AKTIF,TERCATAT DI BKAD
KTVP 3027,,KELURAHAN PENAJAM,KANTOR LURAH PENAJAM,R,YAMAHA,55S (T135SEC),2013,MH355S003DK112135,55S-112036,6/14/2025,6/14/2028,KELURAHAN PENAJAM,RUSAK BERAT,TIDAK AKTIF,HILANG
KTVP 3028,,KELURAHAN PENAJAM,KANTOR LURAH PENAJAM,R,YAMAHA,1 PA,2013,MH31PA002DK118459,1PA-118586,6/14/2027,6/14/2028,KELURAHAN PENAJAM,BAIK,AKTIF,TERCATAT DI BKAD
KTVP 3029,,PENGELOLA (BKAD),KANTOR KELURAHAN GERSIK,R,KAWASAKI,LX150C (KLX 150S),2013,MH4LX150CDKP72976,LX150CEPB2558,6/18/2025,6/18/2028,PENGELOLA,RUSAK BERAT,TIDAK AKTIF,TERCATAT DI BKAD
KTVP 3031,,KELURAHAN LAWE-LAWE,KELURAHAN LAWE-LAWE,R,YAMAHA,5D9 (VEGA ZR),2013,MH35D9205DJ844014,5D9-1843995,6/26/2026,6/26/2028,KELURAHAN LAWE-LAWE,BAIK,AKTIF,TERCATAT DI BKAD
KTVP 3034,,PENGELOLA (BKAD),KANTOR KEC.SEPAKU KAB.PPU,R,YAMAHA,50C (T135HC) MT,2013,MH350C004DK569118,50C-569167,7/8/2024,7/8/2028,PENGELOLA,RUSAK BERAT,TIDAK AKTIF,LELANG
KTVP 3035,,KECAMATAN SEPAKU,KANTOR KEC.SEPAKU KAB.PPU,R,YAMAHA,50C (T135HC) MT,2013,MH350C003DK565317,50C-565243,7/8/2026,7/8/2028,KECAMATAN SEPAKU,RUSAK BERAT,TIDAK AKTIF,TERCATAT DI BKAD
KTVP 3036,,DINAS PERTANIAN,"DINAS PERTANIAN,PETERNAKAN,PERIKANAN&KEL",R,YAMAHA,50C (T135HC) MT,2013,MH350C004DK578396,50C-578428,7/15/2026,7/15/2028,DINAS PERTANIAN,BAIK,AKTIF,TERCATAT DI BKAD
KTVP 3037,,DINAS KESEHATAN,DINAS KESEHATAN UPT PUSKESMAS PETUNG,R,YAMAHA,55S (T135SEC),2013,MH355S003DK111298,55S-111302,7/17/2027,7/17/2028,DINAS KESEHATAN PKM PETUNG,BAIK,AKTIF,TERCATAT DI BKAD
KTVP 3038,,DINAS KESEHATAN,DINAS KESEHATAN UPT PUSKESMAS PETUNG,R,YAMAHA,1 KP AT,2013,MH31KP001DK394537,1KP-394541,7/17/2026,7/17/2028,DINAS KESEHATAN PKM PETUNG,BAIK,AKTIF,TERCATAT DI BKAD
KTVP 3039,,KELURAHAN JENEBORA,KELURAHAN JENEBORA,R,YAMAHA,45P (BYSON),2013,MH345P003DK210835,45P-220819,7/18/2026,7/18/2028,KELURAHAN JENEBORA,BAIK,AKTIF,TERCATAT DI BKAD
KTVP 3040,,KELURAHAN JENEBORA,KELURAHAN JENEBORA,R,YAMAHA,45P (BYSON),2013,MH345P003DK206503,45P-216632,7/18/2026,7/18/2028,KELURAHAN JENEBORA,BAIK,AKTIF,TERCATAT DI BKAD
KTVP 3041,,DINAS PERTANIAN,DINAS PERTANIAN PETERNAKAN PERIKANAN&KEL,R,YAMAHA,1 PA,2013,MH31PA002DK154874,1PA-156619,7/24/2027,7/24/2028,DINAS PERTANIAN,BAIK,AKTIF,TERCATAT DI BKAD
KTVP 3042,,KELURAHAN SEPAN,KELURAHAN SEPAN,R,YAMAHA,55S (T135SEC),2013,MH355S004DK117189,55S-118398,8/13/2026,8/13/2028,KELURAHAN SEPAN,BAIK,AKTIF,TERCATAT DI BKAD
KTVP 3043,,KELURAHAN SEPAN,KELURAHAN SEPAN,R,YAMAHA,5D9 (VEGA ZR),2013,MH35D9205DJ849314,5D9-1849294,8/23/2026,8/23/2028,KELURAHAN SEPAN,BAIK,AKTIF,TERCATAT DI BKAD
KTVP 4009, ,DINAS PENANGGULANGAN KEBAKARAN DAN PENYELAMATAN,DINAS PENANGGULANGAN KEBAKARAN DAN PENYE,R,KAWASAKI,LX150F,2019,MH4LX150FKJP81511,LX150CEWE9763,1/28/2025,1/28/2025,DINAS PENANGGULANGAN KEBAKARAN DAN PENYELAMATAN,BAIK,AKTIF,TERCATAT DI BKAD
KTVP 3046,,"DINAS PENDIDIKAN, PEMUDA DAN OLAHRAGA",DISDIKPORA,R,YAMAHA,55S (T135SEC),2013,MH355S003DK109583,55S-109595,10/1/2026,10/1/2028,DISDIKPORA,RUSAK BERAT,TIDAK AKTIF,TERCATAT DI BKAD
KTVP 3047,,"DINAS PENDIDIKAN, PEMUDA DAN OLAHRAGA",DINAS PENDIDIKAN PEMUDA DAN OLAHRAGA,R,YAMAHA,55S (T135SEC),2013,MH355S004DK120425,55S-120432,10/1/2026,10/1/2028,DISDIKPORA,BAIK,AKTIF,TERCATAT DI BKAD
KTVP 4010, ,DINAS PENANGGULANGAN KEBAKARAN DAN PENYELAMATAN,DINAS PENANGGULANGAN KEBAKARAN DAN PENYE,R,KAWASAKI,LX150F,2019,MH4LX150FKJP86368,LX150CEWG3231,1/28/2025,1/28/2025,DINAS PENANGGULANGAN KEBAKARAN DAN PENYELAMATAN,BAIK,AKTIF,TERCATAT DI BKAD
KTVP 3049,,"DINAS PENDIDIKAN, PEMUDA DAN OLAHRAGA",DINAS PENDIDIKAN PEMUDA DAN OLAHRAGA,R,YAMAHA,55S (T135SEC),2013,MH355S003DK107179,55S-107188,10/1/2026,10/1/2028,DISDIKPORA,RUSAK BERAT,TIDAK AKTIF,TERCATAT DI BKAD
KTVP 3050,,"DINAS PENDIDIKAN, PEMUDA DAN OLAHRAGA",DINAS PENDIDIKAN PEMUDA DAN OLAHRAGA,R,YAMAHA,55S (T135SEC),2013,MH355S004DK120091,55S-120095,10/1/2026,10/1/2028,DISDIKPORA,BAIK,AKTIF,TERCATAT DI BKAD
KTVP 3051,,"DINAS PENDIDIKAN, PEMUDA DAN OLAHRAGA",DINAS PENDIDIKAN PEMUDA DAN OLAHRAGA,R,YAMAHA,55S (T135SEC),2013,MH355S004DK119011,55S-119024,10/1/2026,10/1/2028,DISDIKPORA,BAIK,AKTIF,TERCATAT DI BKAD
KTVP 3052,,"DINAS PENDIDIKAN, PEMUDA DAN OLAHRAGA",DINAS PENDIDIKAN PEMUDA DAN OLAHRAGA,R,YAMAHA,55S (T135SEC),2013,MH355S004DK120879,55S-120868,10/1/2026,10/1/2028,DISDIKPORA,BAIK,AKTIF,TERCATAT DI BKAD
KTVP 3054,,"DINAS PENDIDIKAN, PEMUDA DAN OLAHRAGA",DINAS PENDIDIKAN PEMUDA DAN OLAHRAGA,R,YAMAHA,55S (T135SEC),2013,MH355S004DK120093,55S-120094,10/1/2026,10/1/2028,DISDIKPORA,BAIK,AKTIF,TERCATAT DI BKAD
KTVP 3055,,"DINAS PENDIDIKAN, PEMUDA DAN OLAHRAGA",DINAS PENDIDIKAN PEMUDA DAN OLAHRAGA,R,YAMAHA,55S (T135SEC),2013,MH355S004DK120006,55S-120184,10/1/2026,10/1/2028,DISDIKPORA,BAIK,AKTIF,TERCATAT DI BKAD
KTVP 3056,,"DINAS PENDIDIKAN, PEMUDA DAN OLAHRAGA",DINAS PENDIDIKAN PEMUDA DAN OLAHRAGA,R,YAMAHA,55S (T135SEC),2013,MH355S004DK118867,55S-118862,10/1/2026,10/1/2028,DISDIKPORA,RUSAK BERAT,TIDAK AKTIF,TERCATAT DI BKAD
KTVP 3057,,"DINAS PENDIDIKAN, PEMUDA DAN OLAHRAGA",DINAS PENDIDIKAN PEMUDA DAN OLAHRAGA,R,YAMAHA,55S (T135SEC),2013,MH355S004DK119571,55S-119587,10/1/2026,10/1/2028,DISDIKPORA,BAIK,AKTIF,TERCATAT DI BKAD
KTVP 3058,,"DINAS PENDIDIKAN, PEMUDA DAN OLAHRAGA",DINAS PENDIDIKAN PEMUDA DAN OLAHRAGA,R,YAMAHA,55S (T135SEC),2013,MH355S004DK119555,55S-119567,10/1/2026,10/1/2028,DISDIKPORA,BAIK,AKTIF,TERCATAT DI BKAD
KTVP 3059,,"DINAS PENDIDIKAN, PEMUDA DAN OLAHRAGA",DINAS PENDIDIKAN PEMUDA DAN OLAHRAGA,R,YAMAHA,55S (T135SEC),2013,",H355SOO4DK120892",55S-120876,10/1/2026,10/1/2028,DISDIKPORA,RUSAK BERAT,TIDAK AKTIF,TERCATAT DI BKAD
KTVP 8169, ,DINAS PENANGGULANGAN KEBAKARAN DAN PENYELAMATAN,DINAS PENANGGULANGAN KEBAKARAN DAN PENYE,F,TOYOTA,HILUX 2.4E DC 4X4 MT (GUN125R-DTFLXD),2024,MR0DB8CD8R0133354,2GD-D448585,12/13/2025,12/13/2029,DINAS PENANGGULANGAN KEBAKARAN DAN PENYE,BAIK,AKTIF,TIDAK ADA KETERANGAN
KTVP 3061,,"DINAS PENDIDIKAN, PEMUDA DAN OLAHRAGA",DINAS PENDIDIKAN PEMUDA DAN OLAHRAGA,R,YAMAHA,55S (T135SEC),2013,MH355S0004DK119153,55S-119164,10/1/2026,10/1/2028,DISDIKPORA,BAIK,AKTIF,TERCATAT DI BKAD
KTVP 8170, ,DINAS PENANGGULANGAN KEBAKARAN DAN PENYELAMATAN,DINAS PENANGGULANGAN KEBAKARAN DAN PENYE,F,TOYOTA,HILUX 2.4E DC 4X4 MT (GUN125R-DTFLXD),2024,MR0DB8CD0R0195993,2GD-D447141,12/13/2025,12/13/2029,DINAS PENANGGULANGAN KEBAKARAN DAN PENYE,BAIK,AKTIF,TIDAK ADA KETERANGAN
KTVP 3063,,"DINAS PENDIDIKAN, PEMUDA DAN OLAHRAGA",DINAS PENDIDIKAN PEMUDA DAN OLAHRAGA,R,YAMAHA,55S (T135SEC),2013,MH35S004DK120086,55S-120083,10/1/2026,10/1/2028,DISDIKPORA,BAIK,AKTIF,TERCATAT DI BKAD
KTVP 3064,,"DINAS PENDIDIKAN, PEMUDA DAN OLAHRAGA",DINAS PENDIDIKAN PEMUDA DAN OLAHRAGA,R,YAMAHA,55S (T135SEC),2013,MH355S004DK119020,55S-119045,10/1/2026,10/1/2028,DISDIKPORA,BAIK,AKTIF,TERCATAT DI BKAD
KTVP 3066,,DINAS PENANAMAN MODAL DAN PELAYANAN TERPADU SATU PINTU,KANTOR BP2TPM,R,YAMAHA,5D9 (VEGA ZR),2013,MH35D9205DJ846098,5D9-1846079,9/16/2026,9/16/2028,DINAS PENANAMAN MODAL DAN PELAYANAN TERPADU SATU PINTU ,BAIK,AKTIF,TERCATAT DI BKAD
KTVP 3067,,DINAS PENANAMAN MODAL DAN PELAYANAN TERPADU SATU PINTU,KANTOR BP2TPM,R,YAMAHA,5D9 (VEGA ZR),2013,MH35D9205DJ847326,5D9-1847315,9/16/2026,9/16/2028,DINAS PENANAMAN MODAL DAN PELAYANAN TERPADU SATU PINTU ,BAIK,AKTIF,TERCATAT DI BKAD
KTVP 3068,,DINAS PENANAMAN MODAL DAN PELAYANAN TERPADU SATU PINTU,KANTOR BP2TPM,R,YAMAHA,5D9 (VEGA ZR),2013,MH35D9205DJ795213,5D9-1795064,9/16/2026,9/16/2028,DINAS PENANAMAN MODAL DAN PELAYANAN TERPADU SATU PINTU ,BAIK,AKTIF,TERCATAT DI BKAD
KTVP 3070,,DINAS KEPENDUDUKAN DAN PENCATATAN SIPIL,BEND.PENGELUARAN DISDUKCAPIL KAB.PPU,R,HONDA,GL 15 A1 RR M/T,2013,MH1KC3114DK290496,KC31E1289252,9/18/2026,9/18/2028,DINAS KEPENDUDUKAN DAN PENCATATAN SIPIL,BAIK,AKTIF,TERCATAT DI BKAD
KTVP 3071,,PENGELOLA (BKAD),BEND.PENGELUARAN DISDUKCAPIL KAB.PPU,R,HONDA,GL 15 A1 RR M/T,2013,MH1KC3110DK290401,KC31E1289264,9/18/2025,9/18/2028,PENGELOLA,RUSAK BERAT,TIDAK AKTIF,LELANG
KTVP 3072,,DINAS KEPENDUDUKAN DAN PENCATATAN SIPIL,BEND.PENGELUARAN DISDUKCAPIL KAB.PPU,R,HONDA,GL 15 A1 RR MT,2013,MH1KC3118DK290274,KC31E1289094,9/18/2026,9/18/2028,DINAS KEPENDUDUKAN DAN PENCATATAN SIPIL,BAIK,AKTIF,TERCATAT DI BKAD
KTVP 3073,,PENGELOLA (BKAD),BEND.PENGELUARAN DISDUKCAPIL KAB.PPU,R,HONDA,GL 15 A1 RR M/T,2013,MH1KC3115DK289969,KC31E-1288674,9/18/2025,9/18/2028,PENGELOLA,RUSAK BERAT,TIDAK AKTIF,LELANG
KTVP 3074,,DINAS KEPENDUDUKAN DAN PENCATATAN SIPIL,BEND.PENGELUARAN DISDUKCAPIL KAB.PPU,R,HONDA,GL 15 A1 RR M/T,2013,MH1KC3118DK290159,KC31E-1288936,9/18/2026,9/18/2028,DINAS KEPENDUDUKAN DAN PENCATATAN SIPIL,BAIK,AKTIF,TERCATAT DI BKAD
KTVP 3075,,KETAHANAN PANGAN,KANTOR KET.PANGAN & PENYULUHAN,R,YAMAHA,55S (T135SEC),2013,MH355S004DK115465,55S-115481,9/18/2026,9/18/2028,KETAHANAN PANGAN,BAIK,AKTIF,TERCATAT DI BKAD
KTVP 3076,,KETAHANAN PANGAN,KANTOR KET.PANGAN & PENYULUHAN,R,YAMAHA,1 PA,2013,MH31PA002DK170760,1PA169955,9/18/2026,9/18/2028,KETAHANAN PANGAN,BAIK,AKTIF,TERCATAT DI BKAD
KTVP 3078,,KELURAHAN PEMALUAN,KELURAHAN PEMALUAN,R,YAMAHA,50C (T135HC) MT,2013,MH350C004DK629259,50C-629660,9/25/2026,9/25/2028,KELURAHAN PEMALUAN,BAIK,AKTIF,TERCATAT DI BKAD
KTVP 3081,,SEKRETARIAT DAERAH,SEKRETARIAT DAERAH,R,YAMAHA,1 LB,2013,MH31LB001DK054123,1LB-054130,10/3/2026,10/3/2028,SEKRETARIAT DAERAH,RUSAK BERAT,TIDAK AKTIF,TERCATAT DI BKAD
KTVP 3086,,KELURAHAN GERSIK,BEND.PENGELUARAN KANTOR KELURAHAN GERSIK,R,HONDA,NF11B2D1,2013,MH1JBE116DK612646,JBE1E-1601523,10/8/2026,10/8/2028,KELURAHAN GERSIK,BAIK,AKTIF,TERCATAT DI BKAD
KTVP 3087,,PENGELOLA (BKAD),BEND.PENGELUARAN KANTOR KELURAHAN GERSIK,R,HONDA,NF125 TR,2013,MH1JB9138DK311501,JB91E-3296657,10/8/2025,10/8/2028,PENGELOLA,RUSAK BERAT,TIDAK AKTIF,TERCATAT DI BKAD
KTVP 3089,,KELURAHAN SOTEK,KANTOR KELURAHAN SOTEK,R,YAMAHA,50C (T135HC) M/T,2013,MH350C004DK652002,50C-651774,10/22/2026,10/22/2028,KELURAHAN SOTEK,BAIK,AKTIF,TERCATAT DI BKAD
KTVP 8172, ,DINAS PENANGGULANGAN KEBAKARAN DAN PENYELAMATAN,DINAS PENANGGULANGAN KEBAKARAN DAN PENYE,F,TOYOTA,HILUX 2.4E DC 4X4 MT (GUN125R-DTFLXD),2024,MR0DB8CD0R0195721,2GD-D431698,12/13/2025,12/13/2029,DINAS PENANGGULANGAN KEBAKARAN DAN PENYE,BAIK,AKTIF,TIDAK ADA KETERANGAN
KTVP 3094,,KELURAHAN JENEBORA,KELURAHAN JENEBORA,R,YAMAHA,50C (T135HC) MT,2013,MH350C004DK630848,50C-629997,11/1/2026,11/1/2028,KELURAHAN JENEBORA,BAIK,AKTIF,TERCATAT DI BKAD
KTVP 3096,,KELURAHAN WARU,KANTOR LURAH WARU,R,SUZUKI,FW 110 SCD,2013,MH8BE4DUADJ346014,E470-ID803549,11/7/2026,11/7/2028,KELURAHAN WARU,BAIK,AKTIF,TERCATAT DI BKAD
KTVP 3097,,KECAMATAN PENAJAM,KANTOR KECAMATAN PENAJAM,R,KAWASAKI,LX150C (KLX 150S),2013,MH4LX150CDKP81157,LX150CEPC3754,11/19/2026,11/19/2028,KECAMATAN PENAJAM,BAIK,AKTIF,TERCATAT DI BKAD
KTVP 3099,,DINAS KEBUDAYAAN DAN PARIWISATA,DINAS KEHUTANAN DAN PERKEBUNAN,R,YAMAHA,50C (T135HC) MT,2013,MH350C004DK653208,50C-653310,11/20/2026,11/20/2028,DINAS KEBUDAYAAN DAN PARIWISATA,BAIK,AKTIF,TERCATAT DI BKAD
KTVP 3104,,DINAS KESEHATAN,DINAS KESEHATAN,R,YAMAHA,55S (T135SEC),2013,MH355S004DK124282,55S-124293,12/11/2026,12/11/2028,DINAS KESEHATAN,BAIK,AKTIF,TERCATAT DI BKAD
KTVP 3105,,DINAS KESEHATAN,DINAS KESEHATAN,R,YAMAHA,55S (T135SEC),2013,MH355S004DK124371,55S-124315,12/11/2026,12/11/2028,DINAS KESEHATAN,BAIK,AKTIF,TERCATAT DI BKAD
KTVP 3106,,PENGELOLA (BKAD),DINAS KESEHATAN,R,YAMAHA,55S (T135SEC),2013,MH355S004DK124288,55S-124387,12/11/2024,12/11/2028,PENGELOLA,RUSAK BERAT,TIDAK AKTIF,LELANG
KTVP 3107,,DINAS KESEHATAN,DINAS KESEHATAN,R,YAMAHA,55S (T135SEC),2013,MH355S004DK125228,55S-125228,12/11/2026,12/11/2028,DINAS KESEHATAN,BAIK,AKTIF,TERCATAT DI BKAD
KTVP 3108,,PENGELOLA (BKAD),DINAS KESEHATAN,R,YAMAHA,55S (T135SEC),2013,MH355S004DK126893,55S-126891,12/11/2026,12/11/2028,PENGELOLA,BAIK,AKTIF,TERCATAT DI BKAD
KTVP 3109,,DINAS KESEHATAN,DINAS KESEHATAN,R,YAMAHA,55S (T135SEC),2013,MH355S004DK126822,55S-126818,12/11/2026,12/11/2028,DINAS KESEHATAN,BAIK,AKTIF,TERCATAT DI BKAD
KTVP 3110,,DINAS KESEHATAN,DINAS KESEHATAN,R,YAMAHA,55S (T135SEC),2013,MG355S004DK127868,55S-127869,12/11/2026,12/11/2028,DINAS KESEHATAN,BAIK,AKTIF,TERCATAT DI BKAD
KTVP 3112,,PENGELOLA (BKAD),DINAS KESEHATAN,R,YAMAHA,55S (T135SEC),2013,MH355S004DK125271,55S-125266,12/11/2026,12/11/2028,PENGELOLA,RUSAK BERAT,TIDAK AKTIF,TERCATAT DI BKAD
KTVP 3114,,KELURAHAN PEMALUAN,KELURAHAN PEMALUAN,R,YAMAHA,2BJ,2013,MH32BJ001DJ264635,2BJ-264746,12/2/2026,12/2/2028,KELURAHAN PEMALUAN,BAIK,AKTIF,TERCATAT DI BKAD
KTVP 3115,,DINAS LINGKUNGAN HIDUP,KANTOR LINGKUNGAN HIDUP,R,YAMAHA,50C (T135HC) M/T,2013,MH350C004DK654578,50C-654734,12/2/2026,12/2/2028,DINAS LINGKUNGAN HIDUP,BAIK,AKTIF,TERCATAT DI BKAD
KTVP 3117,,DINAS LINGKUNGAN HIDUP,KANTOR LINGKUNGAN HIDUP,R,YAMAHA,50C (T135HC) MT,2013,MH350C004DK661594,50C-661716,12/4/2026,12/4/2028,DINAS LINGKUNGAN HIDUP,BAIK,AKTIF,TERCATAT DI BKAD
KTVP 3118,,DINAS LINGKUNGAN HIDUP,KANTOR LINGKUNGAN HIDUP,R,YAMAHA,1 LB,2013,MH31LB001DK067457,1LB-067478,12/4/2026,12/4/2028,DINAS LINGKUNGAN HIDUP,BAIK,AKTIF,TERCATAT DI BKAD
KTVP 3119,,DINAS PERHUBUNGAN,DINAS PERHUBUNGAN KEBUDAYAAN DAN PARIWIS,R,YAMAHA,1 PA,2013,MH31PA002DK058321,1PA-057616,12/4/2026,12/4/2028,DINAS PERHUBUNGAN,BAIK,AKTIF,TERCATAT DI BKAD
KTVP 3120,,DINAS PERHUBUNGAN,DINAS PERHUBUNGAN KEBUDAYAAN DAN PARIWIS,R,YAMAHA,1 KP A/T,2013,MH31KP00BDJ622822,1KP-623061,12/4/2026,12/4/2028,DINAS PERHUBUNGAN,BAIK,AKTIF,TERCATAT DI BKAD
KTVP 3122,,BADAN KEUANGAN DAN ASET DAERAH,DINAS PENDAPATAN DAERAH,R,YAMAHA,1 KP AT,2013,MH31KP00CDJ601949,1KP-601970,12/4/2026,12/4/2028,BADAN KEUANGAN DAN ASET DAERAH,BAIK,AKTIF,TERCATAT DI BKAD
KTVP 3124,,BADAN PENDAPATAN DAERAH,DINAS PENDAPATAN DAERAH,R,YAMAHA,1 KP AT,2013,MH31KP00CDJ591698,1KP-591715,12/4/2026,12/4/2028,BADAN PENDAPATAN DAERAH,BAIK,AKTIF,TERCATAT DI BKAD
KTVP 3125,,BADAN PENDAPATAN DAERAH,DINAS PENDAPATAN DAERAH,R,YAMAHA,1 KP AT,2013,MH31KP00CDJ591705,1KP-591670,12/4/2026,12/4/2028,BADAN PENDAPATAN DAERAH,BAIK,AKTIF,TERCATAT DI BKAD
KTVP 3129,,RSUD RATU AJI PUTRI BOTUNG,RUMAH SAKIT UMUM DAERAH PPU,R,HONDA,NC110A1C AT,2013,MH1JF8116DK895202,JF81E-1889173,12/10/2026,12/10/2028,RSUD,BAIK,AKTIF,TERCATAT DI BKAD
KTVP 3130,,RSUD RATU AJI PUTRI BOTUNG,RUMAH SAKIT UMUM DAERAH PPU,R,HONDA,NC110A1C AT,2013,MH1JF8115DK895109,JF81E-1889068,12/10/2026,12/10/2028,RSUD,BAIK,AKTIF,TERCATAT DI BKAD
KTVP 3134,,RSUD RATU AJI PUTRI BOTUNG,RUMAH SAKIT UMUM DAERAH PPU,R,HONDA,NC110A1C AT,2013,MH1JF8116DK908319,JF81E-1902260,12/10/2026,12/10/2028,RSUD,BAIK,AKTIF,TERCATAT DI BKAD
KTVP 3135,,RSUD RATU AJI PUTRI BOTUNG,RUMAH SAKIT UMUM DAERAH PPU,R,HONDA,NC110A1C AT,2013,MH1JF8114DK908464,JF81E-1902230,12/10/2026,12/10/2028,RSUD,BAIK,AKTIF,TERCATAT DI BKAD
KTVP 3137,,RSUD RATU AJI PUTRI BOTUNG,RSUD KAB.PPU,R,HONDA,NC110A1C AT,2013,MH1JF8112DK892152,JF81E-1886087,12/10/2026,12/10/2028,RSUD,BAIK,AKTIF,TERCATAT DI BKAD
KTVP 3138,,RSUD RATU AJI PUTRI BOTUNG,RSUD KAB.PPU,R,HONDA,NC110A1C AT,2013,MH1JF8112DK892166,JF81E-1886010,12/10/2026,12/10/2028,RSUD,BAIK,AKTIF,TERCATAT DI BKAD
KTVP 3139,,RSUD RATU AJI PUTRI BOTUNG,RSUD KAB.PPU,R,HONDA,NC110A1C A/T,2013,MH1JF8112DK892684,JF81E-1886664,12/10/2026,12/10/2028,RSUD,BAIK,AKTIF,TERCATAT DI BKAD
KTVP 3140,,RSUD RATU AJI PUTRI BOTUNG,RSUD KAB.PPU,R,HONDA,NC110A1C A/T,2013,MH1JF8111DK910205,JF81E-01904123,12/10/2026,12/10/2028,RSUD,BAIK,AKTIF,TERCATAT DI BKAD
KTVP 3141,,RSUD RATU AJI PUTRI BOTUNG,RSUD KAB.PPU,R,HONDA,NC110A1C A/T,2013,MH1JF8119DK910193,JF81E-1904120,12/10/2026,12/10/2028,RSUD,BAIK,AKTIF,TERCATAT DI BKAD
KTVP 3142,,RSUD RATU AJI PUTRI BOTUNG,RSUD KAB.PPU,R,HONDA,NC110A1C AT,2013,MH1JF8115DK886037,JF81E-1879953,12/10/2026,12/10/2028,RSUD,RUSAK BERAT,TIDAK AKTIF,TERCATAT DI BKAD
KTVP 3143,,RSUD RATU AJI PUTRI BOTUNG,RSUD KAB.PPU,R,HONDA,NC110A1C AT,2013,MH1JF8114DK887471,JF81E-1881562,12/10/2026,12/10/2028,RSUD,BAIK,AKTIF,TERCATAT DI BKAD
KTVP 3144,,RSUD RATU AJI PUTRI BOTUNG,RSUD KAB.PPU,R,HONDA,NC110A1C A/T,2013,MH1JF8111DK908342,JF81E-1902218,12/10/2026,12/10/2028,RSUD,BAIK,AKTIF,TERCATAT DI BKAD
KTVP 3145,,RSUD RATU AJI PUTRI BOTUNG,RSUD KAB.PPU,R,HONDA,NC110A1C A/T,2013,MH1JF8116DK908532,JF81E-1902504,12/10/2026,12/10/2028,RSUD,BAIK,AKTIF,TERCATAT DI BKAD
KTVP 3146,,RSUD RATU AJI PUTRI BOTUNG,RSUD KAB.PPU,R,HONDA,NC110A1C A/T,2013,MH1JF811XDK907643,JF81E-1902212,12/10/2026,12/10/2028,RSUD,BAIK,AKTIF,TERCATAT DI BKAD
KTVP 3147,,RSUD RATU AJI PUTRI BOTUNG,RSUD KAB.PPU,R,HONDA,NC110A1C A/T,2013,MH1JF8111DK910026,JF81E-1903912,12/10/2026,12/10/2028,RSUD,RUSAK BERAT,TIDAK AKTIF,TERCATAT DI BKAD
KTVP 3148,,RSUD RATU AJI PUTRI BOTUNG,RSUD KAB.PPU,R,HONDA,NC110A1C A/T,2013,MH1JF8117DK910032,JF81E-1903916,12/10/2026,12/10/2028,RSUD,BAIK,AKTIF,TERCATAT DI BKAD
KTVP 3149,,RSUD RATU AJI PUTRI BOTUNG,RSUD KAB.PPU,R,HONDA,NC110A1C AT,2013,MH1JF8112DK794058,JF81E-1788293,12/10/2026,12/10/2028,RSUD,BAIK,AKTIF,TERCATAT DI BKAD
KTVP 8173, ,DINAS PENANGGULANGAN KEBAKARAN DAN PENYELAMATAN,DINAS PENANGGULANGAN KEBAKARAN DAN PENYE,F,TOYOTA,HILUX 2.4E DC 4X4 MT (GUN125R-DTFLXD),2024,MR0DB8CD3R0195695,2GD-D429073,12/13/2025,12/13/2029,DINAS PENANGGULANGAN KEBAKARAN DAN PENYE,BAIK,AKTIF,TIDAK ADA KETERANGAN
KTVP 3153,,"BADAN PERENCANAAN, PENELITIAN DAN PENGEMBANGAN",BADAN PERENCANAAN PEMBANGUNAN DAERAH,R,YAMAHA,1 KP A/T,2013,MH31KP00BDJ607983,1KP-607900,12/11/2026,12/11/2028,"BADAN PERENCANAAN, PENELITIAN DAN PENGEMBANGAN",BAIK,AKTIF,TERCATAT DI BKAD
KTVP 3154,,"BADAN PERENCANAAN, PENELITIAN DAN PENGEMBANGAN",BADAN PERENCANAAN PEMBANGUNAN DAERAH,R,YAMAHA,1 KP AT,2013,MH31KP00BDJ583260,1KP-583277,12/11/2026,12/11/2028,"BADAN PERENCANAAN, PENELITIAN DAN PENGEMBANGAN",BAIK,AKTIF,TERCATAT DI BKAD
KTVP 3155,,KELURAHAN MENTAWIR,KELURAHAN MENTAWIR,R,YAMAHA,50C (T135HC) MT,2013,MH350C004DK677680,50C-677878,12/11/2025,12/11/2028,KELURAHAN MENTAWIR,RUSAK BERAT,TIDAK AKTIF,TERCATAT DI BKAD
KTVP 8530, ,DINAS PENANGGULANGAN KEBAKARAN DAN PENYELAMATAN,DINAS PENANGGULANGAN KEBAKARAN DAN PENYE,G,HINO,WU342R-HKMQHD8 (110LD),2019,MJEC1JG41K5183187,W04DTPJ82552,11/7/2025,11/7/2029,DINAS PENANGGULANGAN KEBAKARAN DAN PENYELAMATAN,BAIK,AKTIF,TERCATAT DI BKAD
KTVP 3158,,KECAMATAN BABULU,KECAMATAN BABULU,R,YAMAHA,1 PA,2013,MH31PA002DK354972,1PA-356147,12/13/2026,12/13/2028,KECAMATAN BABULU,RUSAK BERAT,TIDAK AKTIF,TERCATAT DI BKAD
KTVP 3159,,KECAMATAN BABULU,KECAMATAN BABULU,R,YAMAHA,1 DY,2013,MH31DY005DJ197587,1DY-197610,12/13/2026,12/13/2028,KECAMATAN BABULU,BAIK,AKTIF,TERCATAT DI BKAD
KTVP 3161,,KECAMATAN BABULU,KECAMATAN BABULU,R,YAMAHA,1 DY,2013,MH31DY005DJ207845,1DY-207866,12/13/2026,12/13/2028,KECAMATAN BABULU,BAIK,AKTIF,TERCATAT DI BKAD
KTVP 8533,,DINAS PENANGGULANGAN KEBAKARAN DAN PENYELAMATAN,KANTOR KESBANGPOL,G,HINO,FG8JJKB-GGJ (FG235JJ),2013,MJEFG8JJKDJG16385,J08EUGJ-39622,11/29/2025,11/29/2028,DINAS PENANGGULANGAN KEBAKARAN DAN PENYELAMATAN,BAIK,AKTIF,TERCATAT DI BKAD
KTV  2705, ,"DINAS PENDIDIKAN, PEMUDA DAN OLAHRAGA",KANTOR DINAS PENDIDIKAN PEMUDA DAN OLAHR,R,VIAR,V 30 R M/T,2023,MGRVR30TAPL300916,YX300FMG23300607,11/18/2025,11/18/2029,DISDIKPORA,BAIK,AKTIF,TERCATAT DI BKAD
KTV- 4372,,"DINAS PENDIDIKAN, PEMUDA DAN OLAHRAGA",PEMKAB PPU,R,HONDA,NF100 SL,2006,MHIHB31186K177831,HB31E - 1179074,1/24/2021,1/24/2022,DISDIKPORA,BAIK,AKTIF,TIDAK ADA KETERANGAN
KTVP 3165,,KELURAHAN SESUMPU,KELURAHAN SESUMPU,R,YAMAHA,5D9 (VEGA ZR),2013,MH35D9206DJ884411,5D9-1884399,12/16/2026,12/16/2028,KELURAHAN SESUMPU,BAIK,AKTIF,TERCATAT DI BKAD
KTVP 1377,KTV- 1143,"DINAS PENDIDIKAN, PEMUDA DAN OLAHRAGA",PEMKAB PPU,C,DAIHATSU,F 601 RV-GMDFJJ (XENIA VVTI-13,2009,MHKV1BA2J9K042085,DE48049,10/21/2025,10/21/2029,DISDIKPORA,BAIK,AKTIF,TERCATAT DI BKAD
KTVP 3167,,KELURAHAN TANJUNG TENGAH,KELURAHAN TANJUNG TENGAH,R,YAMAHA,1FD,2013,MH31FD001DJ035216,1FD-035223,12/16/2026,12/16/2028,KELURAHAN TANJUNG TENGAH,BAIK,AKTIF,TERCATAT DI BKAD
KTVP 3169,,SEKRETARIAT DAERAH,PEMERINTAH KABUPATEN PENAJAM PASER UTARA,R,YAMAHA,1 KP A/T,2013,M31KP003DK631261,1KP-631329,12/16/2026,12/16/2028,SEKRETARIAT DAERAH,BAIK,AKTIF,TERCATAT DI BKAD
KTVP 3170,,BADAN KEUANGAN DAN ASET DAERAH,PEMERINTAH KABUPATEN PENAJAM PASER UTARA,R,YAMAHA,50C (T135HC) M/T,2013,MH350C004DK679618,50C-679848,12/16/2026,12/16/2028,BADAN KEUANGAN DAN ASET DAERAH,BAIK,AKTIF,TERCATAT DI BKAD
KTVP 3171,,SEKRETARIAT DAERAH,PEMERINTAH KABUPATEN PENAJAM PASER UTARA,R,YAMAHA,1 KP AT,2013,MH31KP00CDJ587178,1KP-587195,12/16/2026,12/16/2028,SEKRETARIAT DAERAH,BAIK,AKTIF,TERCATAT DI BKAD
KTVP 3172,,SEKRETARIAT DAERAH,PEMERINTAH KABUPATEN PENAJAM PASER UTARA,R,YAMAHA,1 KP AT,2013,MH31KP00CDJ592871,1KP-592894,12/16/2026,12/16/2028,SEKRETARIAT DAERAH,BAIK,AKTIF,TERCATAT DI BKAD
KTVP 3173,,SEKRETARIAT DAERAH,PEMERINTAH KABUPATEN PENAJAM PASER UTARA,R,YAMAHA,45P (BYSON),2013,MH345P004DK251953,45P-262010,12/16/2026,12/16/2028,SEKRETARIAT DAERAH,BAIK,AKTIF,TERCATAT DI BKAD
KTVP 3174,,SEKRETARIAT DAERAH,PEMERINTAH KABUPATEN PENAJAM PASER UTARA,R,YAMAHA,45P (BYSON),2013,MH345P004DK255152,45P-265228,12/16/2026,12/16/2028,SEKRETARIAT DAERAH,BAIK,AKTIF,TERCATAT DI BKAD
KTVP 3175,,PENGELOLA (BKAD),SEKRETARIAT DAERAH,R,YAMAHA,50C (T135HC) M/T,2013,MH350C004DK665800,50C-665839,12/16/2025,12/16/2028,PENGELOLA,Pinjam Pakai,TIDAK AKTIF,TERCATAT DI BKAD
KTVP 3176,,DINAS PERTANIAN,DP3K,R,YAMAHA,1 PA,2013,MH31PA002DK357897,1PA-358092,12/18/2026,12/18/2028,DINAS PERTANIAN,BAIK,AKTIF,TERCATAT DI BKAD
KTVP 3177,,DINAS PERTANIAN,DP3K,R,YAMAHA,1 PA,2013,MH31PA002DK354927,1PA-355432,12/18/2026,12/18/2028,DINAS PERTANIAN,BAIK,AKTIF,TERCATAT DI BKAD
KTVP 3178,,DINAS PERTANIAN,DP3K,R,YAMAHA,1 PA,2013,MH31PA002DK350640,1PA-350780,12/18/2026,12/18/2028,DINAS PERTANIAN,BAIK,AKTIF,TERCATAT DI BKAD
KTVP 3179,,DINAS PERHUBUNGAN,DISHUBBUDPAR,R,YAMAHA,2 BU AT,2013,MH32BU001DJ059221,2BU-059228,12/23/2026,12/23/2028,DINAS PERHUBUNGAN,BAIK,AKTIF,TERCATAT DI BKAD
KTVP 1478,KTV  1258,"DINAS PENDIDIKAN, PEMUDA DAN OLAHRAGA",DINAS PENDIDIKAN PEMUDA DAN OLAHRAGA KAB,C,TOYOTA,NEW AVANZA 1.3G MT,2012,MHKM1BA3JCK048720,DK73464,5/23/2025,5/23/2027,DISDIKPORA,BAIK,AKTIF,TERCATAT DI BKAD
KTVP 3181,,KELURAHAN LAWE-LAWE,KELURAHAN LAWE-LAWE,R,YAMAHA,1 KP A/T,2013,MH31KP00CDJ601932,1KP-601951,12/23/2026,12/23/2028,KELURAHAN LAWE-LAWE,BAIK,AKTIF,TERCATAT DI BKAD
KTVP 3182,,KELURAHAN PETUNG,KANTOR KELURAHAN PETUNG,R,YAMAHA,1UB A/T,2013,MH31UB004DJ111618,1UB-111565,12/28/2026,12/28/2028,KELURAHAN PETUNG,BAIK,AKTIF,TERCATAT DI BKAD
KTVP 3192,,KELURAHAN KAMPUNG BARU,KELURAHAN KAMPUNG BARU,R,YAMAHA,1FD,2013,MH31FD004DJ033617,1FD-033622,12/30/2026,12/30/2028,KELURAHAN KAMPUNG BARU,BAIK,AKTIF,TERCATAT DI BKAD
KTVP 3194,,KELURAHAN MARIDAN,KELURAHAN MARIDAN,R,YAMAHA,1FD,2013,MH31FD004DJ036439,1FD-036430,1/2/2027,1/2/2029,KELURAHAN MARIDAN,RUSAK BERAT,TIDAK AKTIF,TERCATAT DI BKAD
KTVP 3202,,DINAS PERTANIAN,DINAS KEHUTANAN DAN PERKEBUNAN KAB.PPU,R,KAWASAKI,LX150C (KLX 150S),2013,MH4LX150CDKP91464,LX150CEPE0106,1/28/2027,1/28/2029,DINAS PERTANIAN,BAIK,AKTIF,TERCATAT DI BKAD
KTVP 3203,,DINAS PERTANIAN,DINAS KEHUTANAN DAN PERKEBUNAN KAB.PPU,R,KAWASAKI,LX150C (KLX 150S),2013,MH4LX150CDKP91489,LX150CEPD7550,1/28/2027,1/28/2029,DINAS PERTANIAN,BAIK,AKTIF,TERCATAT DI BKAD
KTVP 3204,,DINAS PERTANIAN,DINAS KEHUTANAN DAN PERKEBUNAN KAB.PPU,R,KAWASAKI,LX150C (KLX 150S),2013,MH4LX150CDKP92370,LX150CEPD8892,1/28/2027,1/28/2029,DINAS PERTANIAN,BAIK,AKTIF,TERCATAT DI BKAD
KTVP 3213,,DINAS KEPENDUDUKAN DAN PENCATATAN SIPIL,DINAS KEPENDUDUKAN DAN PENCATATAN SIPIL,R,YAMAHA,1 KP AT,2014,MH31KP003EK700633,1KP-700568,3/19/2027,3/19/2029,DINAS KEPENDUDUKAN DAN PENCATATAN SIPIL,BAIK,AKTIF,TERCATAT DI BKAD
KTVP 3218,,PENGELOLA (BKAD),DINAS KEPENDUDUKAN DAN PENCATATAN SIPIL,R,YAMAHA,1 KP AT,2014,MH31KP003EK692692,1KP-692663,4/14/2025,4/14/2029,PENGELOLA,RUSAK BERAT,TIDAK AKTIF,LELANG
KTVP 3220,,"DINAS PERUMAHAN, KAWASAN PERMUKIMAN DAN PERTANAHAN",DKPP BIDANG PERTAMANAN DAN PEMAKAMAN PPU,R,YAMAHA,1 KP A/T,2014,MH31KP00CEJ714465,1KP-714518,4/17/2027,4/17/2029,DINAS PERUMAHAN KAWASAN PERMUKIMAN DAN PERTAMANAN,RUSAK BERAT,TIDAK AKTIF,TERCATAT DI BKAD
KTVP 3221,,DINAS LINGKUNGAN HIDUP,DKPP BIDANG PERTAMANAN DAN PEMAKAMAN PPU,R,YAMAHA,45P (BYSON),2013,MH345P004DK258503,45P-268536,4/17/2027,4/17/2029,DINAS LINGKUNGAN HIDUP,BAIK,AKTIF,TERCATAT DI BKAD
KTVP 3225,,KECAMATAN SEPAKU,KANTOR KECAMATAN SEPAKU,R,YAMAHA,50C (T135HC) MT,2014,MH350C006EK745318,50C-745729,4/25/2026,4/25/2029,KECAMATAN SEPAKU,BAIK,AKTIF,TERCATAT DI BKAD
KTVP 3226,,KECAMATAN SEPAKU,KANTOR KECAMATAN SEPAKU,R,YAMAHA,50C (T135HC) MT,2014,MH350C006EK735547,50C-735566,4/25/2026,4/25/2029,KECAMATAN SEPAKU,BAIK,AKTIF,TERCATAT DI BKAD
KTVP 3228,,SEKRETARIAT DAERAH,SEKRETARIAT DAERAH KAB.PPU,R,YAMAHA,1 PA,2014,MH31PA004EK485818,1PA-486024,4/30/2027,4/30/2029,SEKRETARIAT DAERAH,RUSAK BERAT,TIDAK AKTIF,TERCATAT DI BKAD
KTVP 3247,,KELURAHAN PEMALUAN,KANTOR KELURAHAN PEMALUAN,R,YAMAHA,1FD,2014,MH31FD001EJ056473,1FD-056481,5/26/2027,5/26/2029,KELURAHAN PEMALUAN,RUSAK BERAT,TIDAK AKTIF,TERCATAT DI BKAD
KTVP 3262,,"DINAS PENDIDIKAN, PEMUDA DAN OLAHRAGA",DISDIKPORA KAB.PPU,R,HONDA,NF12A1CF MT,2014,MH1JBG114EK161102,JBG1E-1160846,7/11/2026,7/11/2029,DISDIKPORA,BAIK,AKTIF,TERCATAT DI BKAD
KTVP 3263,,"DINAS PENDIDIKAN, PEMUDA DAN OLAHRAGA",DINAS PENDIDIKAN PEMUDA DAN OLAHRAGA PPU,R,HONDA,NF12A1CF M/T,2014,MH1JBG117EK164396,JBG1E-1164074,7/11/2026,7/11/2029,DISDIKPORA,RUSAK BERAT,TIDAK AKTIF,TERCATAT DI BKAD
KTVP 3266,,"DINAS PENDIDIKAN, PEMUDA DAN OLAHRAGA",DINAS PENDIDIKAN PEMUDA DAN OLAHRAGA PPU,R,HONDA,NF12A1CF MT,2014,MH1JBG110EK169035,JBG1E-1168793,7/11/2026,7/11/2029,DISDIKPORA,RUSAK BERAT,TIDAK AKTIF,TERCATAT DI BKAD
KTVP 3270,,"DINAS PENDIDIKAN, PEMUDA DAN OLAHRAGA",DINAS PENDIDIKAN PEMUDA DAN OLAHRAGA PPU,R,HONDA,NF12A1CF MT,2014,MH1JBG111EK170159,JBG1E-1169797,7/11/2026,7/11/2029,DISDIKPORA,RUSAK BERAT,TIDAK AKTIF,TERCATAT DI BKAD
KTVP 3273,,"DINAS PENDIDIKAN, PEMUDA DAN OLAHRAGA",DINAS PENDIDIKAN PEMUDA DAN OLAHRAGA PPU,R,HONDA,NF12A1CF M/T,2014,MH1JBG111EK170176,JBG1E-1169740,7/11/2027,7/11/2029,DISDIKPORA,BAIK,AKTIF,TERCATAT DI BKAD
KTVP 3274,,"DINAS PENDIDIKAN, PEMUDA DAN OLAHRAGA",DINAS PENDIDIKAN PEMUDA DAN OLAHRAGA PPU,R,HONDA,GL15B1DF M/T,2014,MH1KC5113EK024643,KC51E-1024819,7/11/2026,7/11/2029,DISDIKPORA,RUSAK BERAT,TIDAK AKTIF,TERCATAT DI BKAD
KTVP 3280,,"DINAS PENDIDIKAN, PEMUDA DAN OLAHRAGA",DINAS PENDIDIKAN PEMUDA DAN OLAHRAGA PPU,R,HONDA,NF12A1CF M/T,2014,MH1JBG117EK169887,JBG1E-1169526,7/11/2026,7/11/2029,DISDIKPORA,RUSAK BERAT,TIDAK AKTIF,TERCATAT DI BKAD
KTVP 3290,,KELURAHAN MARIDAN,KANTOR KELURAHAN MARIDAN,R,YAMAHA,50C (T135HC) MT,2014,MH350C006EK857105,50C-857241,10/13/2026,10/13/2029,KELURAHAN MARIDAN,BAIK,AKTIF,TERCATAT DI BKAD
KTVP 3299,,"DINAS PEMBERDAYAAN PEREMPUAN, PERLINDUNGAN ANAK, PENGENDALIAN PENDUDUK DAN KELUARGA BERENCANA",BENDAHARA KANTOR KB DAN PP,R,YAMAHA,55S (T135SEC),2014,MH355S005EK143063,55S-143061,11/24/2026,11/24/2029,"DINAS PEMBERDAYAAN PEREMPUAN, PERLINDUNGAN ANAK, PENGENDALIAN PENDUDUK & KELUARGA BERENCANA",BAIK,AKTIF,TERCATAT DI BKAD
KTVP 1479,KTV  1259,"DINAS PENDIDIKAN, PEMUDA DAN OLAHRAGA",DINAS PENDIDIKAN PEMUDA DAN OLAHRAGA KAB,C,TOYOTA,NEW AVANZA 1.3G MT,2012,MHKM1BA3JCK046955,DK69889,5/23/2025,5/23/2027,DISDIKPORA,BAIK,AKTIF,TERCATAT DI BKAD
KTVP 1576, ,"DINAS PENDIDIKAN, PEMUDA DAN OLAHRAGA",DISDIKPORA KAB. PPU,B,TOYOTA,FORTUNER 2.8 VRZ 4X4 AT (GUN156R-SDTHXD),2023,MHFBA3FS3P1053977,1GD-5508297,2/23/2025,2/23/2029,DISDIKPORA,BAIK,AKTIF,TERCATAT DI BKAD
KTVP 3048,,"DINAS PENDIDIKAN, PEMUDA DAN OLAHRAGA",DINAS PENDIDIKAN PEMUDA DAN OLAHRAGA,R,YAMAHA,55S (T135SEC),2013,MH355S004DK120880,55S-120869,10/1/2025,10/1/2028,DISDIKPORA,BAIK,AKTIF,TERCATAT DI BKAD
KTVP 3314,,KELURAHAN SALOLOANG,KANTOR KELURAHAN SALOLOANG,R,YAMAHA,5D9 (VEGA RR),2014,MH35D9307EJ035993,5D9-2038870,12/19/2026,12/19/2029,KELURAHAN SALOLOANG,BAIK,AKTIF,TERCATAT DI BKAD
KTVP 3315,,KELURAHAN SALOLOANG,KANTOR KELURAHAN SALOLOANG,R,YAMAHA,5D9 (VEGA RR),2014,MH35D9307EJ041057,5D9-2040950,12/19/2026,12/19/2029,KELURAHAN SALOLOANG,BAIK,AKTIF,TERCATAT DI BKAD
KTVP 3060,,"DINAS PENDIDIKAN, PEMUDA DAN OLAHRAGA",DINAS PENDIDIKAN PEMUDA DAN OLAHRAGA,R,YAMAHA,55S (T135SEC),2013,MH355S004DK120088,55S-120028,10/1/2025,10/1/2028,DISDIKPORA,BAIK,AKTIF,TERCATAT DI BKAD
KTVP 3317,,KELURAHAN SALOLOANG,KANTOR KELURAHAN SALOLOANG,R,YAMAHA,5D9 (VEGA RR),2014,MH35D9307EJ037727,5D9-2037629,12/19/2026,12/19/2029,KELURAHAN SALOLOANG,BAIK,AKTIF,TERCATAT DI BKAD
KTVP 3318,,KELURAHAN SALOLOANG,KANTOR KELURAHAN SALOLOANG,R,YAMAHA,5D9 (VEGA RR),2014,MH35D9307EJ035733,5D9-2035643,12/22/2026,12/22/2029,KELURAHAN SALOLOANG,BAIK,AKTIF,TERCATAT DI BKAD
KTVP 3327,,KELURAHAN RIKO,KANTOR KELURAHAN RIKO,R,YAMAHA,1 PA,2014,MH31PA004EK621328,1PA-621574,12/30/2026,12/30/2029,KELURAHAN RIKO,BAIK,AKTIF,TERCATAT DI BKAD
KTVP 3328,,KELURAHAN BULUMINUNG,KANTOR KELURAHAN BULU MINUNG,R,YAMAHA,55S (T135SEC),2014,MH355S005EK151304,55S-151266,12/30/2026,12/30/2029,KELURAHAN BULUMINUNG,BAIK,AKTIF,TERCATAT DI BKAD
KTVP 3340,,"DINAS KOPERASI, UKM, PERINDUSTRIAN DAN PERDAGANGAN",DINAS UKM PERINDAGKOP KAB.PPU,R,HONDA,ACB2J21B02 AT,2014,MH1JFJ11XEK239884,JFJ1E-1234189,1/8/2027,1/8/2030,DISKUKMPERINDAG,BAIK,AKTIF,TERCATAT DI BKAD
KTVP 3346,,DINAS KESEHATAN,PENG.PEMBANTU UPT PUSKESMAS BABULU,R,YAMAHA,1 DY,2014,MH31DY009EJ275859,1DY-275885,1/29/2027,1/29/2030,DINAS KESEHATAN PKM BABULU,BAIK,AKTIF,TERCATAT DI BKAD
KTVP 3347,,DINAS KESEHATAN,PENG.PEMBANTU UPT PUSKESMAS BABULU,R,YAMAHA,1 DY,2014,MH31DY009EJ305304,1DY-305322,1/29/2027,1/29/2030,DINAS KESEHATAN PKM BABULU,BAIK,AKTIF,TERCATAT DI BKAD
KTVP 3379,,DINAS TENAGA KERJA DAN TRANSMIGRASI,PENG.DINAS SOSIAL DAN TENAGA KERJA KAB.P,R,YAMAHA,1 DY,2014,MH31DY008EJ287367,1DY-287391,3/28/2026,3/28/2030,DINAS TENAGA KERJA DAN TRANSMIGRASI,BAIK,AKTIF,TERCATAT DI BKAD
KTVP 3385,,PENGELOLA (BKAD),DINAS SOSIAL DAN TENAGA KERJA KAB.PPU,R,KAWASAKI,LX150C (KLX 150S),2015,MH4LX150CFJP23990,LX150CEPL2078,4/29/2024,4/29/2025,PENGELOLA,RUSAK BERAT,TIDAK AKTIF,LELANG
KTVP 3402,,PENGELOLA (BKAD),SEKRETARIAT DPRD KAB.PPU,R,HONDA,GL15C21A07 MT,2015,MH1KC6113FK036377,KC61E-1036286,6/26/2024,6/26/2025,PENGELOLA,RUSAK BERAT,TIDAK AKTIF,LELANG
KTVP 3411,,"DINAS KOPERASI, UKM, PERINDUSTRIAN DAN PERDAGANGAN",UPT.PASAR INDUK PENAJAM,R,VIAR,V 20 RL,2014,MGRVR20TAEL209522,YX200FMG14209172,9/5/2025,9/5/2025,DISKUKMPERINDAG,RUSAK BERAT,TIDAK AKTIF,TERCATAT DI BKAD
KTVP 3062,,"DINAS PENDIDIKAN, PEMUDA DAN OLAHRAGA",DINAS PENDIDIKAN PEMUDA DAN OLAHRAGA,R,YAMAHA,55S (T135SEC),2013,MH355S004DK115941,55S-115944,10/1/2025,10/1/2028,DISDIKPORA,BAIK,AKTIF,TERCATAT DI BKAD
KTVP 3437,,PENGELOLA (BKAD),"DINAS KOPERASI,UKM,PERINDAG KAB.PPU",R,KAISAR,TRISEDA (RODA 3),2015,MGDT15MKTFJ000646,162MJ E2289038,11/27/2024,11/27/2025,PENGELOLA,RUSAK BERAT,TIDAK AKTIF,LELANG
KTVP 3459,,KELURAHAN PEMALUAN,BEN.PENGELUARAN KEL.PEMALUAN,R,YAMAHA,2PV,2015,MH3UG0710FK093217,G3E6E-0108703,1/11/2026,1/11/2026,KELURAHAN PEMALUAN,RUSAK BERAT,TIDAK AKTIF,TERCATAT DI BKAD
KTVP 3413,,"DINAS PENDIDIKAN, PEMUDA DAN OLAHRAGA",DINAS PENDIDIKAN PEMUDA DAN OLAHRAGA KAB,R,YAMAHA,1 PA,2015,MH31PA004FK867484,1PA-867408,9/10/2025,9/10/2025,DISDIKPORA,BAIK,AKTIF,TERCATAT DI BKAD
KTVP 3471,,SEKRETARIAT DAERAH,KANTOR SEKRETARIAT DAERAH KAB.PPU,R,KAWASAKI,LX150G,2016,MH4LX150GFJP03592,LX150CEPN6154,3/24/2026,3/24/2026,SEKRETARIAT DAERAH,BAIK,AKTIF,TERCATAT DI BKAD
KTVP 3474,,"DINAS PEMBERDAYAAN PEREMPUAN, PERLINDUNGAN ANAK, PENGENDALIAN PENDUDUK DAN KELUARGA BERENCANA",BENDAHARA KANTOR KB & PP,R,YAMAHA,1FDC CAST WHEEL,2016,MH3UE1210GJ006831,E3R8E-0018110,7/15/2026,7/15/2026,"DINAS PEMBERDAYAAN PEREMPUAN, PERLINDUNGAN ANAK, PENGENDALIAN PENDUDUK & KELUARGA BERENCANA",BAIK,AKTIF,TERCATAT DI BKAD
KTVP 3478,,"DINAS PEMBERDAYAAN PEREMPUAN, PERLINDUNGAN ANAK, PENGENDALIAN PENDUDUK DAN KELUARGA BERENCANA",BENDAHARA KANTOR KB & PP,R,YAMAHA,1FDC CAST WHEEL,2016,MH3UE1210GJ007083,E3R8E-0018689,7/15/2026,7/15/2026,"DINAS PEMBERDAYAAN PEREMPUAN, PERLINDUNGAN ANAK, PENGENDALIAN PENDUDUK & KELUARGA BERENCANA",BAIK,AKTIF,TERCATAT DI BKAD
KTVP 3480,,"DINAS PEMBERDAYAAN PEREMPUAN, PERLINDUNGAN ANAK, PENGENDALIAN PENDUDUK DAN KELUARGA BERENCANA",BENDAHARA KANTOR KB & PP,R,YAMAHA,1FDC CAST WHEEL,2016,MH3UE1210GJ006001,E3R8E-0015704,7/15/2026,7/15/2026,"DINAS PEMBERDAYAAN PEREMPUAN, PERLINDUNGAN ANAK, PENGENDALIAN PENDUDUK & KELUARGA BERENCANA",BAIK,AKTIF,TERCATAT DI BKAD
KTVP 3481,,"DINAS PEMBERDAYAAN PEREMPUAN, PERLINDUNGAN ANAK, PENGENDALIAN PENDUDUK DAN KELUARGA BERENCANA",BENDAHARA KANTOR KB & PP,R,YAMAHA,1FDC CAST WHEEL,2016,MH3UE1210GJ010866,E3R8E-0028570,7/15/2026,7/15/2026,"DINAS PEMBERDAYAAN PEREMPUAN, PERLINDUNGAN ANAK, PENGENDALIAN PENDUDUK & KELUARGA BERENCANA",BAIK,AKTIF,TERCATAT DI BKAD
KTVP 3484,,DINAS PEKERJAAN UMUM DAN PENATAAN RUANG,BEND.PENG.DINAS PEKERJAAN UMUM KAB.PPU,R,HONDA,GL15B1DF MT,2016,MH1KC5212GK288180,KC52E-1285630,8/23/2026,8/23/2026,DINAS PU DAN PENATAAN RUANG,BAIK,AKTIF,TERCATAT DI BKAD
KTVP 3488,KTVA-2002,KETAHANAN PANGAN,KANTOR KETAHANAN PANGAN & PENYULUHAN,R,HONDA,GL 15 A1 RR MT,2011,MH1KC311XBK060748,KC31E-1060460,10/12/2026,10/12/2026,KETAHANAN PANGAN,BAIK,AKTIF,TERCATAT DI BKAD
KTVP 3498,KTV- 3118,BADAN KEUANGAN DAN ASET DAERAH,DISPENDA,R,YAMAHA,50C (T135HC) MT,2012,MH350C002CK392370,50C-392463,8/10/2026,8/10/2027,BADAN KEUANGAN DAN ASET DAERAH,BAIK,AKTIF,TERCATAT DI BKAD
KTVP 3499,KTV- 3116,KELURAHAN SEPAN,KELURAHAN SEPAN,R,YAMAHA,3C1 (V-IXION/FZ150),2012,MH33C1005CK911084,3C1-912057,8/10/2026,8/10/2027,KELURAHAN SEPAN,BAIK,AKTIF,TERCATAT DI BKAD
KTVP 3501,KTV- 3120,BADAN PENDAPATAN DAERAH,DISPENDA,R,YAMAHA,50C (T135HC) M/T,2012,MH350C002CK381689,50C-381839,8/10/2027,8/10/2027,BADAN PENDAPATAN DAERAH,BAIK,AKTIF,TERCATAT DI BKAD
KTVP 3510,KTV- 3145,PENGELOLA (BKAD),DINAS KEHUTANAN DAN PERKEBUNAN,R,YAMAHA,3C1 (V-IXION/FZ150),2012,MH33C1205CK028714,3C1-1028440,10/3/2024,10/3/2027,PENGELOLA,RUSAK BERAT,TIDAK AKTIF,LELANG
KTVP 3511,KTV- 3144,"DINAS KOPERASI, UKM, PERINDUSTRIAN DAN PERDAGANGAN",DINAS KEHUTANAN DAN PERKEBUNAN,R,YAMAHA,44D (XEON),2012,MH344D002CK311513,44D-311608,10/3/2026,10/3/2027,DISKUKMPERINDAG,BAIK,AKTIF,TERCATAT DI BKAD
KTVP 3512,KTV- 3083,KECAMATAN BABULU,KECAMATAN BABULU,R,YAMAHA,5D9 (VEGA ZR),2012,MH35D9204CJ545990,5D9-1546067,6/11/2027,6/11/2027,KECAMATAN BABULU,RUSAK BERAT,TIDAK AKTIF,TERCATAT DI BKAD
KTVP 3513,KTV- 3177,DINAS KESEHATAN,DINAS KESEHATAN,R,YAMAHA,5D9 (VEGA ZR),2012,MH35D9205CJ715903,5D9-1715879,11/23/2026,11/23/2027,DINAS KESEHATAN,BAIK,AKTIF,TERCATAT DI BKAD
KTVP 3601,KTV- 3237,"DINAS PENDIDIKAN, PEMUDA DAN OLAHRAGA",DISDIKPORA KAB.PPU,R,YAMAHA,3C1 (V-IXION/FZ150),2012,MH33C1205CK059232,3C1-1059006,12/17/2025,12/17/2027,DISDIKPORA,BAIK,AKTIF,TERCATAT DI BKAD
KTVP 3515,KTV- 3205,PENGELOLA (BKAD),DINAS PERTAMBANGAN,R,YAMAHA,45P (BYSON),2012,MH345P003CK168100,45P-178397,10/24/2026,10/24/2027,PENGELOLA,BAIK,AKTIF,TERCATAT DI BKAD
KTVP 3516,KTV- 3206,DINAS PENANGGULANGAN KEBAKARAN DAN PENYELAMATAN,DINAS PERTAMBANGAN,R,YAMAHA,45P (BYSON),2012,MH345P003CK167543,45P-177385,10/24/2026,10/24/2027,DINAS PENANGGULANGAN KEBAKARAN DAN PENYELAMATAN,BAIK,AKTIF,TERCATAT DI BKAD
KTVP 3517,KTV- 3208,DINAS PENANGGULANGAN KEBAKARAN DAN PENYELAMATAN,DINAS PERTAMBANGAN,R,YAMAHA,5D9 (VEGA ZR),2012,MH35D9205CJ719294,5D9-1719262,10/24/2026,10/24/2027,DINAS PENANGGULANGAN KEBAKARAN DAN PENYELAMATAN,BAIK,AKTIF,TERCATAT DI BKAD
KTVP 3518,KTV- 3140,DINAS KESEHATAN,DINAS KESEHATAN,R,YAMAHA,5D9 (VEGA ZR),2012,MH35D9204CJ580421,5D9-1580531,11/23/2026,11/23/2027,DINAS KESEHATAN PKM PENAJAM,BAIK,AKTIF,TERCATAT DI BKAD
KTVP 3519,KTV- 3135,DINAS KESEHATAN,DINAS KESEHATAN,R,YAMAHA,5D9 (VEGA ZR),2012,MH35D9205CJ702568,5D9-1702582,11/23/2026,11/23/2027,DINAS KESEHATAN PKM PENAJAM,BAIK,AKTIF,TERCATAT DI BKAD
KTVP 3520,KTV- 3154,DINAS KESEHATAN,DINAS KESEHATAN,R,YAMAHA,5D9 (VEGA ZR),2012,MH35D9205CJ718779,5D9-1718771,11/23/2026,11/23/2027,DINAS KESEHATAN PKM PENAJAM,BAIK,AKTIF,TERCATAT DI BKAD
KTVP 3521,KTV- 3160,DINAS KESEHATAN,DINAS KESEHATAN,R,YAMAHA,5D9 (VEGA ZR),2012,MH35D9204CJ572225,5D9-1572329,11/23/2026,11/23/2027,DINAS KESEHATAN PKM PENAJAM,BAIK,AKTIF,TERCATAT DI BKAD
KTVP 3522,KTV- 3162,DINAS KESEHATAN,DINAS KESEHATAN,R,YAMAHA,5D9 (VEGA ZR),2012,MH35D9204CJ603496,5D9-1603443,11/23/2026,11/23/2027,DINAS KESEHATAN PKM PENAJAM,BAIK,AKTIF,TERCATAT DI BKAD
KTVP 3523,KTV- 3073,"DINAS PENDIDIKAN, PEMUDA DAN OLAHRAGA",DISDIKPORA,R,YAMAHA,55S (T135SEC),2012,MH355S002CK075899,55S-075494,6/5/2026,6/5/2027,DISDIKPORA,BAIK,AKTIF,TERCATAT DI BKAD
KTVP 3524,KTV- 3169,DINAS KESEHATAN,DINAS KESEHATAN,R,YAMAHA,5D9 (VEGA ZR),2012,MH35D9205CJ691496,5D9-1691490,11/23/2026,11/23/2027,DINAS KESEHATAN PKM PENAJAM,BAIK,AKTIF,TERCATAT DI BKAD
KTVP 3526,KTV- 3149,PENGELOLA (BKAD),DINAS KESEHATAN,R,YAMAHA,5D9 (VEGA ZR),2012,MH35D9205CJ715904,5D9-1715877,11/23/2026,11/23/2027,PENGELOLA,RUSAK BERAT,TIDAK AKTIF,TERCATAT DI BKAD
KTVP 3527,KTV- 3209,DINAS PERTANIAN,DP3K,R,YAMAHA,5D9 (VEGA ZR),2012,MH35D9205CJ733882,5D9-1733858,11/6/2026,11/6/2027,DINAS PERTANIAN,BAIK,AKTIF,TERCATAT DI BKAD
KTVP 3528,KTV- 3210,DINAS PERTANIAN,DP3K,R,YAMAHA,5D9 (VEGA ZR),2012,MH35D9205CJ723545,5D9-1723527,11/6/2026,11/6/2027,DINAS PERTANIAN,BAIK,AKTIF,TERCATAT DI BKAD
KTVP 3529,KTV- 3091,DINAS SOSIAL,DINSOSNAKER,R,YAMAHA,3C1 (V-IXION/FZ150),2012,MH33C1005CK875785,3C1-876740,6/26/2027,6/26/2027,DINAS SOSIAL,BAIK,AKTIF,TERCATAT DI BKAD
KTVP 3530,KTV- 3141,DINAS KESEHATAN,DINAS KESEHATAN,R,YAMAHA,5D9 (VEGA ZR),2012,MH35D9204CJ606441,5D9-1606426,11/23/2026,11/23/2027,DINAS KESEHATAN PKM PETUNG,BAIK,AKTIF,TERCATAT DI BKAD
KTVP 3531,KTV- 3142,DINAS KESEHATAN,DINAS KESEHATAN,R,YAMAHA,5D9 (VEGA ZR),2012,MH35D9204CJ570783,5D9-1570872,11/23/2026,11/23/2027,DINAS KESEHATAN PKM PETUNG,RUSAK BERAT,TIDAK AKTIF,TERCATAT DI BKAD
KTVP 3532,KTV- 3143,DINAS KESEHATAN,DINAS KESEHATAN,R,YAMAHA,5D9 (VEGA ZR),2012,MH35D9204CJ590971,5D9-1591053,11/23/2026,11/23/2027,DINAS KESEHATAN PKM PETUNG,BAIK,AKTIF,TERCATAT DI BKAD
KTVP 3533,KTV- 3139,DINAS KESEHATAN,DINAS KESEHATAN,R,YAMAHA,5D9 (VEGA ZR),2012,MH35D9204CJ610625,5D9-1610624,11/23/2026,11/23/2027,DINAS KESEHATAN PKM PETUNG,RUSAK BERAT,TIDAK AKTIF,TERCATAT DI BKAD
KTVP 3534,KTV- 3137,DINAS KESEHATAN,DINAS KESEHATAN,R,YAMAHA,5D9 (VEGA ZR),2012,MH35D9204CJ601828,5D9-1601803,11/23/2026,11/23/2027,DINAS KESEHATAN PKM PETUNG,RUSAK BERAT,TIDAK AKTIF,TERCATAT DI BKAD
KTVP 3536,KTV- 3089,KELURAHAN LAWE-LAWE,KELURAHAN LAWE-LAWE,R,YAMAHA,50C (T135HC) MT,2012,MH350C002CK322121,50C-322301,6/20/2027,6/20/2027,KELURAHAN LAWE-LAWE,BAIK,AKTIF,TERCATAT DI BKAD
KTVP 3537,KTV- 3164,DINAS KESEHATAN,DINAS KESEHATAN,R,YAMAHA,5D9 (VEGA ZR),2012,MH35D9204CJ594073,5D9-1594167,11/23/2026,11/23/2027,DINAS KESEHATAN PKM PETUNG,RUSAK BERAT,TIDAK AKTIF,TERCATAT DI BKAD
KTVP 3538,KTV- 3207,DINAS KOMUNIKASI DAN INFORMATIKA,DINAS PERTAMBANGAN,R,YAMAHA,5D9 (VEGA ZR),2012,MH35D9205CJ725831,5D9-1725809,10/24/2026,10/24/2027,"DINAS KOMUNIKASI DAN INFORMATIKA, STATISTIK DAN PERSANDIAN",BAIK,AKTIF,TERCATAT DI BKAD
KTVP 3539,KTV- 3190,DINAS KESEHATAN,DINAS KESEHATAN,R,YAMAHA,5D9 (VEGA ZR),2012,MH35D9204CJ570769,5D9-1570847,11/23/2026,11/23/2027,DINAS KESEHATAN PKM SEBAKUNG JAYA,BAIK,AKTIF,TERCATAT DI BKAD
KTVP 3602,KTV- 3233,"DINAS PENDIDIKAN, PEMUDA DAN OLAHRAGA",DISDIKPORA KAB.PPU,R,YAMAHA,3C1 (V-IXION/FZ150),2012,MH33C1205CK059265,3C1-1058993,12/17/2025,12/17/2027,DISDIKPORA,BAIK,AKTIF,TERCATAT DI BKAD
KTVP 3541,KTV- 3228,DINAS LINGKUNGAN HIDUP,KANTOR LINGKUNGAN HIDUP,R,YAMAHA,3C1 (V-IXION/FZ150),2011,MH33C1205CK079959,3C1-1079814,11/26/2026,11/26/2027,DINAS LINGKUNGAN HIDUP,BAIK,AKTIF,TERCATAT DI BKAD
KTVP 3542,KTV- 3229,DINAS LINGKUNGAN HIDUP,KANTOR LINGKUNGAN HIDUP,R,YAMAHA,3C1 (V-IXION/FZ150),2012,MH33C1205CK079954,3C1-1079694,11/26/2026,11/26/2027,DINAS LINGKUNGAN HIDUP,BAIK,AKTIF,TERCATAT DI BKAD
KTVP 3543,KTV- 3227,DINAS LINGKUNGAN HIDUP,KANTOR LINGKUNGAN HIDUP,R,YAMAHA,3C1 (V-IXION/FZ150),2012,MH33C1205CK071828,3C1-1071664,11/26/2026,11/26/2027,DINAS LINGKUNGAN HIDUP,BAIK,AKTIF,TERCATAT DI BKAD
KTVP 3544,KTV- 3212,DINAS LINGKUNGAN HIDUP,KANTOR LINGKUNGAN HIDUP,R,YAMAHA,3C1 (V-IXION/FZ150),2012,MH33C1005CK914257,3C1-915351,11/23/2026,11/23/2027,DINAS LINGKUNGAN HIDUP,BAIK,AKTIF,TERCATAT DI BKAD
KTVP 3545,KTV- 3214,DINAS LINGKUNGAN HIDUP,KANTOR LINGKUNGAN HIDUP,R,YAMAHA,3C1 (V-IXION/FZ150),2012,MH33C1205CK051501,3C1-1051458,11/23/2026,11/23/2027,DINAS LINGKUNGAN HIDUP,BAIK,AKTIF,TERCATAT DI BKAD
KTVP 3546,KTV- 3213,DINAS LINGKUNGAN HIDUP,KANTOR LINGKUNGAN HIDUP,R,YAMAHA,3C1 (V-IXION/FZ150),2012,MH33C1205CK079915,3C1-1079800,11/23/2026,11/23/2027,DINAS LINGKUNGAN HIDUP,BAIK,AKTIF,TERCATAT DI BKAD
KTVP 3547,KTV- 3138,DINAS KESEHATAN,DINAS KESEHATAN,R,YAMAHA,5D9 (VEGA ZR),2012,MH35D9205CJ701712,5D9-1701661,11/23/2026,11/23/2027,DINAS KESEHATAN PKM WARU,BAIK,AKTIF,TERCATAT DI BKAD
KTVP 3548,KTV- 3193,DINAS KESEHATAN,DINAS KESEHATAN,R,YAMAHA,5D9 (VEGA ZR),2012,MH35D9205CJ718758,5D9-1718749,11/23/2026,11/23/2027,DINAS KESEHATAN PKM MARIDAN,BAIK,AKTIF,TERCATAT DI BKAD
KTVP 3549,KTV- 3175,DINAS KESEHATAN,DINAS KESEHATAN,R,YAMAHA,5D9 (VEGA ZR),2012,MH35D9204CJ601839,5D9-1601843,11/23/2026,11/23/2027,DINAS KESEHATAN PKM WARU,BAIK,AKTIF,TERCATAT DI BKAD
KTVP 3550,KTV- 3174,DINAS KESEHATAN,DINAS KESEHATAN,R,YAMAHA,5D9 (VEGA ZR),2012,MH35D9204CJ610291,5D9-1610295,11/23/2026,11/23/2027,DINAS KESEHATAN PKM WARU,BAIK,AKTIF,TERCATAT DI BKAD
KTVP 3551,KTV- 3173,DINAS KESEHATAN,DINAS KESEHATAN,R,YAMAHA,5D9 (VEGA ZR),2012,MH35D9205CJ702567,5D9-1702581,11/23/2026,11/23/2027,DINAS KESEHATAN PKM SOTEK,RUSAK BERAT,TIDAK AKTIF,TERCATAT DI BKAD
KTVP 3552,KTV- 3230,DINAS LINGKUNGAN HIDUP,KANTOR LINGKUNGAN HIDUP,R,YAMAHA,3C1 (V-IXION/FZ150),2012,MH33C1205CK072602,3C1-1072426,11/26/2026,11/26/2027,DINAS LINGKUNGAN HIDUP,BAIK,AKTIF,TERCATAT DI BKAD
KTVP 3554,KTV- 3134,DINAS KESEHATAN,DINAS KESEHATAN,R,YAMAHA,5D9 (VEGA ZR),2012,MH35D9204CJ611249,5D9-1611318,11/23/2026,11/23/2027,DINAS KESEHATAN PKM WARU,BAIK,AKTIF,TERCATAT DI BKAD
KTVP 3556,KTV- 3198,DINAS KESEHATAN,DINAS KESEHATAN,R,YAMAHA,5D9 (VEGA ZR),2012,MH35D9205CJ715061,5D9-1714925,11/23/2026,11/23/2027,DINAS KESEHATAN PKM SOTEK,BAIK,AKTIF,TERCATAT DI BKAD
KTVP 3557,KTV- 3171,DINAS KESEHATAN,DINAS KESEHATAN,R,YAMAHA,5D9 (VEGA ZR),2012,MH35D9205CJ715810,5D9-1715795,11/23/2026,11/23/2027,DINAS KESEHATAN PKM SOTEK,BAIK,AKTIF,TERCATAT DI BKAD
KTVP 3558,KTV  4395,PENGELOLA (BKAD),DINAS KESEHATAN,R,HONDA,NF100 SLD,2006,MH1HB41186K770322,HB41E-1768625,3/26/2026,3/26/2027,PENGELOLA,BAIK,AKTIF,TERCATAT DI BKAD
KTVP 3559,KTV- 3168,DINAS KESEHATAN,DINAS KESEHATAN,R,YAMAHA,5D9 (VEGA ZR),2012,MH35D9205CJ715877,5D9-1715861,11/23/2026,11/23/2027,DINAS KESEHATAN PKM SOTEK,BAIK,AKTIF,TERCATAT DI BKAD
KTVP 3560,KTV- 3196,DINAS KESEHATAN,DINAS KESEHATAN,R,YAMAHA,5D9 (VEGA ZR),2012,MH35D9205CJ702578,5D9-1702595,11/23/2026,11/23/2027,DINAS KESEHATAN PKM SOTEK,RUSAK BERAT,TIDAK AKTIF,TERCATAT DI BKAD
KTVP 3561,KTV- 3201,DINAS KESEHATAN,DINAS KESEHATAN,R,YAMAHA,5D9 (VEGA ZR),2012,MH35D9205CJ707614,5D9-1707610,11/23/2026,11/23/2027,DINAS KESEHATAN PKM BABULU,BAIK,AKTIF,TERCATAT DI BKAD
KTVP 3563,KTV- 3203,DINAS KESEHATAN,DINAS KESEHATAN,R,YAMAHA,5D9 (VEGA ZR),2012,MH35D9205CJ707628,5D9-1707625,11/23/2026,11/23/2027,DINAS KESEHATAN PKM BABULU,BAIK,AKTIF,TERCATAT DI BKAD
KTVP 3564,KTV- 3199,DINAS KESEHATAN,DINAS KESEHATAN,R,YAMAHA,5D9 (VEGA ZR),2012,MH35D9205CJ707629,5D9-1707622,11/23/2026,11/23/2027,DINAS KESEHATAN PKM BABULU,BAIK,AKTIF,TERCATAT DI BKAD
KTVP 3565,KTV- 3200,DINAS KESEHATAN,DINAS KESEHATAN,R,YAMAHA,5D9 (VEGA ZR),2012,MH35D9204CJ623119,5D9-1623013,11/23/2026,11/23/2027,DINAS KESEHATAN PKM GUNUNG INTAN,BAIK,AKTIF,TERCATAT DI BKAD
KTVP 3566,KTV- 3189,DINAS KESEHATAN,DINAS KESEHATAN,R,YAMAHA,5D9 (VEGA ZR),2012,MH35D9205CJ712472,5D9-1712450,11/23/2026,11/23/2027,DINAS KESEHATAN PKM GUNUNG INTAN,BAIK,AKTIF,TERCATAT DI BKAD
KTVP 3568,KTV- 3172,DINAS KESEHATAN,DINAS KESEHATAN,R,YAMAHA,5D9 (VEGA ZR),2012,MH35D9205CJ693534,5D9-1693515,11/23/2026,11/23/2027,DINAS KESEHATAN PKM GUNUNG INTAN,BAIK,AKTIF,TERCATAT DI BKAD
KTVP 3569,KTV- 3163,DINAS KESEHATAN,DINAS KESEHATAN,R,YAMAHA,5D9 (VEGA ZR),2012,MH35D9204CJ623798,5D9-1623776,11/23/2026,11/23/2027,DINAS KESEHATAN PKM GUNUNG INTAN,BAIK,AKTIF,TERCATAT DI BKAD
KTVP 3570,KTV- 3161,DINAS KESEHATAN,DINAS KESEHATAN,R,YAMAHA,5D9 (VEGA ZR),2012,MH35D9204CJ546000,5D9-1546077,11/23/2026,11/23/2027,DINAS KESEHATAN PKM GUNUNG INTAN,BAIK,AKTIF,TERCATAT DI BKAD
KTVP 3571,KTV- 3181,DINAS KESEHATAN,DINAS KESEHATAN,R,YAMAHA,5D9 (VEGA ZR),2012,MH35D9204CJ611050,5D9-1611122,11/23/2026,11/23/2027,DINAS KESEHATAN PKM SEBAKUNG JAYA,RUSAK BERAT,TIDAK AKTIF,TERCATAT DI BKAD
KTVP 3572,KTV- 3202,DINAS KESEHATAN,DINAS KESEHATAN,R,YAMAHA,5D9 (VEGA ZR),2012,MH35D9204CJ624288,5D9-1624277,11/23/2026,11/23/2027,DINAS KESEHATAN PKM BABULU,BAIK,AKTIF,TERCATAT DI BKAD
KTVP 3573,KTV- 3184,DINAS KESEHATAN,DINAS KESEHATAN,R,YAMAHA,5D9 (VEGA ZR),2012,MH35D9205CJ712471,5D9-1712448,11/23/2026,11/23/2027,DINAS KESEHATAN PKM SEPAKU I ,BAIK,AKTIF,TERCATAT DI BKAD
KTVP 3639,KTV- 2520,"DINAS PENDIDIKAN, PEMUDA DAN OLAHRAGA",DINAS PENDIDIKAN KAB.PPU,R,HONDA,NF100 SE,2007,MH1HB71147K180850,HB71E - 1178370,1/22/2025,1/22/2028,DISDIKPORA,BAIK,AKTIF,TERCATAT DI BKAD
KTVP 3575,KTV- 3186,DINAS KESEHATAN,DINAS KESEHATAN,R,YAMAHA,5D9 (VEGA ZR),2012,MH35D9205CJ715953,5D9-1715927,11/23/2026,11/23/2027,DINAS KESEHATAN PKM SEPAKU I ,BAIK,AKTIF,TERCATAT DI BKAD
KTVP 3576,KTV- 3192,DINAS KESEHATAN,DINAS KESEHATAN,R,YAMAHA,5D9 (VEGA ZR),2012,MH35D9205CJ715951,5D9-1715924,11/23/2026,11/23/2027,DINAS KESEHATAN PKM SEPAKU I ,BAIK,AKTIF,TERCATAT DI BKAD
KTVP 3577,KTV- 3191,DINAS KESEHATAN,DINAS KESEHATAN,R,YAMAHA,5D9 (VEGA ZR),2012,MH35D9205CJ716352,5D9-1716330,11/23/2026,11/23/2027,DINAS KESEHATAN PKM SEPAKU I ,BAIK,AKTIF,TERCATAT DI BKAD
KTVP 3778,KTV- 3074,"DINAS PENDIDIKAN, PEMUDA DAN OLAHRAGA",DISDIKPORA,R,YAMAHA,55S (T135SEC),2012,MH355S002CK079813,55S-079850,6/5/2025,6/5/2027,DISDIKPORA,BAIK,AKTIF,TERCATAT DI BKAD
KTVP 3579,KTV- 3117,BADAN PENDAPATAN DAERAH,DISPENDA,R,YAMAHA,44D (XEON),2012,MH344D002CK319411,44D-319618,8/23/2027,8/23/2027,BADAN PENDAPATAN DAERAH,BAIK,AKTIF,TERCATAT DI BKAD
KTVP 3580,3580221600,BADAN PENDAPATAN DAERAH,DISPENDA,R,YAMAHA,3C1 (V-IXION/FZ150),2012,MH33C1205CK090325,3C1-1090216,12/27/2026,12/27/2027,BADAN PENDAPATAN DAERAH,BAIK,AKTIF,TERCATAT DI BKAD
KTVP 3581,KTV- 3238,BADAN PENDAPATAN DAERAH,DISPENDA,R,YAMAHA,3C1 (V-IXION/FZ150),2012,MH33C1205CK090473,3C1-1090276,12/27/2026,12/27/2027,BADAN PENDAPATAN DAERAH,BAIK,AKTIF,TERCATAT DI BKAD
KTVP 3582,KTV- 3220,PENGELOLA (BKAD),KANTOR KETAHANAN PANGAN DAN PENYULUHAN,R,YAMAHA,3C1 (V-IXION/FZ150),2012,MH33C1205CK057971,3C1-1057781,12/19/2024,12/19/2027,PENGELOLA,RUSAK BERAT,TIDAK AKTIF,LELANG
KTVP 4025,KTV- 2801,"DINAS PENDIDIKAN, PEMUDA DAN OLAHRAGA",DISDIKPORA PPU,R,HONDA,NF 11B1D MT,2009,MH1JBC1189K180220,JBC1E - 1183360,2/11/2025,2/11/2025,DISDIKPORA,BAIK,AKTIF,TERCATAT DI BKAD
KTVP 4075,KTV- 2809,"DINAS PENDIDIKAN, PEMUDA DAN OLAHRAGA",DISDIKPORA PPU,R,HONDA,NF 11B1D MT,2009,MH1JBC11X9K220586,JBC1E - 1226024,2/11/2025,2/11/2025,DISDIKPORA,BAIK,AKTIF,TERCATAT DI BKAD
KTVP 3585,KTV- 2527,PENGELOLA (BKAD),DINAS PENDIDIKAN KAB.PPU,R,HONDA,NF100 SE,2007,MH1HB71197K151134,HB71E - 1148471,1/22/2025,1/22/2028,PENGELOLA,RUSAK BERAT,TIDAK AKTIF,LELANG
KTVP 4135,KTV  2803,"DINAS PENDIDIKAN, PEMUDA DAN OLAHRAGA",DISDIKPORA PPU,R,HONDA,NF 11B1D MT,2009,MH1JBC1199K186088,JBC1E-1182025,2/11/2025,2/11/2025,DISDIKPORA,BAIK,AKTIF,TERCATAT DI BKAD
KTVP 4181,KTV  2796,"DINAS PENDIDIKAN, PEMUDA DAN OLAHRAGA",DISDIKPORA PPU,R,HONDA,NF 11B1D MT,2009,MH1JBC1149K180215,JBC1E-1182506,2/11/2025,2/11/2025,DISDIKPORA,BAIK,AKTIF,TERCATAT DI BKAD
KTVP 4202,KTV- 2915,"DINAS PENDIDIKAN, PEMUDA DAN OLAHRAGA",DINAS PENDIDIKAN PEMUDA DAN OLAHRAGA,R,HONDA,NF 11B1D M/T,2010,MH1JBC124AK071704,JBC1E-2076800,1/19/2024,1/19/2026,DISDIKPORA,BAIK,AKTIF,TERCATAT DI BKAD
KTVP 3589,KTV- 5116,PENGELOLA (BKAD),PEMKAB PENAJAM PASER UTARA,R,YAMAHA,1S7 JUPITER-MX 135 cc,2006,MH31S70016K155925,1S7 - 155994,1/22/2025,1/22/2027,PENGELOLA,RUSAK BERAT,TIDAK AKTIF,LELANG
KTVP 3590,KTV- 3236,"DINAS PENDIDIKAN, PEMUDA DAN OLAHRAGA",DISDIKPORA KAB.PPU,R,YAMAHA,3C1 (V-IXION/FZ150),2012,MH33C1205CK047494,3C11047316,12/17/2026,12/17/2027,DISDIKPORA,BAIK,AKTIF,TERCATAT DI BKAD
KTVP 4208,KTV  2927,"DINAS PENDIDIKAN, PEMUDA DAN OLAHRAGA",DISDIKPORA KAB. PPU,R,HONDA,NF 11B1D MT,2010,MH1JBC110AK775096,JBC1E-1746406,2/16/2025,2/16/2026,DISDIKPORA,BAIK,AKTIF,TERCATAT DI BKAD
KTVP 3592, ,"DINAS PEMBERDAYAAN PEREMPUAN, PERLINDUNGAN ANAK, PENGENDALIAN PENDUDUK DAN KELUARGA BERENCANA","DINAS PEMBERDAYAAN PEREMPUAN, PERLINDUNG",R,HONDA,AFX12U21C08 MT,2017,MH1JBP112HK566945,JBP1E1562031,12/14/2026,12/14/2027,"DINAS PEMBERDAYAAN PEREMPUAN, PERLINDUNGAN ANAK, PENGENDALIAN PENDUDUK & KELUARGA BERENCANA",BAIK,AKTIF,TERCATAT DI BKAD
KTVP 4314,KTV  4360,"DINAS PENDIDIKAN, PEMUDA DAN OLAHRAGA",PEMKAB PPU,R,HONDA,NF100 SL,2006,MH1HB31116K508586,HB31E-1516967,1/24/2023,1/24/2027,DISDIKPORA,BAIK,AKTIF,TERCATAT DI BKAD
KTVP 8160, ,"DINAS PENDIDIKAN, PEMUDA DAN OLAHRAGA",DISDIKPORA KAB. PPU,F,TOYOTA,HILUX 2.4V DC 4X4 AT (GUN125R-DTTHXD),2024,MR0BB3CD6R5814464,2GD-D437949,11/7/2025,11/7/2029,DISDIKPORA,BAIK,AKTIF,TERCATAT DI BKAD
KTV  2576,KTVP 3256,DINAS PERHUBUNGAN,KANTOR DISHUBBUDPAR KAB.PPU,R,YAMAHA,1 DY,2014,MH31DY008EJ263787,1DY263809,6/9/2025,6/9/2029,DINAS PERHUBUNGAN,BAIK,AKTIF,TERCATAT DI BKAD
KTV  2577,KTVP 3252,DINAS PERHUBUNGAN,KANTOR DISHUBBUDPAR KAB.PPU,R,YAMAHA,1 PA,2014,MH31PA004EK559321,1PA559389,6/4/2025,6/4/2029,DINAS PERHUBUNGAN,BAIK,AKTIF,TERCATAT DI BKAD
KTVP 3180,,DINAS PERHUBUNGAN,DISHUBBUDPAR,R,YAMAHA,2 BU AT,2013,MH32BU001DJ025120,2BU-025134,12/23/2025,12/23/2028,DINAS PERHUBUNGAN,BAIK,AKTIF,TERCATAT DI BKAD
KTVP 3598, ,"DINAS PEMBERDAYAAN PEREMPUAN, PERLINDUNGAN ANAK, PENGENDALIAN PENDUDUK DAN KELUARGA BERENCANA","DINAS PEMBERDAYAAN PEREMPUAN, PERLINDUNG",R,HONDA,AFX12U21C08 MT,2017,MH1JBP113HK566954,JBP1E1562025,12/14/2026,12/14/2027,"DINAS PEMBERDAYAAN PEREMPUAN, PERLINDUNGAN ANAK, PENGENDALIAN PENDUDUK & KELUARGA BERENCANA",BAIK,AKTIF,TERCATAT DI BKAD
KTVP 3599,KTV- 3148,DINAS KESEHATAN,DINAS KESEHATAN,R,YAMAHA,5D9 (VEGA ZR),2012,MH35D9205CJ714311,5D9-1714304,11/23/2026,11/23/2027,DINAS KESEHATAN PKM SEMOI II,BAIK,AKTIF,TERCATAT DI BKAD
KTVP 3750,KTV- 2503,DINAS PERHUBUNGAN,KANTOR KECAMATAN WARU,R,HONDA,NF100 TD,2007,MH1HB62137K182470,HB62E - 1183358,11/6/2025,11/6/2027,DINAS PERHUBUNGAN,BAIK,AKTIF,TERCATAT DI BKAD
KTVP 3940,KTV- 2897,DINAS PERHUBUNGAN,DINAS PERHUBUNGAN KEBUDAYAAN PARIWISATA,R,SUZUKI,FL 125 RCD,2010,MH8BF45DAAJ306594,F496-ID-380912,12/29/2025,12/29/2025,DINAS PERHUBUNGAN,BAIK,AKTIF,TERCATAT DI BKAD
KTVP 3603,KTV- 3235,"DINAS PENDIDIKAN, PEMUDA DAN OLAHRAGA",DISDIKPORA KAB.PPU,R,YAMAHA,3C1 (V-IXION/FZ150),2012,MH33C1205CK081820,3C1-1081688,12/17/2026,12/17/2027,DISDIKPORA,BAIK,AKTIF,TERCATAT DI BKAD
KTVP 3608,KTV- 3250,DINAS PERTANIAN,DP3K,R,YAMAHA,50C (T135HC) MT,2012,MH350C002CK458247,50C-457956,1/8/2027,1/8/2028,DINAS PERTANIAN,BAIK,AKTIF,TERCATAT DI BKAD
KTVP 3609,KTV- 2512,"DINAS PENDIDIKAN, PEMUDA DAN OLAHRAGA",DINAS PENDIDIKAN KAB.PPU,R,HONDA,NF100 SE,2007,MH1HB71117K180823,HB71E - 1178444,1/22/2027,1/22/2028,DISDIKPORA,BAIK,AKTIF,TERCATAT DI BKAD
KTVP 3610,KTV- 2524,"DINAS PENDIDIKAN, PEMUDA DAN OLAHRAGA",DINAS PENDIDIKAN KAB.PPU,R,HONDA,NF100 SE,2007,MH1HB71137K151307,HB71E - 1148956,1/22/2027,1/22/2028,DISDIKPORA,RUSAK BERAT,TIDAK AKTIF,TERCATAT DI BKAD
KTVP 3611,KTV- 2510,"DINAS PENDIDIKAN, PEMUDA DAN OLAHRAGA",DINAS PENDIDIKAN KAB.PPU,R,HONDA,NF100 SE,2007,MH1HB71137K180712,HB71E - 1178216,1/22/2026,1/22/2028,DISDIKPORA,BAIK,AKTIF,TERCATAT DI BKAD
KTVP 4106,KTV- 2898,DINAS PERHUBUNGAN,DINAS PERHUBUNGAN KEBUDAYAAN PARIWISATA,R,SUZUKI,FL 125 RCD,2010,MH8BF45DAAJ308605,F496-ID-383105,12/29/2025,12/29/2025,DINAS PERHUBUNGAN,BAIK,AKTIF,TERCATAT DI BKAD
KTVP 3615,KTV- 2560,DINAS KESEHATAN,DINAS KESEHATAN KAB.PPU,R,HONDA,NF100 SE,2007,MH1HB71187K181080,HB71E - 1178346,2/1/2026,2/1/2028,DINAS KESEHATAN PKM PENAJAM,RUSAK BERAT,TIDAK AKTIF,TERCATAT DI BKAD
KTVP 3618,KTV- 2537,"DINAS PENDIDIKAN, PEMUDA DAN OLAHRAGA",DINAS PENDIDIKAN KAB.PPU,R,HONDA,NF100 SE,2007,MH1HB71107K151362,HB71E - 1148938,1/22/2027,1/22/2028,DISDIKPORA,RUSAK BERAT,TIDAK AKTIF,TERCATAT DI BKAD
KTVP 3619,KTV- 2519,"DINAS PENDIDIKAN, PEMUDA DAN OLAHRAGA",DINAS PENDIDIKAN KAB.PPU,R,HONDA,NF100 SE,2007,MH1HB71127K151377,HB71E - 1148859,1/22/2027,1/22/2028,DISDIKPORA,RUSAK BERAT,TIDAK AKTIF,TERCATAT DI BKAD
KTVP 3620,KTV- 2511,"DINAS PENDIDIKAN, PEMUDA DAN OLAHRAGA",DINAS PENDIDIKAN KAB.PPU,R,HONDA,NF100 SE,2007,MH1HB71117K180840,HB71E - 1178342,1/22/2027,1/22/2028,DISDIKPORA,RUSAK BERAT,TIDAK AKTIF,TERCATAT DI BKAD
KTVP 3621,KTV- 2551,DINAS KESEHATAN,DINAS KESEHATAN KAB.PPU,R,HONDA,NF100 SE,2007,MHIHB71177K198582,HB71E - 1194111,2/1/2027,2/1/2028,DINAS KESEHATAN PKM PENAJAM,BAIK,AKTIF,TERCATAT DI BKAD
KTVP 3622,KTV- 2572,DINAS KESEHATAN,DINAS KESEHATAN KAB. PPU,R,HONDA,NF100 SE,2007,MH1HB71157K198662,HB71E - 1194516,2/1/2027,2/1/2028,DINAS KESEHATAN PKM GUNUNG INTAN,BAIK,AKTIF,TERCATAT DI BKAD
KTVP 3623,KTV- 2561,DINAS KESEHATAN,DINAS KESEHATAN KAB.PPU,R,HONDA,NF100 SE,2007,MH1HB71187K200257,HB71E - 1197176,2/1/2027,2/1/2028,DINAS KESEHATAN PKM GUNUNG INTAN,BAIK,AKTIF,TERCATAT DI BKAD
KTVP 3624,KTV- 2569,DINAS KESEHATAN,DINAS KESEHATAN KAB.PPU,R,HONDA,NF100 SE,2007,MH1HB71177K180258,HB71E - 1178150,2/1/2027,2/1/2028,DINAS KESEHATAN PKM GUNUNG INTAN,BAIK,AKTIF,TERCATAT DI BKAD
KTVP 3625,KTV- 2534,"DINAS PENDIDIKAN, PEMUDA DAN OLAHRAGA",DINAS PENDIDIKAN KAB.PPU,R,HONDA,NF100 SE,2007,MHIHB71137K150979,HB71E - 1148391,1/22/2027,1/22/2028,DISDIKPORA,BAIK,AKTIF,TERCATAT DI BKAD
KTVP 3626,KTV- 2521,PENGELOLA (BKAD),DINAS PENDIDIKAN KAB.PPU,R,HONDA,NF100 SE,2007,MH1HB71117K150950,HB71E - 1148229,1/22/2025,1/22/2028,PENGELOLA,RUSAK BERAT,TIDAK AKTIF,LELANG
KTVP 3627,KTV- 2508,"DINAS PENDIDIKAN, PEMUDA DAN OLAHRAGA",DINAS PENDIDIKAN KAB.PPU,R,HONDA,NF100 SE,2007,MH1HB71147K180847,HB71E - 1178467,1/22/2027,1/22/2028,DISDIKPORA,RUSAK BERAT,TIDAK AKTIF,TERCATAT DI BKAD
KTVP 3628,KTV- 4383,"DINAS PENDIDIKAN, PEMUDA DAN OLAHRAGA",PEMKAB PPU,R,HONDA,NF100 SL,2006,MH1HB31126K508306,HB31E - 1516722,1/24/2027,1/24/2027,DISDIKPORA,RUSAK BERAT,TIDAK AKTIF,TERCATAT DI BKAD
KTVP 3629,KTV- 2518,"DINAS PENDIDIKAN, PEMUDA DAN OLAHRAGA",DINAS PENDIDIKAN KAB.PPU,R,HONDA,NF100 SE,2007,MH1HB71127K180846,HB71E - 1178466,1/22/2027,1/22/2028,DISDIKPORA,RUSAK BERAT,TIDAK AKTIF,TERCATAT DI BKAD
KTVP 3630,KTV- 2533,"DINAS PENDIDIKAN, PEMUDA DAN OLAHRAGA",DINAS PENDIDIKAN KAB.PPU,R,HONDA,NF100 SE,2007,MH1HB71137K150982,HB71E - 1148537,1/22/2027,1/22/2028,DISDIKPORA,BAIK,AKTIF,TERCATAT DI BKAD
KTVP 3631,KTV- 2564,DINAS KESEHATAN,DINAS KESEHATAN KAB.PPU,R,HONDA,NF100 SE,2007,MH1HB71157K180338,HB71E - 1176365,2/1/2026,2/1/2028,DINAS KESEHATAN PKM PENAJAM,BAIK,AKTIF,HILANG
KTVP 3632,KTV  2568,DINAS KESEHATAN,DINAS KESEHATAN KAB. PPU,R,HONDA,NF100 SE,2007,MH1HB71107K198536,HB71E-1195823,2/1/2027,2/1/2028,DINAS KESEHATAN PKM PENAJAM,BAIK,AKTIF,TERCATAT DI BKAD
KTVP 3634,KTV- 2579,DINAS KESEHATAN,DINAS KESEHATAN KAB.PPU,R,HONDA,NF100 SE,2007,MH1HB71137K198580,HB71E - 1194211,2/1/2027,2/1/2028,DINAS KESEHATAN PKM BABULU,RUSAK BERAT,TIDAK AKTIF,TERCATAT DI BKAD
KTVP 3635,KTV- 2531,"DINAS PENDIDIKAN, PEMUDA DAN OLAHRAGA",DINAS PENDIDIKAN KAB.PPU,R,HONDA,NF100 SE,2007,MH1HB71167K151351,HB71E - 1148947,1/22/2027,1/22/2028,DISDIKPORA,RUSAK BERAT,TIDAK AKTIF,TERCATAT DI BKAD
KTVP 3638,KTV- 2536,"DINAS PENDIDIKAN, PEMUDA DAN OLAHRAGA",DINAS PENDIDIKAN KAB.PPU,R,HONDA,NF100 SE,2007,MH1HB711X7K150820,HB71E - 1148399,1/22/2027,1/22/2028,DISDIKPORA,RUSAK BERAT,TIDAK AKTIF,TERCATAT DI BKAD
KTVP 4174,KTV  2895,DINAS PERHUBUNGAN,DINAS PERHUBUNGAN KEBUDAYAAN PARIWISATA,R,SUZUKI,FL 125 RCD,2010,MH8BF45DAAJ308310,F496-ID-382742,12/29/2025,12/29/2025,DINAS PERHUBUNGAN,BAIK,AKTIF,TERCATAT DI BKAD
KTVP 3640,KTV- 3182,DINAS KESEHATAN,DINAS KESEHATAN,R,YAMAHA,5D9 (VEGA ZR),2012,MH35D9205CJ724658,5D9-1724654,11/23/2026,11/23/2027,DINAS KESEHATAN PKM SEPAKU III,BAIK,AKTIF,TERCATAT DI BKAD
KTVP 3641,KTV- 2575,DINAS KESEHATAN,DINAS KESEHATAN KAB.PPU,R,HONDA,NF100 SE,2007,MH1HB71187K180253,HB71E - 1178194,2/1/2026,2/1/2028,DINAS KESEHATAN PKM PENAJAM,BAIK,AKTIF,TERCATAT DI BKAD
KTVP 3642,KTV- 2546,PENGELOLA (BKAD),DINAS KEHUTANAN DAN PERKEBUNAN,R,HONDA,GL160 D,2007,MH1KC11157K120608,KC11E - 1122717,1/28/2025,1/28/2028,PENGELOLA,RUSAK BERAT,TIDAK AKTIF,LELANG
KTVP 3643,KTV- 2552,DINAS KESEHATAN,DINAS KESEHATAN KAB.PPU,R,HONDA,NF100 SE,2007,MH1HB71177K198548,HB71E - 1196170,2/1/2026,2/1/2028,DINAS KESEHATAN PKM PETUNG,RUSAK BERAT,TIDAK AKTIF,TERCATAT DI BKAD
KTVP 3644,KTV- 2578,DINAS KESEHATAN,DINAS KESEHATAN KAB.PPU,R,HONDA,NF100 SE,2007,MH1HB71197K200106,HB71E - 1197539,2/1/2027,2/1/2028,DINAS KESEHATAN PKM PETUNG,BAIK,AKTIF,TERCATAT DI BKAD
KTVP 3645,KTV- 2556,DINAS KESEHATAN,DINAS KESEHATAN KAB.PPU,R,HONDA,NF100 SE,2007,MH1HB71127K180104,HB71E - 1178201,2/1/2027,2/1/2028,DINAS KESEHATAN PKM PETUNG,RUSAK BERAT,TIDAK AKTIF,TERCATAT DI BKAD
KTVP 3646,KTV- 2557,DINAS KESEHATAN,DINAS KESEHATAN KAB.PPU,R,HONDA,NF100 SE,2007,MH1HB71117K198559,HB71E - 1192161,2/1/2027,2/1/2028,DINAS KESEHATAN PKM PETUNG,RUSAK BERAT,TIDAK AKTIF,TERCATAT DI BKAD
KTVP 3647,KTV- 2549,DINAS KESEHATAN,DINAS KESEHATAN KAB.PPU,R,HONDA,NF100 SE,2007,MH1HB71157K198581,HB71E - 1194264,2/1/2027,2/1/2028,DINAS KESEHATAN PKM PETUNG,BAIK,AKTIF,TERCATAT DI BKAD
KTVP 3648,KTV- 2566,DINAS KESEHATAN,DINAS KESEHATAN KAB.PPU,R,HONDA,NF100 SE,2007,MH1HB71137K198658,HB71E - 1194564,2/1/2027,2/1/2028,DINAS KESEHATAN PKM SOTEK,BAIK,AKTIF,TERCATAT DI BKAD
KTVP 3651,KTV- 2535,"DINAS PENDIDIKAN, PEMUDA DAN OLAHRAGA",DINAS PENDIDIKAN KAB.PPU,R,HONDA,NF100 SE,2007,MH1HB71117K151354,HB71E - 1148942,1/22/2027,1/22/2028,DISDIKPORA,BAIK,AKTIF,TERCATAT DI BKAD
KTVP 3652,KTV- 3076,"DINAS PENDIDIKAN, PEMUDA DAN OLAHRAGA",DISDIKPORA,R,YAMAHA,55S (T135SEC),2012,MH355S002CK076810,55S-076811,6/5/2027,6/5/2027,DISDIKPORA,BAIK,AKTIF,TERCATAT DI BKAD
KTVP 3653,KTV- 2562,DINAS KESEHATAN,DINAS KESEHATAN KAB.PPU,R,HONDA,NF100 SE,2007,MH1HB71117K180885,HB71E - 1178639,2/1/2027,2/1/2028,DINAS KESEHATAN PKM SEBAKUNG JAYA,BAIK,AKTIF,TERCATAT DI BKAD
KTVP 3654,KTV- 2563,DINAS KESEHATAN,DINAS KESEHATAN KAB.PPU,R,HONDA,NF100 SE,2007,MH1HB71147K181089,HB71E - 1178338,2/1/2027,2/1/2028,DINAS KESEHATAN PKM SEPAKU I ,BAIK,AKTIF,TERCATAT DI BKAD
KTVP 3655,KTV- 3266,KELURAHAN PEJALA,KANTOR LURAH PEJALA,R,YAMAHA,1 KP A/T,2012,MH31KP001CK232911,1KP-233449,2/14/2026,2/14/2028,KELURAHAN PEJALA,BAIK,AKTIF,TERCATAT DI BKAD
KTVP 3656,KTV- 3264,KELURAHAN PEJALA,KANTOR LURAH PEJALA,R,YAMAHA,1 KP AT,2012,MH31KP001CK273087,1KP-271903,2/14/2027,2/14/2028,KELURAHAN PEJALA,BAIK,AKTIF,TERCATAT DI BKAD
KTVP 3657,KTV- 3265,KELURAHAN PEJALA,KANTOR LURAH PEJALA,R,YAMAHA,1 KP A/T,2012,MH31KP001CK271098,1KP-272026,2/14/2026,2/14/2028,KELURAHAN PEJALA,BAIK,AKTIF,TERCATAT DI BKAD
KTVP 3658,KTV- 3271,KELURAHAN SALOLOANG,KELURAHAN SALOLOANG,R,YAMAHA,1 KP AT,2012,MH31KP001CK024287,1KP-014996,3/13/2027,3/13/2028,KELURAHAN SALOLOANG,BAIK,AKTIF,TERCATAT DI BKAD
KTVP 3659,KTV- 3252,KELURAHAN SUNGAI PARIT,KELURAHAN SUNGAI PARIT,R,YAMAHA,55S (T135SEC),2012,MH355S002CK100972,55S-100991,1/9/2027,1/9/2028,KELURAHAN SUNGAI PARIT,BAIK,AKTIF,TERCATAT DI BKAD
KTVP 3660,KTV- 2539,PENGELOLA (BKAD),SEKRETARIAT DPRD,R,SUZUKI,FL 125 SD,2007,MH8BF45CA7J116298,F496 - ID - 101091,1/17/2025,1/17/2028,PENGELOLA,RUSAK BERAT,TIDAK AKTIF,LELANG
KTVP 8034,,DINAS PERHUBUNGAN,"DINAS PERHUBUNGAN,KEBUDAYAAN DAN PARIWIS",F,NISSAN,NP300 NAVARA VL 2.5 4X4 MT DC,2015,MNTCC4D23Z0003073,YD25616849T,1/6/2025,1/6/2026,DINAS PERHUBUNGAN,BAIK,AKTIF,TERCATAT DI BKAD
KTVP 3665,KTV- 3226,DINAS LINGKUNGAN HIDUP,DINAS PEKERJAAN UMUM,R,YAMAHA,3C1 (V-IXION/FZ150),2012,MH33C1205CK085621,3C1-1085450,11/26/2026,11/26/2027,DINAS LINGKUNGAN HIDUP,BAIK,AKTIF,TERCATAT DI BKAD
KTVP 3667,KTV- 2554,DINAS KESEHATAN,DINAS KESEHATAN KAB.PPU,R,HONDA,NF100 SE,2007,MH1HB71167K180820,HB71E - 1178488,2/1/2027,2/1/2028,DINAS KESEHATAN PKM WARU,BAIK,AKTIF,TERCATAT DI BKAD
KTVP 3668,KTV- 3269,KELURAHAN KAMPUNG BARU,KELURAHAN KAMPUNG BARU,R,YAMAHA,1 KP A/T,2012,MH31KP001CK255297,1KP-255485,3/1/2027,3/1/2028,KELURAHAN KAMPUNG BARU,BAIK,AKTIF,TERCATAT DI BKAD
KTVP 3669,KTV- 3267,PENGELOLA (BKAD),KELURAHAN KAMPUNG BARU,R,YAMAHA,1 KP A/T,2012,MH31KP001CK222177,1KP-222538,3/1/2025,3/1/2028,PENGELOLA,RUSAK BERAT,TIDAK AKTIF,LELANG
KTVP 3670,KTV- 3268,KELURAHAN KAMPUNG BARU,KELURAHAN KAMPUNG BARU,R,YAMAHA,1 KP A/T,2013,MH31KP001DK331239,1KP-330201,3/1/2027,3/1/2028,KELURAHAN KAMPUNG BARU,BAIK,AKTIF,TERCATAT DI BKAD
KTVP 3671,KTV- 2558,DINAS KESEHATAN,DINAS KESEHATAN KAB.PPU,R,HONDA,NF100 SE,2007,MH1HB71127K198683,HB71E - 1196259,2/1/2025,2/1/2028,DINAS KESEHATAN PKM BABULU,RUSAK BERAT,TIDAK AKTIF,TERCATAT DI BKAD
KTVP 3672,KTV- 2544,PENGELOLA (BKAD),DINAS KEHUTANAN DAN PERKEBUNAN,R,HONDA,GL160 D,2007,MH1KC11177K120643,KC11E - 1123000,1/28/2025,1/28/2028,PENGELOLA,RUSAK BERAT,TIDAK AKTIF,LELANG
KTVP 3673,KTV- 3153,DINAS KESEHATAN,DINAS KESEHATAN,R,YAMAHA,5D9 (VEGA ZR),2012,MH35D9205CJ714299,5D9-1714302,11/23/2026,11/23/2027,DINAS KESEHATAN PKM SEPAKU III,BAIK,AKTIF,TERCATAT DI BKAD
KTVP 3674,KTV- 3078,"DINAS PENDIDIKAN, PEMUDA DAN OLAHRAGA",DISDIKPORA,R,YAMAHA,55S (T135SEC),2012,MH355S002CK083037,55S-083043,6/5/2026,6/5/2027,DISDIKPORA,BAIK,AKTIF,TERCATAT DI BKAD
KTVP 3676,KTV- 3239,BADAN KEUANGAN DAN ASET DAERAH,DISPENDA,R,YAMAHA,3C1 (V-IXION/FZ150),2012,MH33C1205CK088120,3C1-1088020,12/27/2026,12/27/2027,BADAN KEUANGAN DAN ASET DAERAH,BAIK,AKTIF,TERCATAT DI BKAD
KTVP 3677,KTV- 2565,DINAS KESEHATAN,DINAS KESEHATAN KAB.PPU,R,HONDA,NF100 SE,2007,MH1HB71117K181096,HB71E - 1178343,2/1/2027,2/1/2028,DINAS KESEHATAN PKM SOTEK,BAIK,AKTIF,TERCATAT DI BKAD
KTVP 1361,KTV- 1154,DINAS PERIKANAN,PEMKAB PPU,C,DAIHATSU,F 601 RV-GMDFJJ (XENIA VVTI-13,2009,MHKV1BA2J9K042107,DE49907,10/21/2025,10/21/2029,DINAS PERIKANAN,BAIK,AKTIF,TERCATAT DI BKAD
KTVP 3680,KTV- 5115,PENGELOLA (BKAD),PEMKAB PENAJAM PASER UTARA,R,YAMAHA,1S7 JUPITER-MX 135 cc,2006,MH31S70016K155919,1S7 - 155988,1/22/2025,1/22/2027,PENGELOLA,LELANG,TIDAK AKTIF,LELANG
KTVP 3681,KTV- 2594,KELURAHAN GUNUNG SETELENG,KANTOR KELURAHAN GUNUNG STELENG,R,YAMAHA,1S7 JUPITER-MX 135 cc,2008,MH31S70058K402804,1S7 - 402958,6/18/2027,6/18/2028,KELURAHAN GUNUNG SETELENG,RUSAK BERAT,TIDAK AKTIF,TERCATAT DI BKAD
KTVP 3684,KTV- 2532,PENGELOLA (BKAD),DINAS PENDIDIKAN KAB.PPU,R,HONDA,NF100 SE,2007,MH1HB71157K180839,HB71E - 1178264,1/22/2025,1/22/2028,PENGELOLA,RUSAK BERAT,TIDAK AKTIF,LELANG
KTVP 3687,KTV- 4359,"DINAS PENDIDIKAN, PEMUDA DAN OLAHRAGA",PEMKAB PPU,R,HONDA,NF100 SL,2006,MH1HB31196K635540,HB31E - 1633542,1/24/2026,1/24/2027,DISDIKPORA,RUSAK BERAT,TIDAK AKTIF,TERCATAT DI BKAD
KTVP 3688, ,DINAS LINGKUNGAN HIDUP,DINAS LINGKUNGAN HIDUP BIDANG PENGELOLAA,R,HAPPY,HP200-M,2018,MGLHS20MBJN205391,HPR-3705277,10/10/2026,10/10/2028,DINAS LINGKUNGAN HIDUP,RUSAK BERAT,TIDAK AKTIF,TERCATAT DI BKAD
KTVP 3689, ,DINAS LINGKUNGAN HIDUP,DINAS LINGKUNGAN HIDUP BIDANG PENGELOLAA,R,HAPPY,HP200-M,2018,MGLHS20MBJN205180,HPR-3705031,10/10/2026,10/10/2028,DINAS LINGKUNGAN HIDUP,RUSAK BERAT,TIDAK AKTIF,TERCATAT DI BKAD
KTVP 3690, ,DINAS LINGKUNGAN HIDUP,DINAS LINGKUNGAN HIDUP BIDANG PENGELOLAA,R,HAPPY,HP200-M,2018,MGLHS20MBJN205396,HPR-3705304,10/10/2026,10/10/2028,DINAS LINGKUNGAN HIDUP,RUSAK BERAT,TIDAK AKTIF,TERCATAT DI BKAD
KTVP 3691, ,DINAS LINGKUNGAN HIDUP,DINAS LINGKUNGAN HIDUP BIDANG PENGELOLAA,R,HAPPY,HP200-M,2018,MGLHS20MBJN205192,HPR-3704854,10/10/2026,10/10/2028,DINAS LINGKUNGAN HIDUP,RUSAK BERAT,TIDAK AKTIF,TERCATAT DI BKAD
KTVP 3692, ,DINAS LINGKUNGAN HIDUP,DINAS LINGKUNGAN HIDUP BIDANG PENGELOLAA,R,HAPPY,HP200-M,2018,MGLHS20MBJN205357,HPR-3705203,10/10/2026,10/10/2028,DINAS LINGKUNGAN HIDUP,RUSAK BERAT,TIDAK AKTIF,TERCATAT DI BKAD
KTVP 3693, ,DINAS LINGKUNGAN HIDUP,DINAS LINGKUNGAN HIDUP BIDANG PENGELOLAA,R,HAPPY,HP200-M,2018,MGLHS20MBJN205363,HPR-3705231,10/10/2026,10/10/2028,DINAS LINGKUNGAN HIDUP,RUSAK BERAT,TIDAK AKTIF,TERCATAT DI BKAD
KTVP 3694, ,DINAS LINGKUNGAN HIDUP,DINAS LINGKUNGAN HIDUP BIDANG PENGELOLAA,R,HAPPY,HP200-M,2018,MGLHS20MBJN205406,HPR-3704915,10/10/2026,10/10/2028,DINAS LINGKUNGAN HIDUP,RUSAK BERAT,TIDAK AKTIF,TERCATAT DI BKAD
KTVP 3695, ,DINAS LINGKUNGAN HIDUP,DINAS LINGKUNGAN HIDUP BIDANG PENGELOLAA,R,HAPPY,HP200-M,2018,MGLHS20MBJN205423,HPR-3704945,10/10/2026,10/10/2028,DINAS LINGKUNGAN HIDUP,RUSAK BERAT,TIDAK AKTIF,TERCATAT DI BKAD
KTVP 3696, ,DINAS LINGKUNGAN HIDUP,DINAS LINGKUNGAN HIDUP BIDANG PENGELOLAA,R,HAPPY,HP200-M,2018,MGLHS20MBJN205422,HPR-3704919,10/10/2026,10/10/2028,DINAS LINGKUNGAN HIDUP,RUSAK BERAT,TIDAK AKTIF,TERCATAT DI BKAD
KTVP 3697, ,DINAS LINGKUNGAN HIDUP,DINAS LINGKUNGAN HIDUP BIDANG PENGELOLAA,R,HAPPY,HP200-M,2018,MGLHS20MBJN205414,HPR-3705301,10/10/2026,10/10/2028,DINAS LINGKUNGAN HIDUP,RUSAK BERAT,TIDAK AKTIF,TERCATAT DI BKAD
KTVP 3702, ,DINAS PERTANIAN,DINAS PERTANIAN,R,HONDA,GL15C21A07 MT,2018,MH1KC6110JK052061,KC61E1051919,10/11/2026,10/11/2028,DINAS PERTANIAN,RUSAK BERAT,TIDAK AKTIF,TERCATAT DI BKAD
KTVP 3703, ,DINAS PERTANIAN,DINAS PERTANIAN,R,HONDA,GL15C21A07 MT,2018,MH1KC6115JK051956,KC61E1051891,10/11/2026,10/11/2028,DINAS PERTANIAN,BAIK,AKTIF,TERCATAT DI BKAD
KTVP 3704, ,DINAS PERTANIAN,DINAS PERTANIAN,R,HONDA,GL15C21A07 MT,2018,MH1KC6112JK052028,KC61E1051819,10/11/2026,10/11/2028,DINAS PERTANIAN,BAIK,AKTIF,TERCATAT DI BKAD
KTVP 3705, ,DINAS PERTANIAN,DINAS PERTANIAN,R,HONDA,GL15C21A07 MT,2018,MH1KC6111JK052067,KC61E1051974,10/11/2026,10/11/2028,DINAS PERTANIAN,BAIK,AKTIF,TERCATAT DI BKAD
KTVP 3706, ,DINAS PERTANIAN,DINAS PERTANIAN,R,HONDA,GL15C21A07 MT,2018,MH1KC611XJK052083,KC61E1051995,10/11/2026,10/11/2028,DINAS PERTANIAN,BAIK,AKTIF,TERCATAT DI BKAD
KTVP 3710,KTV- 2601,KELURAHAN TANJUNG TENGAH,BEND.KEL.TANJUNG TENGAH,R,HONDA,NF125 TR,2008,MHIJB91178K480056,JB91E - 1478856,11/17/2026,11/17/2028,KELURAHAN TANJUNG TENGAH,RUSAK BERAT,TIDAK AKTIF,TERCATAT DI BKAD
KTVP 3711,KTVP 3168,KELURAHAN TANJUNG TENGAH,KELURAHAN TAJUNG TENGAH,R,YAMAHA,1 PA,2013,MH31PA002DK355657,1PA-354962,12/16/2026,12/16/2028,KELURAHAN TANJUNG TENGAH,BAIK,AKTIF,TERCATAT DI BKAD
KTVP 3712,KTV- 2581,PENGELOLA (BKAD),RSUD KAB.PENAJAM PASER UTARA,R,SUZUKI,FL 125 SD,2007,MH8BF45CA7J119362,F496 - ID - 124191,8/13/2025,8/13/2028,PENGELOLA,RUSAK BERAT,TIDAK AKTIF,LELANG
KTVP 3713,KTV- 2582,PENGELOLA (BKAD),RSUD KAB.PENAJAM PASER UTARA,R,SUZUKI,FL 125 SD,2007,MH8BF45CA7J119689,F496 - ID - 124795,8/13/2025,8/13/2028,PENGELOLA,RUSAK BERAT,TIDAK AKTIF,LELANG
KTVP 3714,KTV- 2583,PENGELOLA (BKAD),RSUD KAB.PENAJAM PASER UTARA,R,SUZUKI,FL 125 SD,2007,MH8BF45CA7J116178,F496 - ID - 103112,8/13/2025,8/13/2028,PENGELOLA,RUSAK BERAT,TIDAK AKTIF,LELANG
KTVP 3715,KTV- 2584,PENGELOLA (BKAD),RSUD KAB.PENAJAM PASER UTARA,R,SUZUKI,FL 125 SD,2007,MH8BF45CA7J119410,F496 - ID - 124194,8/13/2026,8/13/2028,PENGELOLA,RUSAK BERAT,TIDAK AKTIF,LELANG
KTVP 3716,KTV- 2585,PENGELOLA (BKAD),RSUD KAB.PENAJAM PASER UTARA,R,SUZUKI,FL 125 SD,2007,MH8BF45CA7J119457,F496 - ID - 124200,8/13/2025,8/13/2028,PENGELOLA,RUSAK BERAT,TIDAK AKTIF,LELANG
KTVP 3717,KTV- 2586,PENGELOLA (BKAD),RSUD KAB.PENAJAM PASER UTARA,R,SUZUKI,FL 125 SD,2007,MH8BF45CA7J119363,F496 - ID - 124180,8/13/2025,8/13/2028,PENGELOLA,RUSAK BERAT,TIDAK AKTIF,LELANG
KTVP 3720,KTV- 3273,DINAS LINGKUNGAN HIDUP,DINAS PEKERJAAN UMUM,R,YAMAHA,50C (T135HC) MT,2013,MH350C003DK514899,50C-515378,3/27/2027,3/27/2028,DINAS LINGKUNGAN HIDUP,BAIK,AKTIF,TERCATAT DI BKAD
KTVP 3721,KTVP 3133,RSUD RATU AJI PUTRI BOTUNG,RUMAH SAKIT UMUM DAERAH KAB.PPU,R,HONDA,NC110A1C AT,2013,MH1JF8117DK908443,JF81E-1902303,12/10/2026,12/10/2028,RSUD,BAIK,AKTIF,TERCATAT DI BKAD
KTVP 3724,KTV- 4012,SEKRETARIAT DAERAH,PEMKAB PENAJAM PASER UTARA,R,HONDA,WIN MCB 97 SPORT,2003,MHIHABD113K022705,HABDE - 1022665,12/29/2026,12/29/2028,PEMKAB PPU,BAIK,AKTIF,TIDAK ADA KETERANGAN
KTVP 3726,KTV- 3197,DINAS KESEHATAN,DINAS KESEHATAN,R,YAMAHA,5D9 (VEGA ZR),2012,MH35D9205CJ715844,5D9-1715818,11/23/2026,11/23/2027,DINAS KESEHATAN PKM SOTEK,BAIK,AKTIF,TERCATAT DI BKAD
KTVP 3728,KTV- 2592,KELURAHAN PETUNG,KANTOR LURAH PETUNG,R,YAMAHA,1S7 JUPITER-MX 135 cc,2008,MH31S70058K383956,1S7 - 384854,6/9/2027,6/9/2028,KELURAHAN PETUNG,RUSAK BERAT,TIDAK AKTIF,TERCATAT DI BKAD
KTVP 3729,KTV- 3119,BADAN KEUANGAN DAN ASET DAERAH,DISPENDA,R,YAMAHA,50C (T135HC) MT,2012,MH350C002CK367582,50C-367653,8/10/2027,8/10/2027,BADAN KEUANGAN DAN ASET DAERAH,BAIK,AKTIF,TERCATAT DI BKAD
KTVP 3730,KTV- 2553,DINAS KESEHATAN,DINAS KESEHATAN KAB.PPU,R,HONDA,NF100 SE,2007,MH1HB71107K198570,HB71E - 1196163,2/1/2027,2/1/2028,DINAS KESEHATAN PKM MARIDAN,BAIK,AKTIF,TERCATAT DI BKAD
KTVP 3731,KTV- 3147,DINAS KESEHATAN,DINAS KESEHATAN,R,YAMAHA,5D9 (VEGA ZR),2012,MH35D9205CJ715341,5D9-1715216,11/23/2026,11/23/2027,DINAS KESEHATAN PKM MARIDAN,BAIK,AKTIF,TERCATAT DI BKAD
KTVP 3732,KTV- 3165,DINAS KESEHATAN,DINAS KESEHATAN,R,YAMAHA,5D9 (VEGA ZR),2012,MH35D9205CJ715917,5D9-1715900,11/23/2026,11/23/2027,DINAS KESEHATAN PKM MARIDAN,BAIK,AKTIF,TERCATAT DI BKAD
KTVP 3733,KTV- 3183,DINAS KESEHATAN,DINAS KESEHATAN,R,YAMAHA,5D9 (VEGA ZR),2012,MH35D9205CJ715906,5D9-1715892,11/23/2026,11/23/2027,DINAS KESEHATAN PKM MARIDAN,BAIK,AKTIF,TERCATAT DI BKAD
KTVP 3734,KTV- 3194,DINAS KESEHATAN,DINAS KESEHATAN,R,YAMAHA,5D9 (VEGA ZR),2012,MH35D9205CJ718816,5D9-1718806,11/23/2026,11/23/2027,DINAS KESEHATAN PKM MARIDAN,BAIK,AKTIF,TERCATAT DI BKAD
KTVP 3735,KTV- 3195,DINAS KESEHATAN,DINAS KESEHATAN,R,YAMAHA,5D9 (VEGA ZR),2012,MH35D9205CJ718774,5D9-1718756,11/23/2026,11/23/2027,DINAS KESEHATAN PKM MARIDAN,BAIK,AKTIF,TERCATAT DI BKAD
KTVP 3740,KTV- 3136,DINAS KESEHATAN,DINAS KESEHATAN,R,YAMAHA,5D9 (VEGA ZR),2012,MH35D9205CJ702695,5D9-1702671,11/23/2026,11/23/2027,DINAS KESEHATAN PKM PENAJAM,BAIK,AKTIF,TERCATAT DI BKAD
KTVP 3741,KTV- 3166,DINAS KESEHATAN,DINAS KESEHATAN,R,YAMAHA,5D9 (VEGA ZR),2012,MH35D9204CJ616511,5D9-1616504,11/23/2026,11/23/2027,DINAS KESEHATAN PKM BABULU,BAIK,AKTIF,TERCATAT DI BKAD
KTVP 3742,KTV- 4023,"DINAS PENDIDIKAN, PEMUDA DAN OLAHRAGA",PEMKAB PENAJAM PASER UTARA,R,HONDA,WIN (MCB),2003,MH1HABD123K022826,HABDE - 1023239,12/29/2026,12/29/2028,DISDIKPORA,BAIK,AKTIF,TERCATAT DI BKAD
KTVP 3743,KTV- 5101,DINAS KESEHATAN,DINAS KESEHATAN PENAJAM PASER UTARA,R,YAMAHA,RX-K 135cc,2006,MH33KA0156K808257,3KA - 782357,2/27/2026,2/27/2026,DINAS KESEHATAN PKM SOTEK,RUSAK BERAT,TIDAK AKTIF,TERCATAT DI BKAD
KTVP 3744,KTV- 4010,"BADAN PERENCANAAN, PENELITIAN DAN PENGEMBANGAN",PEMKAB PENAJAM PASER UTARA,R,HONDA,WIN (MCB),2003,MH1HABD143K022830,HABDE - 1023240,12/29/2026,12/29/2028,"BADAN PERENCANAAN, PENELITIAN DAN PENGEMBANGAN",BAIK,AKTIF,TERCATAT DI BKAD
KTVP 3745,KTV- 2505,KECAMATAN WARU,KANTOR KECAMATAN WARU,R,HONDA,NF100 TD,2007,MH1HB621X7K200592,HB62E - 1184597,12/5/2026,12/5/2027,KECAMATAN WARU,RUSAK BERAT,TIDAK AKTIF,TERCATAT DI BKAD
KTVP 3746,KTV- 4037,DINAS PEKERJAAN UMUM DAN PENATAAN RUANG,PEMKAB PENAJAM PASER UTARA,R,HONDA,WIN (MCB),2003,MH1HABD113K022834,HABDE - 1023230,12/28/2026,12/28/2028,DINAS PU DAN PENATAAN RUANG,BAIK,AKTIF,TERCATAT DI BKAD
KTVP 4390, ,DINAS PERIKANAN,DINAS PERIKANAN KABUPATEN PENAJAM PASER,R,VIAR,V 10 R M/T,2022,MGRVR10TANL000738,YX151FMG22000114,11/25/2023,11/25/2027,DINAS KELAUTAN & PERIKANAN,BAIK,AKTIF,TIDAK ADA KETERANGAN
KTVP 4167,KTV- 2910,DINAS PERTANIAN,DINAS KEHUTANAN DAN PERKEBUNAN KAB.PPU,R,HONDA,NF125 TR,2010,MH1JB9128AK080635,JB91E-2074467,12/21/2025,12/21/2025,DINAS PERTANIAN,BAIK,AKTIF,TIDAK ADA KETERANGAN
KTVP 3752,KTV- 2607,DINAS KEPENDUDUKAN DAN PENCATATAN SIPIL,DINAS KEPENDUDUKAN CATATAN SIPIL TENAGA,R,HONDA,NF100 TD,2008,MH1HB62198K599738,HB62E - 1597416,12/4/2026,12/4/2028,DINAS KEPENDUDUKAN DAN PENCATATAN SIPIL,BAIK,AKTIF,TERCATAT DI BKAD
KTVP 3766,KTV- 2610,DINAS KESEHATAN,DINAS KESEHATAN,R,HONDA,NF100 SE,2008,MH1HB71168K713203,HB71E - 1706828,1/8/2027,1/8/2029,DINAS KESEHATAN PKM SEPAKU I ,BAIK,AKTIF,TERCATAT DI BKAD
KTVP 3769,KTV- 2608,PENGELOLA (BKAD),DINAS KEPENDUDUKAN CATATAN SIPIL TENAGA,R,HONDA,NF100 TD,2008,MH1HB62168K562145,HB62E - 1564585,12/4/2024,12/4/2028,PENGELOLA,RUSAK BERAT,TIDAK AKTIF,LELANG
KTVP 3770,KTV- 2622,SEKRETARIAT DAERAH,PEMKAB PPU,R,HONDA,NF100 SE,2008,MH1HB71198K651697,HB71E - 1647839,2/2/2027,2/2/2029,SEKRETARIAT DAERAH,BAIK,AKTIF,TERCATAT DI BKAD
KTVP 3771,KTV- 2625,KELURAHAN SALOLOANG,BEND.PTT KELURAHAN SALOLONG,R,HONDA,NF100 TD,2008,MH1HB61178K615002,HB61E-1611973,2/4/2026,2/4/2029,KELURAHAN SALOLOANG,BAIK,AKTIF,TERCATAT DI BKAD
KTVP 3772,KTVP 3121,DINAS PERHUBUNGAN,DINAS PERHUBUNGAN KEBUDAYAAN DAN PARIWIS,R,YAMAHA,1 KP AT,2013,MH31KP00BDJ628542,1KP-628672,12/4/2026,12/4/2028,DINAS PERHUBUNGAN,BAIK,AKTIF,TERCATAT DI BKAD
KTVP 3775,KTV- 3080,"DINAS PENDIDIKAN, PEMUDA DAN OLAHRAGA",DISDIKPORA,R,YAMAHA,55S (T135SEC),2012,MH355S002CK079496,55S-079498,6/5/2026,6/5/2027,DISDIKPORA,RUSAK BERAT,TIDAK AKTIF,TERCATAT DI BKAD
KTVP 3776,KTV- 2612,DINAS KESEHATAN,DINAS KESEHATAN,R,HONDA,NF100 SE,2008,MH1HB711X8K709025,HB71E - 1703362,1/8/2027,1/8/2029,DINAS KESEHATAN PKM WARU,BAIK,AKTIF,TERCATAT DI BKAD
KTVP 4216,KTV  2908,DINAS PERTANIAN,DINAS KEHUTANAN DAN PERKEBUNAN KAB. PPU,R,HONDA,NF125 TR,2010,MH1JB9127AK080674,JB91E-2074457,12/21/2025,12/21/2025,DINAS PERTANIAN,BAIK,AKTIF,TERCATAT DI BKAD
KTVP 3780,KTV- 3274,DINAS LINGKUNGAN HIDUP,DINAS PEKERJAAN UMUM,R,YAMAHA,3C1 (V-IXION/FZ150),2012,MH33C1205CK062071,3C1-1061867,3/27/2027,3/27/2028,DINAS LINGKUNGAN HIDUP,BAIK,AKTIF,TERCATAT DI BKAD
KTVP 3784,KTV- 2529,"DINAS PENDIDIKAN, PEMUDA DAN OLAHRAGA",DINAS PENDIDIKAN KAB.PPU,R,HONDA,NF100 SE,2007,MH1HB71117K151144,HB71E - 1148524,1/22/2027,1/22/2028,DISDIKPORA,RUSAK BERAT,TIDAK AKTIF,TERCATAT DI BKAD
KTVP 3796,KTV- 2640,PENGELOLA (BKAD),DINAS KESEHATAN,R,HONDA,NF100 SE,2008,MH1HB71188K682214,HB71E - 1675959,4/23/2025,4/23/2029,PENGELOLA,RUSAK BERAT,TIDAK AKTIF,LELANG
KTVP 3804,KTV- 2660,DINAS KESEHATAN,DINAS KESEHATAN,R,HONDA,NF100 SE,2008,MH1HB71178K652251,HB71E - 1642760,5/12/2027,5/12/2029,DINAS KESEHATAN PKM SEMOI II,BAIK,AKTIF,TERCATAT DI BKAD
KTVP 3809,KTV- 2674,DINAS KESEHATAN,DINAS KESEHATAN,R,HONDA,NF100 SE,2008,MH1HB71188K560078,HB71E-1554674,5/12/2027,5/12/2029,DINAS KESEHATAN PKM GUNUNG INTAN,RUSAK BERAT,TIDAK AKTIF,TERCATAT DI BKAD
KTVP 3810,KTV- 2665,DINAS KESEHATAN,DINAS KESEHATAN,R,HONDA,NF100 SE,2008,MH1HB71148K672604,HB71E-1666560,5/12/2027,5/12/2029,DINAS KESEHATAN PKM GUNUNG INTAN,BAIK,AKTIF,TERCATAT DI BKAD
KTVP 3811,KTV- 3156,DINAS KESEHATAN,DINAS KESEHATAN,R,YAMAHA,5D9 (VEGA ZR),2012,MH35D9205CJ725750,5D9-1725736,11/23/2026,11/23/2027,DINAS KESEHATAN PKM SEMOI II,BAIK,AKTIF,TERCATAT DI BKAD
KTVP 3812,KTV- 2550,DINAS KESEHATAN,DINAS KESEHATAN KAB.PPU,R,HONDA,NF100 SE,2007,MH1HB711X7K198575,HB71E - 1194092,2/1/2027,2/1/2028,DINAS KESEHATAN PKM SEPAKU I ,RUSAK BERAT,TIDAK AKTIF,TERCATAT DI BKAD
KTVP 3813,KTV- 2574,PENGELOLA (BKAD),DINAS KESEHATAN KAB.PPU,R,HONDA,NF100 SE,2007,MH1HB71157K198676,HB71E - 1196201,2/1/2025,2/1/2028,PENGELOLA,RUSAK BERAT,TIDAK AKTIF,LELANG
KTVP 3814,KTV- 2668,DINAS KESEHATAN,DINAS KESEHATAN,R,HONDA,NF100 SE,2008,MH1HB71158K665435,HB71E - 1662364,5/12/2027,5/12/2029,DINAS KESEHATAN PKM SEPAKU I ,BAIK,AKTIF,TERCATAT DI BKAD
KTVP 3819,KTV- 2679,PENGELOLA (BKAD),KANTOR KECAMATAN PENAJAM,R,HONDA,NF 11B1D M/T,2009,MH1JBC1139K084706,JBC1E - 1087375,6/10/2024,6/10/2024,PENGELOLA,RUSAK BERAT,TIDAK AKTIF,LELANG
KTVP 3822,KTV- 2530,"DINAS PENDIDIKAN, PEMUDA DAN OLAHRAGA",DINAS PENDIDIKAN KAB.PPU,R,HONDA,NF100 SE,2007,MH1HB71187K151352,HB71E - 1148950,1/22/2027,1/22/2028,DISDIKPORA,RUSAK BERAT,TIDAK AKTIF,TERCATAT DI BKAD
KTVP 3823,KTV- 3152,DINAS KESEHATAN,DINAS KESEHATAN,R,YAMAHA,5D9 (VEGA ZR),2012,MH35D9205CJ715037,5D9-1715028,11/23/2026,11/23/2027,DINAS KESEHATAN PKM SEMOI II,BAIK,AKTIF,TERCATAT DI BKAD
KTVP 3824,KTV- 2523,"DINAS PENDIDIKAN, PEMUDA DAN OLAHRAGA",DINAS PENDIDIKAN KAB.PPU,R,HONDA,NF100 SE,2007,MH1HB71107K150826,HB71E - 1148569,1/22/2027,1/22/2028,DISDIKPORA,RUSAK BERAT,TIDAK AKTIF,TERCATAT DI BKAD
KTVP 3825,KTV- 2525,"DINAS PENDIDIKAN, PEMUDA DAN OLAHRAGA",DINAS PENDIDIKAN KAB.PPU,R,HONDA,NF100 SE,2007,MH1HB71137K151355,HB71E - 1148806,1/22/2027,1/22/2028,DISDIKPORA,RUSAK BERAT,TIDAK AKTIF,TERCATAT DI BKAD
KTVP 3826,KTV- 2514,"DINAS PENDIDIKAN, PEMUDA DAN OLAHRAGA",DINAS PENDIDIKAN KAB.PPU,R,HONDA,NF100 SE,2007,MH1HB71107K180862,HB71E - 1178516,1/22/2027,1/22/2028,DISDIKPORA,RUSAK BERAT,TIDAK AKTIF,TERCATAT DI BKAD
KTVP 3829,KTV- 2663,DINAS KESEHATAN,DINAS KESEHATAN,R,HONDA,NF100 SE,2008,MH1HB71148K697373,HB71E - 1684827,5/12/2027,5/12/2029,DINAS KESEHATAN PKM PENAJAM,BAIK,AKTIF,TERCATAT DI BKAD
KTV  3250,KTVP 3450,"DINAS PERUMAHAN, KAWASAN PERMUKIMAN DAN PERTANAHAN",DINAS KEBERSIHAN PERTAMANAN DAN PEMAKAMA,R,YAMAHA,2SX,2015,MH3SE9010FJ063587,E3R4E-0063593X,12/18/2025,12/18/2025,DINAS PERUMAHAN KAWASAN PERMUKIMAN DAN PERTAMANAN,BAIK,AKTIF,TERCATAT DI BKAD
KTVP 3831,KTV- 4385,"DINAS PENDIDIKAN, PEMUDA DAN OLAHRAGA",PEMKAB PPU,R,HONDA,NF100 SL,2006,MH1HB31136K622444,HB31E1621835,1/24/2027,1/24/2027,DISDIKPORA,RUSAK BERAT,TIDAK AKTIF,TERCATAT DI BKAD
KTVP 3840,KTV- 3075,"DINAS PENDIDIKAN, PEMUDA DAN OLAHRAGA",DISDIKPORA,R,YAMAHA,55S (T135SEC),2012,MH355S002CK079840,55S-079786,6/5/2027,6/5/2027,DISDIKPORA,BAIK,AKTIF,TERCATAT DI BKAD
KTV  2257,KTVP 4246,DINAS SOSIAL,DISDUKCAPILNAKER,R,HONDA,GL160 D,2009,MH1KC11189K217093,KC11E-1219032,10/27/2025,10/27/2029,DINAS SOSIAL,BAIK,AKTIF,TERCATAT DI BKAD
KTVP 3863,KTV- 2701,DINAS KESEHATAN,DINAS KESEHATAN KAB.PPU,R,HONDA,NF 11B1D MT,2009,MH1JBC1159K184208,JBC1E-1187209,8/26/2026,8/26/2029,DINAS KESEHATAN,BAIK,AKTIF,TERCATAT DI BKAD
KTVP 3865,KTV- 3180,DINAS KESEHATAN,DINAS KESEHATAN,R,YAMAHA,5D9 (VEGA ZR),2012,MH35D9205CJ715799,5D9-1715784,11/23/2026,11/23/2027,DINAS KESEHATAN PKM SEPAKU III,BAIK,AKTIF,TERCATAT DI BKAD
KTVP 3867,KTV- 2611,DINAS KESEHATAN,DINAS KESEHATAN,R,HONDA,NF100 SE,2008,MH1HB71158K713211,HB71E - 1706750,1/8/2027,1/8/2029,DINAS KESEHATAN PKM PENAJAM,BAIK,AKTIF,TERCATAT DI BKAD
KTVP 3873,KTV- 3187,DINAS KESEHATAN,DINAS KESEHATAN,R,YAMAHA,5D9 (VEGA ZR),2012,MH35D9205CJ716308,5D9-1716293,11/23/2026,11/23/2027,DINAS KESEHATAN PKM SEPAKU III,BAIK,AKTIF,TERCATAT DI BKAD
KTVP 4679, ,DINAS SOSIAL,DINAS SOSIAL KABUPATEN PENAJAM PASER UTA,R,YAMAHA,UE11 CAST WHEEL,2023,MH3UE1120PJ395985,E3R5E0408490,1/12/2025,1/12/2029,DINAS SOSIAL,BAIK,AKTIF,TERCATAT DI BKAD
KTVP 3878,KTV- 2711,PENGELOLA (BKAD),DINAS KESEHATAN KAB.PPU,R,HONDA,NF 11B1D M/T,2009,MH1JBC11X9K226257,JBC1E-1220508,8/26/2026,8/26/2029,PENGELOLA,BAIK,AKTIF,TERCATAT DI BKAD
KTVP 3879,KTV- 2709,DINAS KESEHATAN,DINAS KESEHATAN KAB.PPU,R,HONDA,NF 11B1D MT,2009,MH1JBC1139K180755,JBC1E-1184251,8/26/2026,8/26/2029,DINAS KESEHATAN PKM SEBAKUNG JAYA,BAIK,AKTIF,TERCATAT DI BKAD
KTVP 3880,KTV- 2587,PENGELOLA (BKAD),KELURAHAN WARU,R,SUZUKI,FL 125 RCD,2008,MH8BF45DA8J157910,F496 - ID - 196100,3/19/2024,3/19/2028,PENGELOLA,RUSAK BERAT,TIDAK AKTIF,LELANG
KTVP 3881,KTV- 2517,"DINAS PENDIDIKAN, PEMUDA DAN OLAHRAGA",DINAS PENDIDIKAN KAB.PPU,R,HONDA,NF100 SE,2007,MH1HB711X7K151367,HB71E - 1148814,1/22/2027,1/22/2028,DISDIKPORA,BAIK,AKTIF,TERCATAT DI BKAD
KTVP 3882,KTV- 2516,"DINAS PENDIDIKAN, PEMUDA DAN OLAHRAGA",DINAS PENDIDIKAN KAB.PPU,R,HONDA,NF100 SE,2007,MH1HB71107K170218,HB71E - 1168243,1/22/2026,1/22/2028,DISDIKPORA,BAIK,AKTIF,TERCATAT DI BKAD
KTVP 3890,KTV- 3063,"DINAS PENDIDIKAN, PEMUDA DAN OLAHRAGA",DISDIKPORA,R,YAMAHA,55S (T135SEC),2012,MH355S002CK076951,55S-076949,6/5/2026,6/5/2027,DISDIKPORA,BAIK,AKTIF,TERCATAT DI BKAD
KTVP 3891,KTV- 3062,"DINAS PENDIDIKAN, PEMUDA DAN OLAHRAGA",DISDIKPORA,R,YAMAHA,55S (T135SEC),2012,MH355S002CK084300,55S-084110,6/5/2026,6/5/2027,DISDIKPORA,RUSAK BERAT,TIDAK AKTIF,TERCATAT DI BKAD
KTVP 3892,KTV- 4066,PENGELOLA (BKAD),PEMKAB PENAJAM PASER UTARA,R,HONDA,WIN (MCB),2004,MH1HABD184K036991,HABDE-1037825,8/30/2025,8/30/2029,PENGELOLA,RUSAK BERAT,TIDAK AKTIF,LELANG
KTVP 3897,KTV- 3157,DINAS KESEHATAN,DINAS KESEHATAN,R,YAMAHA,5D9 (VEGA ZR),2012,MH35D9205CJ715031,5D9-1715012,11/23/2026,11/23/2027,DINAS KESEHATAN PKM SEMOI II,BAIK,AKTIF,TERCATAT DI BKAD
KTVP 3898,KTV- 2559,PENGELOLA (BKAD),DINAS KESEHATAN KAB.PPU,R,HONDA,NF100 SE,2007,MH1HB71127K180961,HB71E - 1178824,2/1/2026,2/1/2028,PENGELOLA,BAIK,AKTIF,TERCATAT DI BKAD
KTVP 3899,KTV- 2661,DINAS KESEHATAN,DINAS KESEHATAN,R,HONDA,NF100 SE,2008,MH1HB71108K675533,HB71E - 1661100,5/12/2027,5/12/2029,DINAS KESEHATAN PKM SEMOI II,BAIK,AKTIF,TERCATAT DI BKAD
KTVP 3901,KTV- 3167,DINAS KESEHATAN,DINAS KESEHATAN,R,YAMAHA,5D9 (VEGA ZR),2012,MH35D9205CJ714971,5D9-1714951,11/23/2026,11/23/2027,DINAS KESEHATAN PKM SEMOI II,BAIK,AKTIF,TERCATAT DI BKAD
KTVP 3902,KTV- 2654,DINAS KESEHATAN,DINAS KESEHATAN,R,HONDA,NF100 SE,2008,MH1HB71118K661821,HB71E - 1656421,5/12/2027,5/12/2029,DINAS KESEHATAN PKM SEMOI II,BAIK,AKTIF,TERCATAT DI BKAD
KTVP 3904,KTV- 3151,DINAS KESEHATAN,DINAS KESEHATAN,R,YAMAHA,5D9 (VEGA ZR),2012,MH35D9205CJ714959,5D9-1714949,11/23/2026,11/23/2027,DINAS KESEHATAN PKM SEMOI II,BAIK,AKTIF,TERCATAT DI BKAD
KTVP 3905,KTV- 2670,DINAS KESEHATAN,DINAS KESEHATAN,R,HONDA,NF100 SE,2008,MH1HB71138K656135,HB71E - 1659501,5/12/2027,5/12/2029,DINAS KESEHATAN PKM SEPAKU III,BAIK,AKTIF,TERCATAT DI BKAD
KTVP 3906,KTV- 2577,DINAS KESEHATAN,DINAS KESEHATAN KAB.PPU,R,HONDA,NF100 SE,2007,MH1HB7116K198671,HB71E - 1196214,2/1/2027,2/1/2028,DINAS KESEHATAN PKM SEPAKU III,BAIK,AKTIF,TERCATAT DI BKAD
KTVP 3907,KTV- 2573,PENGELOLA (BKAD),DINAS KESEHATAN KAB.PPU,R,HONDA,NF100 SE,2007,MH1HB71117K181065,HB71E - 1178734,2/1/2025,2/1/2028,PENGELOLA,RUSAK BERAT,TIDAK AKTIF,LELANG
KTVP 3912,KTV- 2745,PENGELOLA (BKAD),RUMAH SAKIT UMUM DAERAH,R,HONDA,NF125 TD,2009,MH1JB81169K470386,JB81E-1465875,10/29/2025,10/29/2029,PENGELOLA,RUSAK BERAT,TIDAK AKTIF,LELANG
KTVP 3913,KTV- 2567,DINAS KESEHATAN,DINAS KESEHATAN KAB.PPU,R,HONDA,NF100 SE,2007,MH1HB71157K198578,HB71E - 1194270,2/1/2027,2/1/2028,DINAS KESEHATAN PKM SEPAKU III,RUSAK BERAT,TIDAK AKTIF,TERCATAT DI BKAD
KTVP 3918,KTV- 2747,PENGELOLA (BKAD),RUMAH SAKIT UMUM DAERAH,R,HONDA,NF125 TD,2009,MH1JB81119K452460,JB81E-1447905,10/29/2025,10/29/2029,PENGELOLA,RUSAK BERAT,TIDAK AKTIF,LELANG
KTVP 3919,KTV- 3010,PENGELOLA (BKAD),KANTOR KETAHANAN PANGAN & PENYULUHAN,R,HONDA,GL 15 A1 RR MT,2011,MH1KC3114BK143432,KC31E-1142628,11/10/2024,11/10/2026,PENGELOLA,RUSAK BERAT,TIDAK AKTIF,LELANG
KTVP 3921,KTV- 2749,PENGELOLA (BKAD),RUMAH SAKIT UMUM DAERAH,R,HONDA,NF125 TD,2009,MH1JB81139K470376,JB81E-1465880,10/29/2025,10/29/2029,PENGELOLA,RUSAK BERAT,TIDAK AKTIF,LELANG
KTVP 3923,KTV- 2988,KELURAHAN PEMALUAN,KELURAHAN PEMALUAN,R,YAMAHA,50C (T135HC) 135cc,2011,MH350C001BK146223,50C-146242,8/10/2026,8/10/2026,KELURAHAN PEMALUAN,RUSAK BERAT,TIDAK AKTIF,TERCATAT DI BKAD
KTVP 3925,KTV- 3019,PENGELOLA (BKAD),KANTOR KELURAHAN MENTAWIR,R,HONDA,GL 15 A1 RR MT,2011,MH1KC311XBK148456,KC31E-1148346,12/27/2024,12/27/2026,PENGELOLA,RUSAK BERAT,TIDAK AKTIF,LELANG
KTVP 3927,KTV- 2604,PENGELOLA (BKAD),DINAS PERTANIAN PENAJAM PASER UTARA,R,SUZUKI,EN 125 A,2008,MH8EN125A8J584740,F405 -ID- 584432,11/28/2025,11/28/2028,PENGELOLA,RUSAK BERAT,TIDAK AKTIF,LELANG
KTVP 3928,KTV- 4318,PENGELOLA (BKAD),DINAS PERTANIAN,R,HONDA,GL160 D,2006,MH1KC111X6K039649,KC11E - 1040065,1/15/2025,1/15/2027,PENGELOLA,RUSAK BERAT,TIDAK AKTIF,LELANG
KTVP 3929,KTV- 4320,PENGELOLA (BKAD),DINAS PERTANIAN,R,HONDA,GL160 D,2006,MH1KC1110GK037554,KC11E - 1038128,1/15/2025,1/15/2027,PENGELOLA,RUSAK BERAT,TIDAK AKTIF,LELANG
KTVP 3930,KTV- 2764,KECAMATAN PENAJAM,KANTOR CAMAT PENAJAM,R,SUZUKI,UY 125 S AT,2009,MH8CF48CA9J377206,F484-ID-37413,11/20/2026,11/20/2029,KECAMATAN PENAJAM,RUSAK BERAT,TIDAK AKTIF,TERCATAT DI BKAD
KTVP 3931,KTV- 2504,PENGELOLA (BKAD),DINAS PERTANIAN,R,HONDA,GL160 D,2007,MH1KC111X7K074824,KC11E - 1074574,11/6/2025,11/6/2027,PENGELOLA,RUSAK BERAT,TIDAK AKTIF,LELANG
KTVP 3932,KTV- 2605,PENGELOLA (BKAD),DINAS PERTANIAN PENAJAM PASER UTARA,R,SUZUKI,EN 125 A,2008,MH8EN125A8J584248,F405 -ID- 584082,11/28/2025,11/28/2028,PENGELOLA,RUSAK BERAT,TIDAK AKTIF,LELANG
KTVP 3933,KTV- 4328,PENGELOLA (BKAD),DINAS PERTANIAN,R,HONDA,GL160 D,2006,MH1KC11156K037002,KC11E - 1036929,1/15/2025,1/15/2027,PENGELOLA,RUSAK BERAT,TIDAK AKTIF,LELANG
KTVP 3934,KTV- 4340,PENGELOLA (BKAD),DINAS PERTANIAN,R,HONDA,GL160 D,2006,MH1KC11196K036676,KC11E - 1037040,1/15/2025,1/15/2022,PENGELOLA,RUSAK BERAT,TIDAK AKTIF,LELANG
KTVP 3938,KTVP 3320,KELURAHAN BULUMINUNG,KANTOR KELURAHAN BULUMINUNG,R,YAMAHA,2 SV,2014,MH32SV001EK108837,2SV-109107,12/29/2026,12/29/2029,KELURAHAN BULUMINUNG,BAIK,AKTIF,TERCATAT DI BKAD
KTVP 4680, ,DINAS SOSIAL,DINAS SOSIAL KABUPATEN PENAJAM PASER UTA,R,YAMAHA,UE11 CAST WHEEL,2023,MH3UE1120PJ396879,E3R5E0409398,1/12/2025,1/12/2029,DINAS SOSIAL,BAIK,AKTIF,TERCATAT DI BKAD
KTVP 3941,KTV- 4391,DINAS PERHUBUNGAN,PEMKAB PPU,R,HONDA,GL160 D,2006,MH1KC11126K014079,KC11E - 1013576,2/19/2026,2/19/2027,DINAS PERHUBUNGAN,RUSAK BERAT,TIDAK AKTIF,TERCATAT DI BKAD
KTVP 3944,KTV- 3025,DINAS PERHUBUNGAN,DISHUBBUDPAR KAB.PPU,R,SUZUKI,FL 125 RCD,2011,MH8BF45SABJ122423,F496-ID-411141,1/3/2026,1/3/2027,DINAS PERHUBUNGAN,BAIK,AKTIF,TERCATAT DI BKAD
KTVP 3945,KTV- 2768,PENGELOLA (BKAD),DISHUBBUDPAR,R,SUZUKI,EN 125 A,2009,MH8EN125A9J612544,F405 - ID - 612437,12/2/2024,12/2/2024,PENGELOLA,RUSAK BERAT,TIDAK AKTIF,LELANG
KTVP 3946,KTV- 4392,PENGELOLA (BKAD),PEMKAB PPU,R,HONDA,GL160 D,2006,MH1KC11156K029191,KC11E - 1030004,2/19/2025,2/19/2027,PENGELOLA,RUSAK BERAT,TIDAK AKTIF,LELANG
KTVP 3949,KTV- 4006,DINAS PERTANIAN,DINAS PETANIAN PEMKAB PPU,R,HONDA,GLP III SPORT,2003,MH1KEHL1X3K036102,KEHLE-1035582,12/29/2026,12/29/2028,DINAS PERTANIAN,BAIK,AKTIF,TIDAK ADA KETERANGAN
KTVP 3952,KTV- 2846,DINAS PERTANIAN,D P 3 K KAB.PENAJAM PASER UTARA,R,KAISAR,TRISEDA (RODA 3),2010,MGDT15MKTAJ000673,162FMJ 91411480,7/5/2025,7/5/2025,DINAS PERTANIAN,RUSAK BERAT,TIDAK AKTIF,TERCATAT DI BKAD
KTVP 3953,KTV- 4338,DINAS PERTANIAN,DINAS PERTANIAN,R,HONDA,NF100 SL,2006,MH1HB31186K454963,HB31E - 1455423,1/15/2025,1/15/2027,DINAS PERTANIAN,TIDAK DIKETAHUI KEBERADAANYA,TIDAK AKTIF,TIDAK DIKETAHUI KEBERADAANYA
KTVP 3955,KTV- 4316,PENGELOLA (BKAD),DINAS PERTANIAN,R,HONDA,GL160 D,2006,MH1KC11196K039626,KC11E - 1040087,1/15/2025,1/15/2027,PENGELOLA,RUSAK BERAT,TIDAK AKTIF,LELANG
KTVP 3958,KTVP 3339,"DINAS KOPERASI, UKM, PERINDUSTRIAN DAN PERDAGANGAN",DINAS UKM PERINDAKOP KAB.PPU,R,HONDA,ACB2J21B02 AT,2014,MH1JFJ118EK239804,JFJ1E-1234120,1/8/2027,1/8/2030,DISKUKMPERINDAG,BAIK,AKTIF,TERCATAT DI BKAD
KTVP 3959,KTV- 4362,"DINAS PENDIDIKAN, PEMUDA DAN OLAHRAGA",PEMKAB PPU,R,HONDA,NF100 SL,2006,MH1HB31156K508574,HB31E - 1522029,1/24/2027,1/24/2027,DISDIKPORA,RUSAK BERAT,TIDAK AKTIF,TERCATAT DI BKAD
KTVP 3973,KTV- 2807,"DINAS PENDIDIKAN, PEMUDA DAN OLAHRAGA",DISDIKPORA PPU,R,HONDA,NF 11B1D MT,2009,MH1JBC1159K170423,JBC1E - 1180701,2/11/2025,2/11/2025,DISDIKPORA,RUSAK BERAT,TIDAK AKTIF,TERCATAT DI BKAD
KTVP 3974,KTVP 3343,KELURAHAN GUNUNG SETELENG,KANTOR KELURAHAN GUNUNG SETELENG,R,YAMAHA,55S (T135SEC),2014,MH355S005EK149978,55S-149976,1/15/2026,1/15/2030,KELURAHAN GUNUNG SETELENG,BAIK,AKTIF,TIDAK ADA KETERANGAN
KTVP 3976,KTV- 2793,"DINAS PENDIDIKAN, PEMUDA DAN OLAHRAGA",DISDIKPORA,R,HONDA,NF 11B1D M/T,2009,MH1JBC1119K177532,JBC1E - 1180406,2/11/2025,2/11/2025,DISDIKPORA,RUSAK BERAT,TIDAK AKTIF,TERCATAT DI BKAD
KTVP 3157,,KECAMATAN BABULU,KECAMATAN BABULU,R,YAMAHA,1 DY,2013,MH31DY005DJ207853,1DY-207874,12/11/2025,12/11/2028,KECAMATAN BABULU,BAIK,AKTIF,TERCATAT DI BKAD
KTVP 4611, ,KECAMATAN BABULU,KANTOR KECAMATAN BABULU,R,YAMAHA,BBP-A A/T,2023,MH3SG6420PJ066439,G3P4E0224283,12/12/2025,12/12/2028,KECAMATAN BABULU,BAIK,AKTIF,TERCATAT DI BKAD
KTVP 4743, ,KECAMATAN PENAJAM,KECAMATAN PENAJAM KABUPATEN PENAJAM PASE,R,YAMAHA,B6H-F A/T,2023,MH3SG5670PJ391083,G3L8E1854870,3/6/2025,3/6/2029,KECAMATAN PENAJAM,BAIK,AKTIF,TIDAK ADA KETERANGAN
KTVP 4721, ,KECAMATAN SEPAKU,KECAMATAN SEPAKU KABUPATEN PENAJAM PASER,R,KAWASAKI,LX150L,2023,MH4LX150LPJP02079,LX150KEP10733,2/23/2025,2/23/2029,KECAMATAN SEPAKU,BAIK,AKTIF,TERCATAT DI BKAD
KTVP 4722, ,KECAMATAN SEPAKU,KECAMATAN SEPAKU KABUPATEN PENAJAM PASER,R,KAWASAKI,LX150L,2023,MH4LX150LPJP02898,LX150KEP16126,2/23/2025,2/23/2029,KECAMATAN SEPAKU,BAIK,AKTIF,TERCATAT DI BKAD
KTVP 4723, ,KECAMATAN SEPAKU,KECAMATAN SEPAKU KABUPATEN PENAJAM PASER,R,KAWASAKI,LX150M,2023,MH4LX150MPJP04662,LX150KEP15101,2/23/2025,2/23/2029,KECAMATAN SEPAKU,BAIK,AKTIF,TERCATAT DI BKAD
KTVP 8086,,KECAMATAN SEPAKU,PEMKAB.PENAJAM PASER UTARA,F,TOYOTA,HILUX 2.4G DC 4X4 MT (GUN125R-DTFSHD),2020,MR0KB8CD1L1123693,2GD-0794594,6/26/2025,6/26/2025,KECAMATAN SEPAKU,BAIK,AKTIF,TERCATAT DI BKAD
KTVP 3093,,KELURAHAN JENEBORA,KELURAHAN JENEBORA,R,YAMAHA,50C (T135HC) MT,2013,MH350C004DK629308,50C-629469,11/1/2025,11/1/2028,KELURAHAN JENEBORA,BAIK,AKTIF,TERCATAT DI BKAD
KTVP 4008, ,DINAS PENANGGULANGAN KEBAKARAN DAN PENYELAMATAN,DINAS PENANGGULANGAN KEBAKARAN DAN PENYE,R,KAWASAKI,LX150F,2019,MH4LX150FKJP86550,LX150CEWG3250,1/28/2022,1/28/2025,DINAS PENANGGULANGAN KEBAKARAN DAN PENYELAMATAN,HILANG,TIDAK AKTIF,HILANG
KTVP 9034,,KELURAHAN MARIDAN,PEMERINTAHAN KELURAHAN MARIDAN,C,SUZUKI,GC415V APV SDX MT,2015,MHYGDN42VFJ402771,G15AID-358594,11/27/2025,11/27/2025,KELURAHAN MARIDAN,BAIK,AKTIF,TERCATAT DI BKAD
KTVP 3460,,KELURAHAN MENTAWIR,BEND.KELURAHAN MENTAWIR,R,YAMAHA,2SX,2015,MH3SE9010FJ053115,E3R4E-0053121,1/11/2025,1/11/2026,KELURAHAN MENTAWIR,BAIK,AKTIF,TERCATAT DI BKAD
KTVP 4018,KTV- 5102,DINAS KESEHATAN,DINAS KESEHATAN PENAJAM PASER UTARA,R,YAMAHA,YT 115cc SPORT,2006,MH33WL0046K166041,3HB - 344319,2/27/2026,2/27/2026,DINAS KESEHATAN PKM SEPAKU I ,RUSAK BERAT,TIDAK AKTIF,TERCATAT DI BKAD
KTVP 4024,KTV- 2800,"DINAS PENDIDIKAN, PEMUDA DAN OLAHRAGA",DISDIKPORA,R,HONDA,NF 11B1D MT,2009,MH1JBC1119K170435,JBC1E - 1180638,2/11/2025,2/11/2025,DISDIKPORA,RUSAK BERAT,TIDAK AKTIF,TERCATAT DI BKAD
KTVP 9001,,KELURAHAN MENTAWIR,KELURAHAN MENTAWIR,C,SUZUKI,GC415V APV SDX MT,2015,MHYGDN42VFJ400585,G15AID-348537,7/8/2025,7/8/2025,KELURAHAN MENTAWIR,BAIK,AKTIF,TERCATAT DI BKAD
KTVP 4037,KTV- 2804,PENGELOLA (BKAD),DINAS PENDIDIKAN PEMUDA DAN OLAH RAGA KA,R,HONDA,NF 11B1D M/T,2009,MH1JBC1129K183047,JBC1E - 1184400,2/11/2025,2/11/2025,PENGELOLA,RUSAK BERAT,TIDAK AKTIF,LELANG
KTVP 4042,KTV- 2824,BADAN KESATUAN BANGSA DAN POLITIK,KANTOR KESBANGLINMAS,R,HONDA,GL160 D CW,2009,MH1KC111X9K209593,KC11E - 1211699,3/22/2025,3/22/2025,BADAN KESATUAN BANGSA DAN POLITIK,RUSAK BERAT,TIDAK AKTIF,TERCATAT DI BKAD
KTVP 4048,KTV- 3188,DINAS KESEHATAN,DINAS KESEHATAN,R,YAMAHA,5D9 (VEGA ZR),2012,MH35D9205CJ716312,5D9-1716263,11/23/2026,11/23/2027,DINAS KESEHATAN PKM SEPAKU I ,BAIK,AKTIF,TERCATAT DI BKAD
KTVP 3679,KTV- 2593,KELURAHAN NENANG,KANTOR LURAH NENANG,R,YAMAHA,2S6 JUPITER-MX 135 cc,2008,MH32S60028K392718,2S6 - 288603,6/11/2025,6/11/2028,KELURAHAN NENANG,BAIK,AKTIF,TERCATAT DI BKAD
KTVP 4061,KTV- 2835,KECAMATAN SEPAKU,KANTOR KECAMATAN SEPAKU,R,HONDA,NF 11B1D MT,2010,MH1JBC111AK787256,JBC1E -1785504,5/12/2025,5/12/2025,KECAMATAN SEPAKU,RUSAK BERAT,TIDAK AKTIF,TERCATAT DI BKAD
KTVP 4072,KTV- 2808,"DINAS PENDIDIKAN, PEMUDA DAN OLAHRAGA",DISDIKPORA PPU,R,HONDA,NF 11B1D MT,2009,MH1JBC1119K170872,JBC1E - 1179182,2/11/2025,2/11/2025,DISDIKPORA,RUSAK BERAT,TIDAK AKTIF,TERCATAT DI BKAD
KTVP 4276,KTV  3008,KELURAHAN NIPAH-NIPAH,KELURAHAN NIPAH-NIPAH,R,HONDA,NC11A3CB AT,2011,MH1JF7110BK155040,JF71E-1154348,11/10/2024,11/10/2026,KELURAHAN NIPAH-NIPAH,BAIK,AKTIF,TERCATAT DI BKAD
KTVP 9037,,KELURAHAN PEJALA,KANTOR KELURAHAN PEJALA,C,SUZUKI,GC415V APV SDX MT,2015,MHYGDN42VFJ403178,G15AID-360648,12/29/2024,12/29/2025,KELURAHAN PEJALA,BAIK,AKTIF,TERCATAT DI BKAD
KTVP 4080,KTV- 2852,BADAN PENDAPATAN DAERAH,KANTOR DINAS PENDAPATAN DAERAH PPU,R,SUZUKI,UY 125 S AT,2010,MH8CF48CAAJ392116,F484-ID-391957,7/23/2025,7/23/2025,BADAN PENDAPATAN DAERAH,RUSAK BERAT,TIDAK AKTIF,TERCATAT DI BKAD
KTVP 4088,KTV- 2658,DINAS KESEHATAN,DINAS KESEHATAN,R,HONDA,NF100 SE,2008,MH1HB71178K610419,HB71E - 1604425,5/12/2027,5/12/2029,DINAS KESEHATAN PKM SEBAKUNG JAYA,RUSAK BERAT,TIDAK AKTIF,TERCATAT DI BKAD
KTVP 4090,KTV- 2879,"DINAS PENDIDIKAN, PEMUDA DAN OLAHRAGA",DISDIKPORA,R,HONDA,NF 11B1D M/T,2010,MH1JBC116AK686536,JBC1E-1683266,9/27/2025,9/27/2025,DISDIKPORA,RUSAK BERAT,TIDAK AKTIF,TERCATAT DI BKAD
KTVP 4095,KTV- 2875,"DINAS PENDIDIKAN, PEMUDA DAN OLAHRAGA",DISDIKPORA,R,HONDA,NF 11B1D M/T,2010,MH1JBC11XAK787076,JBC1E-1785455,9/27/2025,9/27/2025,DISDIKPORA,RUSAK BERAT,TIDAK AKTIF,TERCATAT DI BKAD
KTVP 9032,,KELURAHAN PEMALUAN,KANTOR KELURAHAN PEMALUAN,C,SUZUKI,GC415V APV SDX MT,2015,MHYGDN42VFJ402694,G15AID-360163,11/27/2025,11/27/2025,KELURAHAN PEMALUAN,BAIK,AKTIF,TERCATAT DI BKAD
KTVP 3514,KTV- 3204,KELURAHAN RIKO,KELURAHAN RIKO,R,YAMAHA,44D (XEON),2012,MH344D003CK353764,44D-353758,10/19/2025,10/19/2027,KELURAHAN RIKO,BAIK,AKTIF,TERCATAT DI BKAD
KTVP 4108,KTV- 2887,PENGELOLA (BKAD),DP3K,R,HONDA,NC11B3C AT,2010,MH1JF511XAK179395,JF51E-1177988,11/10/2025,11/10/2025,PENGELOLA,RUSAK BERAT,TIDAK AKTIF,LELANG
KTVP 4118,KTV- 2767,PENGELOLA (BKAD),KANTOR CAMAT BABULU,R,SUZUKI,FK110 SD K6 N SMASH SPOKEWHEEL,2008,MH8BE4DFA8J546310,E451-ID-553520,11/30/2024,11/30/2024,PENGELOLA,RUSAK BERAT,TIDAK AKTIF,LELANG
KTVP 4119,KTV- 2766,PENGELOLA (BKAD),KANTOR CAMAT BABULU,R,SUZUKI,FK110 SD K6 N SMASH SPOKEWHEEL,2008,MH8BE4DFA8J564403,E451-ID-574116,11/30/2024,11/30/2024,PENGELOLA,RUSAK BERAT,TIDAK AKTIF,LELANG
KTVP 4124,KTV- 2857,PENGELOLA (BKAD),DINAS PEKERJAAN UMUM,R,YAMAHA,14D (AL115C/MIO SOUL),2010,MH314D003AK830987,14D-830178,8/4/2024,8/4/2025,PENGELOLA,RUSAK BERAT,TIDAK AKTIF,LELANG
KTVP 4130,KTV  2956,PENGELOLA (BKAD),DPK KAB. PPU,R,HONDA,GL15A1D MT,2011,MH1KC2118BK016080,KC21E-1016150,1/20/2025,1/20/2026,PENGELOLA,RUSAK BERAT,TIDAK AKTIF,LELANG
KTVP 4132,KTV  4315,DINAS KESEHATAN,DINAS KESEHATAN,R,HONDA,NF100 SL,2006,MH1HB31156K613261,HB31E1610821,1/15/2027,1/15/2027,DINAS KESEHATAN PKM MARIDAN,BAIK,AKTIF,TERCATAT DI BKAD
KTVP 4133,KTV  3179,DINAS KESEHATAN,DINAS KESEHATAN,R,YAMAHA,5D9 (VEGA ZR),2012,MH35D9205CJ715954,5D9-1715929,11/23/2026,11/23/2027,DINAS KESEHATAN PKM SEPAKU III,HILANG,TIDAK AKTIF,HILANG
KTV  2601,KTVP 4389,KELURAHAN SALOLOANG,KANTOR KELURAHAN SALOLOANG,R,HONDA,NC11B3C AT,2011,MH1JF5122BK482732,JF51E-2449465,12/27/2024,12/27/2026,KELURAHAN SALOLOANG,BAIK,AKTIF,TERCATAT DI BKAD
KTVP 4137,KTV  2894,PENGELOLA (BKAD),DINAS PEKERJAAN UMUM,R,HONDA,GL160 D,2009,MH1KC12189K203502,KC12E-1202694,12/2/2025,12/2/2025,PENGELOLA,RUSAK BERAT,TIDAK AKTIF,LELANG
KTVP 4147,KTV  2748,RSUD RATU AJI PUTRI BOTUNG,RUMAH SAKIT UMUM DAERAH,R,HONDA,NF125 TD,2009,MH1JB81139K467025,JB81E-1462554,10/29/2026,10/29/2029,RSUD,BAIK,AKTIF,TERCATAT DI BKAD
KTVP 4149,KTV  2576,DINAS KESEHATAN,DINAS KESEHATAN KAB. PPU,R,HONDA,NF100 SE,2007,MH1HB711X7K198544,HB71E-1195871,2/1/2027,2/1/2028,DINAS KESEHATAN PKM SEPAKU III,RUSAK BERAT,TIDAK AKTIF,TERCATAT DI BKAD
KTVP 4151,KTV  2620,BADAN KEUANGAN DAN ASET DAERAH,KANTOR PM DAN KESOS,R,HONDA,NF100 SE,2008,MH1HB71118K720477,HB71E-1715705,1/22/2027,1/22/2029,BADAN KEUANGAN DAN ASET DAERAH,BAIK,AKTIF,TERCATAT DI BKAD
KTVP 3316,,KELURAHAN SALOLOANG,KANTOR KELURAHAN SALOLOANG,R,YAMAHA,5D9 (VEGA RR),2014,MH35D9307EJ0239588,5D9-2039496,12/19/2025,12/19/2029,KELURAHAN SALOLOANG,BAIK,AKTIF,TERCATAT DI BKAD
KTVP 4155,KTV  2882,PENGELOLA (BKAD),DP3K KAB. PENAJAM PASER UTARA,R,HONDA,GL160 D,2009,MH1KC111X9K233750,KC11E-1235675,10/4/2024,10/4/2025,PENGELOLA,RUSAK BERAT,TIDAK AKTIF,LELANG
KTVP 3860,KTV- 3272,KELURAHAN SALOLOANG,KELURAHAN SALOLOANG,R,YAMAHA,5D9 (VEGA ZR),2013,MH35D9205DJ795870,5D9-1795860,3/13/2025,3/13/2028,KELURAHAN SALOLOANG,BAIK,AKTIF,TERCATAT DI BKAD
KTVP 4168,KTV- 2979,PENGELOLA (BKAD),KELURAHAN JENEBORA,R,YAMAHA,14D (AL115C/MIO SOUL),2011,MH314D204BK175753,14D-1175601,7/1/2025,7/1/2026,PENGELOLA,RUSAK BERAT,TIDAK AKTIF,LELANG
KTVP 1547, ,KELURAHAN SEPAKU,PEMERINTAH KABUPATEN PENAJAM PASER UTARA,C,TOYOTA,W101RE-LMMFJ 1.5 G M/T,2023,MHKAB1BY3PK066960,2NR4B30411,2/23/2025,2/23/2029,KELURAHAN SEPAKU,BAIK,AKTIF,TERCATAT DI BKAD
KTVP 4176,KTV  2797,"DINAS PENDIDIKAN, PEMUDA DAN OLAHRAGA",DISDIKPORA PPU,R,HONDA,NF 11B1D MT,2009,MH1JBC1169K219886,JBC1E-1225064,2/11/2025,2/11/2025,DISDIKPORA,RUSAK BERAT,TIDAK AKTIF,TERCATAT DI BKAD
KTVP 4178,KTV  2877,"DINAS PENDIDIKAN, PEMUDA DAN OLAHRAGA",DISDIKPORA,R,HONDA,NF 11B1D MT,2010,MH1JBC116AK787222,JBC1E-1785056,9/27/2025,9/27/2025,DISDIKPORA,RUSAK BERAT,TIDAK AKTIF,TERCATAT DI BKAD
KTVP 4179,KTV  2903,SEKRETARIAT DAERAH,SEKRETARIAT DAERAH PENAJAM PASER UTARA,R,SUZUKI,FL 125 RCD,2010,MH8BF45DAAJ311337,F496-ID-385690,12/29/2025,12/29/2025,SEKRETARIAT DAERAH,Pinjam Pakai,TIDAK AKTIF,PINJAM PAKAI
KTVP 4180,KTV  2904,SEKRETARIAT DAERAH,SEKRETARIAT DAERAH PENAJAM PASER UTARA,R,SUZUKI,FL 125 RCD,2010,MH8BF45DAAJ308285,F496-ID-382787,12/29/2025,12/29/2025,SEKRETARIAT DAERAH,Pinjam Pakai,TIDAK AKTIF,PINJAM PAKAI
KTVP 3045,,KELURAHAN SEPAKU,KELURAHAN SEPAKU,R,YAMAHA,5D9 (VEGA ZR),2013,MH35D9206DJ861466,5D9-1861467,9/12/2025,9/12/2028,KELURAHAN SEPAKU,BAIK,AKTIF,TERCATAT DI BKAD
KTVP 4186,KTV  2932,"DINAS PENDIDIKAN, PEMUDA DAN OLAHRAGA",DINAS PENDIDIKAN PEMUDA DAN OLAHRAGA,R,HONDA,NF 11B1D MT,2010,MH1JBC123AK035308,JBC1E-2039110,1/19/2026,1/19/2026,DISDIKPORA,RUSAK BERAT,TIDAK AKTIF,TERCATAT DI BKAD
KTVP 4189,KTV  2918,"DINAS PENDIDIKAN, PEMUDA DAN OLAHRAGA",DINAS PENDIDIKAN PEMUDA DAN OLAHRAGA,R,HONDA,NF 11B1D MT,2010,MH1JBC125AK041319,JBC1E-2041132,1/19/2026,1/19/2026,DISDIKPORA,BAIK,AKTIF,TERCATAT DI BKAD
KTVP 4191,KTV  2954,DINAS PERTANIAN,DP3K KAB.PPU,R,HONDA,GL15A1D MT,2011,MH1KC2110BK016087,KC21E-1016092,1/20/2026,1/20/2026,DINAS PERTANIAN,RUSAK BERAT,TIDAK AKTIF,TERCATAT DI BKAD
KTVP 4193,KTV- 2957,PENGELOLA (BKAD),DP3K KAB.PPU,R,HONDA,GL15A1D M/T,2011,MH1KC2118BK016077,KC21E-1016164,1/20/2025,1/20/2026,PENGELOLA,RUSAK BERAT,TIDAK AKTIF,LELANG
KTVP 4198,KTV- 4032,SEKRETARIAT DAERAH,PEMKAB PENAJAM PASER UTARA,R,HONDA,WIN MCB 97 SPORT,2003,MH1HABD173K023275,HABDE - 1023060,12/29/2026,12/29/2028,PEMKAB PPU,BAIK,AKTIF,TIDAK ADA KETERANGAN
KTVP 4199,KTV  4304,DINAS PEKERJAAN UMUM DAN PENATAAN RUANG,KANTOR PERIKANAN DAN KELAUTAN,R,HONDA,GL160 D,2006,MHIKC11146K027870,KC11E-1027818,1/15/2027,1/15/2027,DINAS PU DAN PENATAAN RUANG,RUSAK BERAT,TIDAK AKTIF,TERCATAT DI BKAD
KTVP 3162,,KELURAHAN SEPAKU,KELURAHAN SEPAKU,R,YAMAHA,5D9 (VEGA ZR),2013,MH35D9206DJ905733,5D9-1905717,12/16/2025,12/16/2028,KELURAHAN SEPAKU,BAIK,AKTIF,TERCATAT DI BKAD
KTVP 3578,KTV- 3211,KELURAHAN SEPAKU,KANTOR KELURAHAN SEPAKU,R,YAMAHA,50C (T135HC) MT,2012,MH350C002CK448717,50C-448902,11/23/2025,11/23/2027,KELURAHAN SEPAKU,BAIK,AKTIF,TERCATAT DI BKAD
KTVP 4210,KTV  5100,DINAS KESEHATAN,DINAS KESEHATAN PENAJAM PASER UTARA,R,YAMAHA,RX-K 135cc,2006,MH33KA0156K808229,3KA-782329,2/27/2026,2/27/2026,DINAS KESEHATAN PKM BABULU,RUSAK BERAT,TIDAK AKTIF,TERCATAT DI BKAD
KTVP 4212,KTV  2923,"DINAS PENDIDIKAN, PEMUDA DAN OLAHRAGA",DISDIKPORA KAB. PPU,R,HONDA,NF 11B1D MT,2010,MH1JBC113AK787047,JBC1E-1783418,2/16/2026,2/16/2026,DISDIKPORA,BAIK,AKTIF,TIDAK ADA KETERANGAN
KTVP 4213,KTV  2955,PENGELOLA (BKAD),DP3K KAB.PPU,R,HONDA,GL15A1D MT,2011,MH1KC2115BK016540,KC21E-1016133,1/20/2025,1/20/2026,PENGELOLA,RUSAK BERAT,TIDAK AKTIF,LELANG
KTVP 4278,KTV  2971,KELURAHAN SEPAKU,KANTOR KELURAHAN SEPAKU,R,HONDA,NF125 TR,2011,MH1JB9127BK429527,JB91E-2416800,7/19/2025,7/19/2026,KELURAHAN SEPAKU,BAIK,AKTIF,TERCATAT DI BKAD
KTVP 4230,KTV  2934,PENGELOLA (BKAD),DINAS KESBANG LINMAS,R,HONDA,GL15A1D MT,2010,MH1KC211XAK013695,KC21E-1013605,1/19/2025,1/19/2026,PENGELOLA,RUSAK BERAT,TIDAK AKTIF,LELANG
KTVP 4231,KTV  2977,PENGELOLA (BKAD),KELURAHAN PENAJAM,R,YAMAHA,31B (JUPITER Z),2011,MH331B003BJ754862,31B-755008,7/1/2026,7/1/2026,PENGELOLA,RUSAK BERAT,TIDAK AKTIF,TERCATAT DI BKAD
KTVP 4232,KTV  2984,PENGELOLA (BKAD),BEND. KELURAHAN SOTEK,R,HONDA,GL 15 A1 RR MT,2011,MH1KC3110BK092253,KC31E-1089797,7/28/2026,7/28/2026,PENGELOLA,RUSAK BERAT,TIDAK AKTIF,TERCATAT DI BKAD
KTVP 4233,KTV  2985,PENGELOLA (BKAD),BEND. KELURAHAN SOTEK,R,HONDA,NC11C1C AT,2011,MH1JF6114BK220532,JF61E-1218956,7/28/2024,7/28/2026,PENGELOLA,RUSAK BERAT,TIDAK AKTIF,LELANG
KTVP 4235,KTV  2992,DINAS PERTANIAN,DINAS KEHUTANAN PERKEBUNAN KAB. PPU,R,HONDA,NF125 TR,2011,MH1JB9124BK429520,JB91E-2416607,8/23/2026,8/23/2026,DINAS PERTANIAN,BAIK,AKTIF,TERCATAT DI BKAD
KTVP 4237,KTV  2933,"DINAS PENDIDIKAN, PEMUDA DAN OLAHRAGA",DISDIKPORA KAB. PPU,R,HONDA,NF 11B1D MT,2010,MH1JBC114AK831377,JBC1E-1775135,2/16/2026,2/16/2026,DISDIKPORA,RUSAK BERAT,TIDAK AKTIF,TERCATAT DI BKAD
KTVP 4249,KTVA 2001,KETAHANAN PANGAN,KANTOR KETAHANAN PANGAN PENYULUHAN,R,HONDA,NF125 TR,2011,MH1JB9120BK601722,JB91E-2592367,10/12/2026,10/12/2026,KETAHANAN PANGAN,BAIK,AKTIF,TERCATAT DI BKAD
KTVP 4259,KTV  3005,DINAS PERIKANAN,DPK KAB. PPU,R,YAMAHA,50C (T135HC) MT,2011,MH350C001BK198523,50C-198878,10/17/2026,10/17/2026,DINAS PERIKANAN,BAIK,AKTIF,TERCATAT DI BKAD
KTVP 4260,KTV  2631,PENGELOLA (BKAD),DINAS PERIKANAN DAN KELAUTAN,R,SUZUKI,EN 125 A,2008,MH8EN125A8J574558,F405-ID-574021,2/4/2025,2/4/2029,PENGELOLA,RUSAK BERAT,TIDAK AKTIF,LELANG
KTVP 4261,KTV  3001,DINAS PERIKANAN,DPK KAB. PPU,R,YAMAHA,50C (T135HC) MT,2011,MH350C001BK207424,50C-207479,10/17/2026,10/17/2026,DINAS PERIKANAN,BAIK,AKTIF,TERCATAT DI BKAD
KTVP 4262,KTV  3002,DINAS PERIKANAN,DPK KAB. PPU,R,YAMAHA,50C (T135HC) MT,2011,MH350C00BK197702,50C-197845,10/17/2026,10/17/2026,DINAS PERIKANAN,BAIK,AKTIF,TERCATAT DI BKAD
KTVP 4263,KTV  3003,DINAS PERIKANAN,DP3K KAB. PPU,R,YAMAHA,50C (T135HC) MT,2011,MH350C001BK205172,50C-205321,10/17/2026,10/17/2026,DINAS PERIKANAN,BAIK,AKTIF,TERCATAT DI BKAD
KTVP 4264,KTV  2974,PENGELOLA (BKAD),KELURAHAN GERSIK,R,YAMAHA,14D (AL115C/MIO SOUL),2011,MH314D204BK155901,14D-1156961,6/22/2026,6/22/2026,PENGELOLA,RUSAK BERAT,TIDAK AKTIF,TERCATAT DI BKAD
KTVP 4267,KTV  3004,DINAS PEKERJAAN UMUM DAN PENATAAN RUANG,DPK KAB. PPU,R,YAMAHA,50C (T135HC) MT,2011,MH350C001BK201233,50C-201312,10/17/2026,10/17/2026,DINAS PU DAN PENATAAN RUANG,RUSAK BERAT,TIDAK AKTIF,TERCATAT DI BKAD
KTVP 4268,KTV  2981,BADAN PENDAPATAN DAERAH,DINAS PENDAPATAN DAERAH PPU,R,HONDA,NF 11A1C MT,2011,MH1JBB213BK098006,JBB2E-1097113,7/12/2026,7/12/2026,BADAN PENDAPATAN DAERAH,BAIK,AKTIF,TERCATAT DI BKAD
KTVP 4727, ,KELURAHAN SEPAN,KELURAHAN SEPAN KECAMATAN PENAJAM,R,KAWASAKI,LX150M,2023,MH4LX150MPJP05112,LX150KEP17656,2/28/2025,2/28/2029,KELURAHAN SEPAN,BAIK,AKTIF,TIDAK ADA KETERANGAN
KTVP 1538, ,KELURAHAN SESUMPU,PEMERINTAHAN KABUPATEN PENAJAM PASER UTA,C,TOYOTA,W101RE-LMMFJ 1.5 G M/T,2023,MHKAB1BY5PK066894,2NR4B29458,2/7/2025,2/7/2029,KELURAHAN SESUMPU,BAIK,AKTIF,TERCATAT DI BKAD
KTVP 4275,KTV  3016,KELURAHAN LAWE-LAWE,KELURAHAN LAWE-LAWE,R,HONDA,NF125 TR,2011,MH1JB9127BK829524,JB91E-2820807,11/24/2026,11/24/2026,KELURAHAN LAWE-LAWE,BAIK,AKTIF,TERCATAT DI BKAD
KTVP 3163,,KELURAHAN SESUMPU,KELURAHAN SESUMPU,R,YAMAHA,1 LB,2013,MH31LB001DK112353,1LB-112372,12/16/2025,12/16/2028,KELURAHAN SESUMPU,BAIK,AKTIF,TERCATAT DI BKAD
KTVP 4277,KTV  3014,DINAS PERTANIAN,KANTOR KETAHANAN PANGAN PENYULUHAN,R,HONDA,GL 15 A1 RR MT,2011,MH1KC3112BK148449,KC31E-1148352,11/10/2025,11/10/2026,DINAS PERTANIAN,RUSAK BERAT,TIDAK AKTIF,TERCATAT DI BKAD
KTVP 3164,,KELURAHAN SESUMPU,KELURAHAN SESUMPU,R,YAMAHA,5D9 (VEGA ZR),2013,MH35D9206DJ900283,5D9-1900267,12/16/2025,12/16/2028,KELURAHAN SESUMPU,BAIK,AKTIF,TERCATAT DI BKAD
KTVP 4280,KTV  3017,KECAMATAN BABULU,KANTOR CAMAT BABULU,R,HONDA,NC11A3C AT,2011,MH1JF9113BK228655,JF91E-1224203,12/14/2026,12/14/2026,KECAMATAN BABULU,RUSAK BERAT,TIDAK AKTIF,TERCATAT DI BKAD
KTVP 4293,KTV  4388,"DINAS PENDIDIKAN, PEMUDA DAN OLAHRAGA",PEMKAB PPU,R,HONDA,NF100 SL,2006,MH1HB31146K623246,HB31E-1609369,1/24/2027,1/24/2027,DISDIKPORA,RUSAK BERAT,TIDAK AKTIF,TERCATAT DI BKAD
KTVP 4294,KTV  4382,"DINAS PENDIDIKAN, PEMUDA DAN OLAHRAGA",PEMKAB PPU,R,HONDA,NF100 SL,2006,MH1HB31126K626212,HB31E-1624101,1/24/2027,1/24/2027,DISDIKPORA,RUSAK BERAT,TIDAK AKTIF,TERCATAT DI BKAD
KTVP 4295,KTV  4337,DINAS PERTANIAN,DINAS PERTANIAN,R,HONDA,NF100 SL,2006,MH1HB31136K455888,HB31E-1451005,1/15/2027,1/15/2027,DINAS PERTANIAN,RUSAK BERAT,TIDAK AKTIF,TERCATAT DI BKAD
KTVP 4296,KTV  4349,PENGELOLA (BKAD),DINAS PERTANIAN,R,HONDA,GL160 D,2006,MH1KC11196K039514,KC11E-1039473,1/15/2026,1/15/2027,PENGELOLA,RUSAK BERAT,TIDAK AKTIF,TERCATAT DI BKAD
KTVP 4297,KTV  4329,PENGELOLA (BKAD),DINAS PERTANIAN,R,HONDA,GL160 D,2006,MH1KC11116K042102,KC11E-1040765,1/15/2025,1/15/2027,PENGELOLA,RUSAK BERAT,TIDAK AKTIF,LELANG
KTVP 4298,KTV  4332,PENGELOLA (BKAD),DINAS PERTANIAN,R,HONDA,GL160 D,2006,MH1KC11196K036368,1036174,1/15/2026,1/15/2027,PENGELOLA,RUSAK BERAT,TIDAK AKTIF,TERCATAT DI BKAD
KTVP 4301,KTV  4322,PENGELOLA (BKAD),DINAS PERTANIAN,R,HONDA,GL160 D,2006,MH1KC1111G6037028,KC11E-1036763,1/15/2025,1/15/2027,PENGELOLA,RUSAK BERAT,TIDAK AKTIF,LELANG
KTVP 4302,KTV  4346,PENGELOLA (BKAD),DINAS PERTANIAN,R,HONDA,GL160 D,2006,MH1KC11166K036988,KC11E-1036826,1/15/2026,1/15/2027,PENGELOLA,RUSAK BERAT,TIDAK AKTIF,TERCATAT DI BKAD
KTVP 4303,KTV  4355,"DINAS PENDIDIKAN, PEMUDA DAN OLAHRAGA",PEMKAB PPU,R,HONDA,NF100 SL,2006,MH1HB31146K508310,HB31E-1516643,1/24/2027,1/24/2027,DISDIKPORA,RUSAK BERAT,TIDAK AKTIF,TERCATAT DI BKAD
KTVP 4304,KTV  4348,DINAS PERTANIAN,DINAS PERTANIAN,R,HONDA,GL160 D,2006,MH1KC11136K039539,KC11E1039382,1/15/2027,1/15/2027,DINAS PERTANIAN,RUSAK BERAT,TIDAK AKTIF,TERCATAT DI BKAD
KTVP 4305,KTV  4342,PENGELOLA (BKAD),DINAS PERTANIAN,R,HONDA,GL160 D,2006,MH1KC11176K036997,KC11E-1036833,1/15/2025,1/15/2027,PENGELOLA,RUSAK BERAT,TIDAK AKTIF,LELANG
KTVP 4306,KTV  4324,DINAS PERTANIAN,DINAS PERTANIAN,R,HONDA,GL160 D,2006,MH1KC1110GK036985,KC11E-1036829,1/15/2027,1/15/2027,DINAS PERTANIAN,BAIK,AKTIF,TERCATAT DI BKAD
KTVP 4307,KTV  4350,DINAS PERTANIAN,DINAS PERTANIAN,R,HONDA,GL160 D,2006,MH1KC11166K036991,KC11E-1036811,1/15/2027,1/15/2027,DINAS PERTANIAN,RUSAK BERAT,TIDAK AKTIF,TERCATAT DI BKAD
KTVP 4308,KTV  4353,PENGELOLA (BKAD),DINAS PERTANIAN,R,HONDA,GL160 D,2006,MHIKC111X6K039666,KC11E-1039651,1/15/2025,1/15/2027,PENGELOLA,RUSAK BERAT,TIDAK AKTIF,LELANG
KTVP 4309,KTV  4336,DINAS PERTANIAN,DINAS PERTANIAN,R,HONDA,NF100 SL,2006,MH1HB31196K461274,HB31E-1471918,1/15/2027,1/15/2027,DINAS PERTANIAN,RUSAK BERAT,TIDAK AKTIF,TERCATAT DI BKAD
KTVP 4310,KTV  4327,PENGELOLA (BKAD),DINAS PERTANIAN,R,HONDA,GL160 D,2006,MH1KC11106K039689,KC11E-1039481,1/15/2025,1/15/2027,PENGELOLA,RUSAK BERAT,TIDAK AKTIF,LELANG
KTVP 4311,KTV  4377,"DINAS PENDIDIKAN, PEMUDA DAN OLAHRAGA",PEMKAB PPU,R,HONDA,NF100 SL,2006,MH1HB31196K172363,HB31E1169683,1/24/2026,1/24/2027,DISDIKPORA,BAIK,AKTIF,TERCATAT DI BKAD
KTVP 4313,KTV  4381,"DINAS PENDIDIKAN, PEMUDA DAN OLAHRAGA",PEMKAB PPU,R,HONDA,NF100 SL,2006,MH1HB31176K606490,HB31E-1607432,1/24/2027,1/24/2027,DISDIKPORA,RUSAK BERAT,TIDAK AKTIF,TERCATAT DI BKAD
KTVP 3166,,KELURAHAN SESUMPU,KELURAHAN SESUMPU,R,YAMAHA,5D9 (VEGA ZR),2013,MH35D9206DJ901001,5D9-1900982,12/16/2025,12/16/2028,KELURAHAN SESUMPU,BAIK,AKTIF,TERCATAT DI BKAD
KTVP 4315,KTV  4380,"DINAS PENDIDIKAN, PEMUDA DAN OLAHRAGA",PEMKAB PPU,R,HONDA,NF100 SL,2006,MHIHB31136K172181,HB31E-1168606,1/24/2027,1/24/2027,DISDIKPORA,RUSAK BERAT,TIDAK AKTIF,TERCATAT DI BKAD
KTVP 4316,KTV  3029,PENGELOLA (BKAD),KELURAHAN PEJALA,R,YAMAHA,44D (XEON),2011,MH344D002BK262070,44D-262135,1/5/2025,1/5/2027,PENGELOLA,RUSAK BERAT,TIDAK AKTIF,LELANG
KTVP 4317,KTV  4372,"DINAS PENDIDIKAN, PEMUDA DAN OLAHRAGA",PEMKAB PPU,R,HONDA,NF100 SL,2006,MH1HB31186K177831,HB31E1179074,1/24/2027,1/24/2027,DISDIKPORA,BAIK,AKTIF,TERCATAT DI BKAD
KTVP 4322,KTV  4341,PENGELOLA (BKAD),DINAS PERTANIAN,R,HONDA,GL160 D,2006,MH1KC11196K037004,KC11E-1036933,1/15/2026,1/15/2027,PENGELOLA,RUSAK BERAT,TIDAK AKTIF,TERCATAT DI BKAD
KTVP 4323,KTV  4308,DINAS KESEHATAN,DINAS KESEHATAN,R,HONDA,NF100 SL,2006,MH1HB31156K622588,HB31E-1621782,1/15/2027,1/15/2027,DINAS KESEHATAN PKM SOTEK,BAIK,AKTIF,TERCATAT DI BKAD
KTVP 4324,KTV  4351,PENGELOLA (BKAD),DINAS PERTANIAN,R,HONDA,NF100 SL,2006,MH1HB31126K470477,HB31E1462020,1/15/2026,1/15/2027,PENGELOLA,RUSAK BERAT,TIDAK AKTIF,TERCATAT DI BKAD
KTVP 4325,KTV  3037,DINAS PEKERJAAN UMUM DAN PENATAAN RUANG,DINAS PEKERJAAN UMUM,R,HONDA,GL 15 A1 RR MT,2011,MH1KC3113BK1635851,KC31E-1163598,1/16/2027,1/16/2027,DINAS PU DAN PENATAAN RUANG,BAIK,AKTIF,TERCATAT DI BKAD
KTVP 4326,KTV  3036,DINAS PEKERJAAN UMUM DAN PENATAAN RUANG,DINAS PEKERJAAN UMUM,R,HONDA,GL 15 A1 RR MT,2011,MH1KC311XBK155326,KC31E-1154944,1/16/2027,1/16/2027,DINAS PU DAN PENATAAN RUANG,BAIK,AKTIF,TERCATAT DI BKAD
KTVP 4327,KTV  3041,DINAS PEKERJAAN UMUM DAN PENATAAN RUANG,DINAS PEKERJAAN UMUM,R,HONDA,GL 15 A1 RR MT,2011,MH1KC3111BK159099,KC31E-1158845,1/16/2027,1/16/2027,DINAS PU DAN PENATAAN RUANG,BAIK,AKTIF,TERCATAT DI BKAD
KTVP 4328,KTV  3042,DINAS PEKERJAAN UMUM DAN PENATAAN RUANG,DINAS PEKERJAAN UMUM,R,HONDA,GL 15 A1 RR MT,2011,MH1KC3113BK159055,KC31E-1159000,1/16/2027,1/16/2027,DINAS PU DAN PENATAAN RUANG,BAIK,AKTIF,TERCATAT DI BKAD
KTVP 4329,KTV  3038,DINAS PEKERJAAN UMUM DAN PENATAAN RUANG,DINAS PEKERJAAN UMUM,R,HONDA,GL 15 A1 RR MT,2011,MH1KC3115BK166041,KC31E-1165836,1/16/2027,1/16/2027,DINAS PU DAN PENATAAN RUANG,BAIK,AKTIF,TERCATAT DI BKAD
KTVP 4330,KTV  3040,DINAS PEKERJAAN UMUM DAN PENATAAN RUANG,DINAS PEKERJAAN UMUM,R,HONDA,GL 15 A1 RR MT,2011,MH1KC3112BK166031,KC31E-1165909,1/16/2027,1/16/2027,DINAS PU DAN PENATAAN RUANG,BAIK,AKTIF,TERCATAT DI BKAD
KTVP 4331,KTV  3039,DINAS PEKERJAAN UMUM DAN PENATAAN RUANG,DINAS PEKERJAAN UMUM,R,HONDA,GL 15 A1 RR MT,2011,MH1KC3118BK166051,KC31E-1165837,1/16/2027,1/16/2027,DINAS PU DAN PENATAAN RUANG,BAIK,AKTIF,TERCATAT DI BKAD
KTVP 4332,KTV  4335,DINAS PERTANIAN,DINAS PERTANIAN,R,HONDA,GL160 D,2006,MH1KC11156K037906,KC11E-1038794,1/15/2027,1/15/2027,DINAS PERTANIAN,RUSAK BERAT,TIDAK AKTIF,TERCATAT DI BKAD
KTVP 4335,KTV  4311,PENGELOLA (BKAD),DINAS KESEHATAN,R,HONDA,NF100 SL,2006,MH1HB31116K623222,HB31E-1609124,1/15/2026,1/15/2027,PENGELOLA,BAIK,AKTIF,TERCATAT DI BKAD
KTVP 4336,KTV- 3624,DINAS PERHUBUNGAN,DISHUBBUDPAR KAB.PPU,R,SUZUKI,UW 125 SC,2011,MH8CF4EJABJ107602,F4E2-ID-107762,1/3/2027,1/3/2027,DINAS PERHUBUNGAN,BAIK,AKTIF,TERCATAT DI BKAD
KTVP 4337,KTV  2983,DINAS LINGKUNGAN HIDUP,DINAS PU BID KEBERSIHAN DAN PERTAMANAN,R,HONDA,GL 15 A1 RR MT,2011,MH1KC3117BK066779,KC31E-1066478,7/28/2026,7/28/2026,DINAS LINGKUNGAN HIDUP,BAIK,AKTIF,TERCATAT DI BKAD
KTVP 4338,KTV  3030,DINAS LINGKUNGAN HIDUP,DINAS PEKERJAAN UMUM,R,YAMAHA,50C (T135HC) MT,2011,MH350C001BK224335,50C-224378,1/5/2027,1/5/2027,DINAS LINGKUNGAN HIDUP,BAIK,AKTIF,TERCATAT DI BKAD
KTVP 4339,KTV  3064,"DINAS PENDIDIKAN, PEMUDA DAN OLAHRAGA",DISDIKPORA,R,YAMAHA,55S (T135SEC),2012,MH355S002CK078673,55S-078675,6/5/2027,6/5/2027,DISDIKPORA,BAIK,AKTIF,TERCATAT DI BKAD
KTVP 4340,KTV  3081,"DINAS PENDIDIKAN, PEMUDA DAN OLAHRAGA",DISDIKPORA,R,YAMAHA,55S (T135SEC),2012,MH355S002CK080906,55S-080942,6/5/2027,6/5/2027,DISDIKPORA,BAIK,AKTIF,TERCATAT DI BKAD
KTVP 4341,KTV  3067,"DINAS PENDIDIKAN, PEMUDA DAN OLAHRAGA",DISDIKPORA,R,YAMAHA,55S (T135SEC),2012,MH355S002CK079245,55S-079275,6/5/2026,6/5/2027,DISDIKPORA,BAIK,AKTIF,TERCATAT DI BKAD
KTVP 4345,KTV  3069,"DINAS PENDIDIKAN, PEMUDA DAN OLAHRAGA",DISDIKPORA,R,YAMAHA,55S (T135SEC),2012,MH355S002CK068484,55S-068457,6/5/2026,6/5/2027,DISDIKPORA,RUSAK BERAT,TIDAK AKTIF,TERCATAT DI BKAD
KTVP 4346,KTV  3079,"DINAS PENDIDIKAN, PEMUDA DAN OLAHRAGA",DISDIKPORA,R,YAMAHA,55S (T135SEC),2012,MH355S002CK084390,55S-084399,6/5/2027,6/5/2027,DISDIKPORA,BAIK,AKTIF,TERCATAT DI BKAD
KTVP 4347,KTV  3012,DINAS PERTANIAN,KANTOR KETAHANAN PANGAN & PENYULUHAN,R,HONDA,GL 15 A1 RR MT,2011,MH1KC3113BK148105,KC31E-1147951,11/10/2026,11/10/2026,DINAS PERTANIAN,BAIK,AKTIF,TERCATAT DI BKAD
KTVP 4348,KTV  3070,"DINAS PENDIDIKAN, PEMUDA DAN OLAHRAGA",DISDIKPORA,R,YAMAHA,55S (T135SEC),2012,MH355S002CK071503,55S-071537,6/5/2027,6/5/2027,DISDIKPORA,BAIK,AKTIF,TERCATAT DI BKAD
KTVP 4349,KTV  3060,"DINAS PENDIDIKAN, PEMUDA DAN OLAHRAGA",DISDIKPORA,R,YAMAHA,55S (T135SEC),2012,MH355S002CK081540,55S-081713,6/5/2027,6/5/2027,DISDIKPORA,BAIK,AKTIF,TERCATAT DI BKAD
KTVP 4350,KTV  3092,DINAS TENAGA KERJA DAN TRANSMIGRASI,DINSOSNAKER,R,YAMAHA,44D (XEON),2012,MH344D002CK304199,44D-304476,6/26/2027,6/26/2027,DINAS TENAGA KERJA DAN TRANSMIGRASI,BAIK,AKTIF,TERCATAT DI BKAD
KTVP 4351,KTV  3065,"DINAS PENDIDIKAN, PEMUDA DAN OLAHRAGA",DISDIKPORA,R,YAMAHA,55S (T135SEC),2012,MH355S002CK076762,55S-076766,6/5/2027,6/5/2027,DISDIKPORA,BAIK,AKTIF,TERCATAT DI BKAD
KTVP 4352,KTV  3077,"DINAS PENDIDIKAN, PEMUDA DAN OLAHRAGA",DISDIKPORA,R,YAMAHA,55S (T135SEC),2012,MH355S002C084386,55S-084386,6/5/2027,6/5/2027,DISDIKPORA,RUSAK BERAT,TIDAK AKTIF,TERCATAT DI BKAD
KTVP 4353,KTV  4344,DINAS PERTANIAN,DINAS PERTANIAN,R,HONDA,GL160 D,2006,MH1KC11156K039686,KC11E-1039419,1/15/2027,1/15/2027,DINAS PERTANIAN,RUSAK BERAT,TIDAK AKTIF,TERCATAT DI BKAD
KTVP 4354,KTV  3071,"DINAS PENDIDIKAN, PEMUDA DAN OLAHRAGA",DISDIKPORA,R,YAMAHA,55S (T135SEC),2012,MH355S002CK078528,55S-078531,6/5/2026,6/5/2027,DISDIKPORA,BAIK,AKTIF,TERCATAT DI BKAD
KTVP 4356,KTV  2953,"DINAS PENDIDIKAN, PEMUDA DAN OLAHRAGA",DP3K KAB. PPU,R,HONDA,NC110A1C AT,2010,MH1JF8112AK087196,JF81E-1089897,1/20/2026,1/20/2026,DISDIKPORA,RUSAK BERAT,TIDAK AKTIF,TERCATAT DI BKAD
KTVP 4357,KTV  3066,"DINAS PENDIDIKAN, PEMUDA DAN OLAHRAGA",DISDIKPORA,R,YAMAHA,55S (T135SEC),2012,MH355S002CK076179,55S-076236,6/5/2027,6/5/2027,DISDIKPORA,BAIK,AKTIF,TERCATAT DI BKAD
KTVP 4358,KTV  4379,"DINAS PENDIDIKAN, PEMUDA DAN OLAHRAGA",PEMKAB PPU,R,HONDA,NF100 SL,2006,MHIHB31116K508314,HB31E-1516470,1/24/2026,1/24/2027,DISDIKPORA,BAIK,AKTIF,TERCATAT DI BKAD
KTVP 4359,KTV  3061,"DINAS PENDIDIKAN, PEMUDA DAN OLAHRAGA",DISDIKPORA,R,YAMAHA,55S (T135SEC),2012,MH355S002CK083026,55S-083031,6/5/2027,6/5/2027,DISDIKPORA,BAIK,AKTIF,TERCATAT DI BKAD
KTVP 4360,KTV  3085,KECAMATAN BABULU,KECAMATAN BABULU,R,YAMAHA,5D9 (VEGA ZR),2012,MH35D9204CJ580425,5D9-1580535,6/11/2027,6/11/2027,KECAMATAN BABULU,RUSAK BERAT,TIDAK AKTIF,TERCATAT DI BKAD
KTVP 4362,KTV  3072,"DINAS PENDIDIKAN, PEMUDA DAN OLAHRAGA",DISDIKPORA,R,YAMAHA,55S (T135SEC),2012,MH355S002CK081180,55C-081105,6/5/2027,6/5/2027,DISDIKPORA,BAIK,AKTIF,TERCATAT DI BKAD
KTVP 4363,KTV  3084,KECAMATAN BABULU,KECAMATAN BABULU,R,YAMAHA,5D9 (VEGA ZR),2012,MH35D9204CJ575139,5D9-1575209,6/11/2027,6/11/2027,KECAMATAN BABULU,BAIK,AKTIF,TERCATAT DI BKAD
KTVP 4364,KTV  3043,PENGELOLA (BKAD),DINAS KEPENDUDUKANPEN&CATATAN SIPIL,R,HONDA,GL 15 A1 RR MT,2011,MH1KC3111BK163279,KC31E-1162917,1/16/2025,1/16/2027,PENGELOLA,RUSAK BERAT,TIDAK AKTIF,LELANG
KTVP 4365,KTV  4393,DINAS KESEHATAN,DINAS KESEHATAN,R,HONDA,NF100 SLD,2006,MH1HB411X6K772590,HB41E-1768826,3/22/2026,3/22/2027,DINAS KESEHATAN,BAIK,AKTIF,TERCATAT DI BKAD
KTVP 3591,KTV- 3231,KELURAHAN SESUMPU,KELURAHAN SESUMPU,R,YAMAHA,3C1 (V-IXION/FZ150),2012,MH33C1205CK088200,3C1-1088109,12/4/2025,12/4/2027,KELURAHAN SESUMPU,BAIK,AKTIF,TERCATAT DI BKAD
KTVP 4367,KTV  3125,DINAS PEMBERDAYAAN MASYARAKAT DAN DESA,BADAN PEMBERDAYAAN MASY PEMERINTAHAN D,R,HONDA,NF11B2D1,2012,MH1JBE311CK178681,JBE3E-1176144,8/9/2026,8/9/2027,DINAS PEMBERDAYAAN MASYARAKAT DAN DESA,BAIK,AKTIF,TERCATAT DI BKAD
KTVP 4368,KTV  3124,DINAS PEMBERDAYAAN MASYARAKAT DAN DESA,BADAN PERBERDAYAAN MASY PEMERINTAHAN D,R,HONDA,NF11B2D1,2012,MH1JBE315CK178747,JBE3E-1174771,8/9/2026,8/9/2027,DINAS PEMBERDAYAAN MASYARAKAT DAN DESA,BAIK,AKTIF,TERCATAT DI BKAD
KTVP 3152,,KELURAHAN SUNGAI PARIT,KELURAHAN SUNGAI PARIT,R,YAMAHA,1FD,2013,MH31FD001DJ011213,1FD-011212,12/11/2025,12/11/2028,KELURAHAN SUNGAI PARIT,BAIK,AKTIF,TERCATAT DI BKAD
KTVP 4370,KTV  3109,SEKRETARIAT DPRD,SEKRETARIAT DPRD,R,YAMAHA,50C (T135HC) MT,2012,MH350C002CK373110,50C-373317,7/30/2026,7/30/2027,SEKRETARIAT DPRD,BAIK,AKTIF,TERCATAT DI BKAD
KTVP 4371,KTV  3115,SEKRETARIAT DPRD,SEKRETARIAT DPRD,R,YAMAHA,50C (T135HC) MT,2012,MH350C002CK381554,50C-381740,7/30/2026,7/30/2027,SEKRETARIAT DPRD,BAIK,AKTIF,TERCATAT DI BKAD
KTVP 4372,KTV  3114,SEKRETARIAT DPRD,SEKRETARIAT DPRD,R,YAMAHA,50C (T135HC) MT,2012,MH350C002CK373114,50C-373148,7/30/2026,7/30/2027,SEKRETARIAT DPRD,BAIK,AKTIF,TERCATAT DI BKAD
KTVP 4373,KTV  3112,SEKRETARIAT DPRD,SEKRETARIAT DPRD,R,YAMAHA,50C (T135HC) MT,2012,MH350C002CK374005,50C-374211,7/30/2026,7/30/2027,SEKRETARIAT DPRD,BAIK,AKTIF,TERCATAT DI BKAD
KTVP 3307,,KELURAHAN SUNGAI PARIT,KANTOR KELURAHAN SUNGAI PARIT,R,YAMAHA,1 PA,2014,MH31PA004EK768365,1PA-764077,12/15/2025,12/15/2029,KELURAHAN SUNGAI PARIT,BAIK,AKTIF,TERCATAT DI BKAD
KTVP 4380,KTV  2629,PENGELOLA (BKAD),DINAS PERIKANAN DAN KELAUTAN,R,SUZUKI,EN 125 A,2008,MH8EN125A8J579887,F405-ID-579849,2/4/2025,2/4/2029,PENGELOLA,RUSAK BERAT,TIDAK AKTIF,LELANG
KTVP 4381,KTV  4305,PENGELOLA (BKAD),KANTOR PERIKANAN DAN KELAUTAN,R,HONDA,GL160 D,2006,MH1KC11126K014325,KC11E-1014290,1/15/2025,1/15/2027,PENGELOLA,RUSAK BERAT,TIDAK AKTIF,LELANG
KTVP 4382,KTV  3087,SATUAN POLISI PAMONG PRAJA,SATPOL PP,R,YAMAHA,3C1 (V-IXION/FZ150),2012,MH33C1005CK885155,3C1-886357,6/19/2027,6/19/2027,SATPOL PP,BAIK,AKTIF,TERCATAT DI BKAD
KTVP 4383,KTV  3088,SATUAN POLISI PAMONG PRAJA,SATPOL PP,R,YAMAHA,3C1 (V-IXION/FZ150),2012,MH33C1005CK886093,3C1-887171,6/19/2027,6/19/2027,SATPOL PP,BAIK,AKTIF,TERCATAT DI BKAD
KTVP 4385,KTV  3048,"DINAS PERUMAHAN, KAWASAN PERMUKIMAN DAN PERTANAHAN",BEND. RUTIN DINAS PU DAN KIMPRASWIL PPU,R,HONDA,GL 15 A1 RR MT,2011,MH1KC3111BK164075,KC31E-1163636,1/30/2027,1/30/2027,DINAS PERUMAHAN KAWASAN PERMUKIMAN DAN PERTAMANAN,BAIK,AKTIF,TERCATAT DI BKAD
KTVP 4386,KTV  3049,"DINAS PERUMAHAN, KAWASAN PERMUKIMAN DAN PERTANAHAN",BEND. RUTIN DINAS PU DAN KIMPRASWIL PPU,R,HONDA,GL 15 A1 RR MT,2011,MH1KC3113BK160951,KC31E-1160795,1/30/2027,1/30/2027,DINAS PERUMAHAN KAWASAN PERMUKIMAN DAN PERTAMANAN,BAIK,AKTIF,TERCATAT DI BKAD
KTVP 4387,KTV  3050,"DINAS PERUMAHAN, KAWASAN PERMUKIMAN DAN PERTANAHAN",BEND. RUTIN DINAS PU DAN KIMPRASWIL PPU,R,HONDA,GL 15 A1 RR MT,2011,MH1KC3116BK154934,KC31E-1154099,1/30/2027,1/30/2027,DINAS PERUMAHAN KAWASAN PERMUKIMAN DAN PERTAMANAN,BAIK,AKTIF,TERCATAT DI BKAD
KTVP 3308,,KELURAHAN SUNGAI PARIT,KANTOR KELURAHAN SUNGAI PARIT,R,YAMAHA,1 PA,2014,MH31PA004EK591840,1PA-592205,12/15/2025,12/15/2029,KELURAHAN SUNGAI PARIT,BAIK,AKTIF,TERCATAT DI BKAD
KTVP 4391,KTV  3022,DINAS PERHUBUNGAN,DISHUBBUDPAR,R,HONDA,CBR 250 RAB (IN),2011,MLHMC4195B5005761,MC41E-2017633,12/27/2026,12/27/2026,DINAS PERHUBUNGAN,BAIK,AKTIF,TERCATAT DI BKAD
KTVP 4392,KTV  2987,DINAS PERHUBUNGAN,DISHUBBUDPAR PPU,R,SUZUKI,FL 125 RCD,2011,MH8BF45SABJ123715,F496-ID-412284,8/24/2026,8/24/2026,DINAS PERHUBUNGAN,BAIK,AKTIF,TERCATAT DI BKAD
KTVP 4401,KTV  2526,"DINAS PENDIDIKAN, PEMUDA DAN OLAHRAGA",DINAS PENDIDIKAN KAB. PPU,R,HONDA,NF100 SE,2007,MH1HB71147K151347,HB71E-1148880,1/22/2027,1/22/2028,DISDIKPORA,BAIK,AKTIF,TERCATAT DI BKAD
KTVP 4402,KTV  3018,KELURAHAN KAMPUNG BARU,KELURAHAN KAMPUNG BARU,R,YAMAHA,44D (XEON),2011,MH344D002BK266799,44D-266860,12/19/2026,12/19/2026,KELURAHAN KAMPUNG BARU,BAIK,AKTIF,TERCATAT DI BKAD
KTVP 4412,KTV- 4364,"DINAS PENDIDIKAN, PEMUDA DAN OLAHRAGA",PEMKAB PPU,R,HONDA,NF100 SL,2006,MH1HB31116K461155,HB31E-1472056,1/24/2027,1/24/2027,DISDIKPORA,BAIK,AKTIF,TERCATAT DI BKAD
KTVP 4417,KTV  3176,DINAS KESEHATAN,DINAS KESEHATAN,R,YAMAHA,5D9 (VEGA ZR),2012,MH35D9204CJ624099,5D9-1624086,11/23/2026,11/23/2027,DINAS KESEHATAN PKM SEBAKUNG JAYA,BAIK,AKTIF,TERCATAT DI BKAD
KTVP 4423,KTV  3086,SATUAN POLISI PAMONG PRAJA,SATPOL PP,R,YAMAHA,3C1 (V-IXION/FZ150),2012,MH33C1005CK884740,3C1-885839,6/19/2027,6/19/2027,SATPOL PP,BAIK,AKTIF,TERCATAT DI BKAD
KTVP 4425,KTV  3127,DINAS PERHUBUNGAN,DISHUBBUDPAR KAB. PPU,R,HONDA,CBR 250 RB (IN),2012,MLHMC4199C5012133,MC41E-2031607,8/23/2026,8/23/2027,DINAS PERHUBUNGAN,BAIK,AKTIF,TERCATAT DI BKAD
KTVP 4428, ,DINAS PERTANIAN,DINAS PERTANIAN KABUPATEN PENAJAM PASER,R,YAMAHA,UE11 CAST WHEEL,2023,MH3UE1120PJ371709,E3R5E0384230,4/10/2027,4/10/2028,DINAS PERTANIAN,BAIK,AKTIF,TERCATAT DI BKAD
KTVP 4429, ,DINAS PERTANIAN,DINAS PERTANIAN KABUPATEN PENAJAM PASER,R,YAMAHA,UE11 CAST WHEEL,2023,MH3UE1120PJ371508,E3R5E0384026,4/10/2027,4/10/2028,DINAS PERTANIAN,BAIK,AKTIF,TERCATAT DI BKAD
KTVP 4430, ,DINAS PERTANIAN,DINAS PERTANIAN KABUPATEN PENAJAM PASER,R,YAMAHA,UE11 CAST WHEEL,2023,MH3UE1120PJ367114,E3R5E0379629,4/10/2027,4/10/2028,DINAS PERTANIAN,BAIK,AKTIF,TERCATAT DI BKAD
KTVP 4431, ,DINAS PERTANIAN,DINAS PERTANIAN KABUPATEN PENAJAM PASER,R,YAMAHA,UE11 CAST WHEEL,2023,MH3UE1120PJ367105,E3R5E0379621,4/10/2027,4/10/2028,DINAS PERTANIAN,BAIK,AKTIF,TERCATAT DI BKAD
KTVP 4435, ,DINAS PERTANIAN,DINAS PERTANIAN KABUPATEN PENAJAM PASER,R,YAMAHA,UE11 CAST WHEEL,2023,MH3UE1120PJ367042,E3R5E0379557,4/10/2027,4/10/2028,DINAS PERTANIAN,BAIK,AKTIF,TERCATAT DI BKAD
KTVP 4436, ,DINAS PERTANIAN,DINAS PERTANIAN KABUPATEN PENAJAM PASER,R,YAMAHA,UE11 CAST WHEEL,2023,MH3UE1120PJ367023,E3R5E0379539,4/10/2027,4/10/2028,DINAS PERTANIAN,BAIK,AKTIF,TERCATAT DI BKAD
KTVP 4437, ,DINAS PERTANIAN,DINAS PERTANIAN KABUPATEN PENAJAM PASER,R,YAMAHA,UE11 CAST WHEEL,2023,MH3UE1120PJ367003,E3R5E0379520,4/10/2027,4/10/2028,DINAS PERTANIAN,BAIK,AKTIF,TERCATAT DI BKAD
KTVP 4438, ,DINAS PERTANIAN,DINAS PERTANIAN KABUPATEN PENAJAM PASER,R,YAMAHA,UE11 CAST WHEEL,2023,MH3UE1120PJ370202,E3R5E0382718,4/10/2027,4/10/2028,DINAS PERTANIAN,BAIK,AKTIF,TERCATAT DI BKAD
KTVP 4439, ,DINAS PERTANIAN,DINAS PERTANIAN KABUPATEN PENAJAM PASER,R,YAMAHA,UE11 CAST WHEEL,2023,MH3UE1120PJ366672,E3R5E0379186,4/10/2027,4/10/2028,DINAS PERTANIAN,BAIK,AKTIF,TERCATAT DI BKAD
KTVP 4450, ,DINAS PERTANIAN,DINAS PERTANIAN KABUPATEN PENAJAM PASER,R,YAMAHA,UE11 CAST WHEEL,2023,MH3UE1120PJ371836,E3R5E0384352,4/10/2027,4/10/2028,DINAS PERTANIAN,BAIK,AKTIF,TERCATAT DI BKAD
KTVP 4451, ,DINAS PERTANIAN,DINAS PERTANIAN KABUPATEN PENAJAM PASER,R,YAMAHA,UE11 CAST WHEEL,2023,MH3UE1120PJ371835,E3R5E0384351,4/10/2027,4/10/2028,DINAS PERTANIAN,BAIK,AKTIF,TERCATAT DI BKAD
KTVP 4452, ,DINAS PERTANIAN,DINAS PERTANIAN KABUPATEN PENAJAM PASER,R,YAMAHA,UE11 CAST WHEEL,2023,MH3UE1120PJ371832,E3R5E0384348,4/10/2027,4/10/2028,DINAS PERTANIAN,BAIK,AKTIF,TERCATAT DI BKAD
KTVP 4453, ,DINAS PERTANIAN,DINAS PERTANIAN KABUPATEN PENAJAM PASER,R,YAMAHA,UE11 CAST WHEEL,2023,MH3UE1120PJ371746,E3R5E0384262,4/10/2027,4/10/2028,DINAS PERTANIAN,BAIK,AKTIF,TERCATAT DI BKAD
KTVP 4457, ,DINAS PERTANIAN,DINAS PERTANIAN KABUPATEN PENAJAM PASER,R,YAMAHA,UE11 CAST WHEEL,2022,MH3UE1120NJ344066,E3R5E0356580,4/10/2027,4/10/2028,DINAS PERTANIAN,BAIK,AKTIF,TERCATAT DI BKAD
KTVP 4458, ,DINAS PERTANIAN,DINAS PERTANIAN KABUPATEN PENAJAM PASER,R,YAMAHA,UE11 CAST WHEEL,2022,MH3UE1120NJ349760,E3R5E0362277,4/10/2027,4/10/2028,DINAS PERTANIAN,BAIK,AKTIF,TERCATAT DI BKAD
KTVP 4459, ,DINAS PERTANIAN,DINAS PERTANIAN KABUPATEN PENAJAM PASER,R,YAMAHA,UE11 CAST WHEEL,2022,MH3UE1120NJ343633,E3R5E0356148,4/10/2027,4/10/2028,DINAS PERTANIAN,BAIK,AKTIF,TERCATAT DI BKAD
KTVP 4460, ,DINAS PERTANIAN,DINAS PERTANIAN KABUPATEN PENAJAM PASER,R,YAMAHA,UE11 CAST WHEEL,2022,MH3UE1120NJ349480,E3R5E0361993,4/10/2027,4/10/2028,DINAS PERTANIAN,BAIK,AKTIF,TERCATAT DI BKAD
KTVP 4461, ,DINAS PERTANIAN,DINAS PERTANIAN KABUPATEN PENAJAM PASER,R,YAMAHA,UE11 CAST WHEEL,2022,MH3UE1120NJ356195,E3R5E0368710,4/10/2027,4/10/2028,DINAS PERTANIAN,BAIK,AKTIF,TERCATAT DI BKAD
KTVP 4462, ,DINAS PERTANIAN,DINAS PERTANIAN KABUPATEN PENAJAM PASER,R,YAMAHA,UE11 CAST WHEEL,2022,MH3UE1120NJ353595,E3R5E0366109,4/10/2027,4/10/2028,DINAS PERTANIAN,BAIK,AKTIF,TERCATAT DI BKAD
KTVP 4463, ,DINAS PERTANIAN,DINAS PERTANIAN KABUPATEN PENAJAM PASER,R,YAMAHA,UE11 CAST WHEEL,2023,MH3UE1120PJ372873,E3R5E0385388,4/10/2027,4/10/2028,DINAS PERTANIAN,BAIK,AKTIF,TERCATAT DI BKAD
KTVP 4465, ,DINAS PERTANIAN,DINAS PERTANIAN KABUPATEN PENAJAM PASER,R,YAMAHA,UE11 CAST WHEEL,2023,MH3UE1120PJ372647,E3R5E0385162,4/10/2027,4/10/2028,DINAS PERTANIAN,BAIK,AKTIF,TERCATAT DI BKAD
KTVP 4467, ,DINAS PERTANIAN,DINAS PERTANIAN KABUPATEN PENAJAM PASER,R,YAMAHA,UE11 CAST WHEEL,2023,MH3UE1120PJ372576,E3R5E0385092,4/10/2027,4/10/2028,DINAS PERTANIAN,BAIK,AKTIF,TERCATAT DI BKAD
KTVP 4468, ,DINAS PERTANIAN,DINAS PERTANIAN KABUPATEN PENAJAM PASER,R,YAMAHA,UE11 CAST WHEEL,2023,MH3UE1120PJ372053,E3R5E0384568,4/10/2027,4/10/2028,DINAS PERTANIAN,BAIK,AKTIF,TERCATAT DI BKAD
KTVP 4469, ,DINAS PERTANIAN,DINAS PERTANIAN KABUPATEN PENAJAM PASER,R,YAMAHA,UE11 CAST WHEEL,2023,MH3UE1120PJ372046,E3R5E0384562,4/10/2027,4/10/2028,DINAS PERTANIAN,BAIK,AKTIF,TERCATAT DI BKAD
KTVP 4470, ,DINAS PERTANIAN,DINAS PERTANIAN KABUPATEN PENAJAM PASER,R,YAMAHA,UE11 CAST WHEEL,2023,MH3UE1120PJ372037,E3R5E0384556,4/10/2027,4/10/2028,DINAS PERTANIAN,BAIK,AKTIF,TERCATAT DI BKAD
KTVP 4471, ,DINAS PERTANIAN,DINAS PERTANIAN KABUPATEN PENAJAM PASER,R,YAMAHA,UE11 CAST WHEEL,2023,MH3UE1120PJ372034,E3R5E0384553,4/10/2027,4/10/2028,DINAS PERTANIAN,BAIK,AKTIF,TERCATAT DI BKAD
KTVP 4472, ,DINAS PERTANIAN,DINAS PERTANIAN KABUPATEN PENAJAM PASER,R,YAMAHA,UE11 CAST WHEEL,2023,MH3UE1120PJ372025,E3R5E0384545,4/10/2027,4/10/2028,DINAS PERTANIAN,BAIK,AKTIF,TERCATAT DI BKAD
KTVP 4473, ,DINAS PERTANIAN,DINAS PERTANIAN KABUPATEN PENAJAM PASER,R,YAMAHA,UE11 CAST WHEEL,2023,MH3UE1120PJ371975,E3R5E0384493,4/10/2027,4/10/2028,DINAS PERTANIAN,BAIK,AKTIF,TERCATAT DI BKAD
KTVP 4475, ,DINAS PERTANIAN,DINAS PERTANIAN KABUPATEN PENAJAM PASER,R,YAMAHA,UE11 CAST WHEEL,2023,MH3UE1120PJ371971,E3R5E0384489,4/10/2027,4/10/2028,DINAS PERTANIAN,BAIK,AKTIF,TERCATAT DI BKAD
KTVP 4476, ,DINAS PERTANIAN,DINAS PERTANIAN KABUPATEN PENAJAM PASER,R,YAMAHA,UE11 CAST WHEEL,2023,MH3UE1120PJ372875,E3R5E0385391,4/10/2027,4/10/2028,DINAS PERTANIAN,BAIK,AKTIF,TERCATAT DI BKAD
KTVP 4478, ,DINAS PERTANIAN,DINAS PERTANIAN KABUPATEN PENAJAM PASER,R,YAMAHA,UE11 CAST WHEEL,2022,MH3UE1120NJ361428,E3R5E0373943,4/10/2027,4/10/2028,DINAS PERTANIAN,BAIK,AKTIF,TERCATAT DI BKAD
KTVP 4479, ,DINAS PERTANIAN,DINAS PERTANIAN KABUPATEN PENAJAM PASER,R,YAMAHA,UE11 CAST WHEEL,2022,MH3UE1120NJ361281,E3R5E0373800,4/10/2027,4/10/2028,DINAS PERTANIAN,BAIK,AKTIF,TERCATAT DI BKAD
KTVP 4480, ,DINAS PERTANIAN,DINAS PERTANIAN KABUPATEN PENAJAM PASER,R,YAMAHA,UE11 CAST WHEEL,2023,MH3UE1120PJ371845,E3R5E0384328,4/10/2027,4/10/2028,DINAS PERTANIAN,BAIK,AKTIF,TERCATAT DI BKAD
KTVP 4481, ,DINAS PERTANIAN,DINAS PERTANIAN KABUPATEN PENAJAM PASER,R,YAMAHA,UE11 CAST WHEEL,2023,MH3UE1120PJ371732,E3R5E0384206,4/10/2027,4/10/2028,DINAS PERTANIAN,BAIK,AKTIF,TERCATAT DI BKAD
KTVP 4482, ,DINAS PERTANIAN,DINAS PERTANIAN KABUPATEN PENAJAM PASER,R,YAMAHA,UE11 CAST WHEEL,2023,MH3UE1120PJ371729,E3R5E0384245,4/10/2027,4/10/2028,DINAS PERTANIAN,BAIK,AKTIF,TERCATAT DI BKAD
KTVP 4483, ,DINAS PERTANIAN,DINAS PERTANIAN KABUPATEN PENAJAM PASER,R,YAMAHA,UE11 CAST WHEEL,2023,MH3UE1120PJ371718,E3R5E0384194,4/10/2027,4/10/2028,DINAS PERTANIAN,BAIK,AKTIF,TERCATAT DI BKAD
KTVP 4485, ,DINAS PERTANIAN,DINAS PERTANIAN KABUPATEN PENAJAM PASER,R,YAMAHA,UE11 CAST WHEEL,2023,MH3UE1120PJ366757,E3R5E0379273,4/10/2027,4/10/2028,DINAS PERTANIAN,BAIK,AKTIF,TERCATAT DI BKAD
KTVP 4486, ,DINAS PERTANIAN,DINAS PERTANIAN KABUPATEN PENAJAM PASER,R,YAMAHA,UE11 CAST WHEEL,2023,MH3UE1120PJ369839,E3R5E0382353,4/10/2027,4/10/2028,DINAS PERTANIAN,BAIK,AKTIF,TERCATAT DI BKAD
KTVP 4487, ,DINAS PERTANIAN,DINAS PERTANIAN KABUPATEN PENAJAM PASER,R,YAMAHA,UE11 CAST WHEEL,2023,MH3UE1120PJ369755,E3R5E0382272,4/10/2027,4/10/2028,DINAS PERTANIAN,BAIK,AKTIF,TERCATAT DI BKAD
KTVP 4489, ,DINAS PERTANIAN,DINAS PERTANIAN KABUPATEN PENAJAM PASER,R,YAMAHA,UE11 CAST WHEEL,2023,MH3UE1120PJ368560,E3R5E0381076,4/10/2027,4/10/2028,DINAS PERTANIAN,BAIK,AKTIF,TERCATAT DI BKAD
KTVP 4490, ,DINAS PERTANIAN,DINAS PERTANIAN KABUPATEN PENAJAM PASER,R,YAMAHA,UE11 CAST WHEEL,2023,MH3UE1120PJ367870,E3R5E0380386,4/10/2027,4/10/2028,DINAS PERTANIAN,BAIK,AKTIF,TERCATAT DI BKAD
KTVP 4491, ,DINAS PERTANIAN,DINAS PERTANIAN KABUPATEN PENAJAM PASER,R,YAMAHA,UE11 CAST WHEEL,2023,MH3UE1120PJ367856,E3R5E0380371,4/10/2027,4/10/2028,DINAS PERTANIAN,BAIK,AKTIF,TERCATAT DI BKAD
KTVP 4493, ,DINAS PERTANIAN,DINAS PERTANIAN KAB. PENAJAM PASER UTARA,R,KAWASAKI,LX150G,2022,MH4LX150GNJP96389,LX150CEWX7885,4/17/2027,4/17/2028,DINAS PERTANIAN,BAIK,AKTIF,TERCATAT DI BKAD
KTVP 4495, ,DINAS PERTANIAN,DINAS PERTANIAN KAB. PENAJAM PASER UTARA,R,KAWASAKI,LX150G,2022,MH4LX150GNJP96359,LX150CEWX7662,4/17/2027,4/17/2028,DINAS PERTANIAN,BAIK,AKTIF,TERCATAT DI BKAD
KTVP 4497, ,DINAS PERTANIAN,DINAS PERTANIAN KAB. PENAJAM  PASER UTAR,R,KAWASAKI,LX150G,2022,MH4LX150GNJP96658,LX150CEWX9783,4/17/2027,4/17/2028,DINAS PERTANIAN,BAIK,AKTIF,TERCATAT DI BKAD
KTVP 4498, ,DINAS PERTANIAN,DINAS PERTANIAN KAB. PENAJAM PASER UTARA,R,KAWASAKI,LX150G,2022,MH4LX150GNJP96350,LX150CEWX7670,4/17/2027,4/17/2028,DINAS PERTANIAN,BAIK,AKTIF,TERCATAT DI BKAD
KTVP 4501, ,"DINAS PERUMAHAN, KAWASAN PERMUKIMAN DAN PERTANAHAN",BENDAHARA RUTIN DINAS PERUMAHAN KAWASAN,R,VIAR,V 20 RL M/T,2023,MGRVR20TAPL200993,YX200FMG22218723,5/2/2027,5/2/2028,DINAS PERUMAHAN KAWASAN PERMUKIMAN DAN PERTAMANAN,BAIK,AKTIF,TERCATAT DI BKAD
KTVP 4502, ,"DINAS PERUMAHAN, KAWASAN PERMUKIMAN DAN PERTANAHAN",BENDAHARA RUTIN DINAS PERUMAHANKAWASAN P,R,VIAR,V 20 RL M/T,2023,MGRVR20TAPL200994,YX200FMG22218722,5/2/2027,5/2/2028,DINAS PERUMAHAN KAWASAN PERMUKIMAN DAN PERTAMANAN,BAIK,AKTIF,TERCATAT DI BKAD
KTVP 4504, ,DINAS PEKERJAAN UMUM DAN PENATAAN RUANG,DINAS PEKERJAAN UMUM DAN PENATAAN RUANG,R,YAMAHA,B3M M/T,2023,MH3DG3710PK052262,G3N6E0056550,6/23/2027,6/23/2028,DINAS PU DAN PENATAAN RUANG,BAIK,AKTIF,TERCATAT DI BKAD
KTVP 4508, ,DINAS PEKERJAAN UMUM DAN PENATAAN RUANG,DINAS PEKERJAAN UMUM DAN PENATAAN RUANG,R,YAMAHA,B3M M/T,2023,MH3DG3710PK055028,G3N6E0059453,6/23/2027,6/23/2028,DINAS PU DAN PENATAAN RUANG,BAIK,AKTIF,TERCATAT DI BKAD
KTVP 4509, ,DINAS PEKERJAAN UMUM DAN PENATAAN RUANG,DINAS PEKERJAAN UMUM DAN PENATAAN RUANG,R,YAMAHA,B3M M/T,2023,MH3DG3710PK054449,G3N6E0058823,6/23/2027,6/23/2028,DINAS PU DAN PENATAAN RUANG,BAIK,AKTIF,TERCATAT DI BKAD
KTVP 4510, ,DINAS PEKERJAAN UMUM DAN PENATAAN RUANG,DINAS PEKERJAAN UMUM DAN PENATAAN RUANG,R,YAMAHA,B3M M/T,2023,MH3DG3710PK053785,G3N6E0058116,6/23/2027,6/23/2028,DINAS PU DAN PENATAAN RUANG,BAIK,AKTIF,TERCATAT DI BKAD
KTVP 4511,KTV  3170,DINAS KESEHATAN,DINAS KESEHATAN,R,YAMAHA,5D9 (VEGA ZR),2012,MH35D9205CJ714268,5D9-1714270,11/23/2026,11/23/2027,DINAS KESEHATAN PKM SEBAKUNG JAYA,RUSAK BERAT,TIDAK AKTIF,TERCATAT DI BKAD
KTVP 4512,KTV  3159,DINAS KESEHATAN,DINAS KESEHATAN,R,YAMAHA,5D9 (VEGA ZR),2012,MH35D9204CJ616634,5D9-1616626,11/23/2026,11/23/2027,DINAS KESEHATAN PKM SEBAKUNG JAYA,BAIK,AKTIF,TERCATAT DI BKAD
KTVP 4521,KTV  3146,DINAS KESEHATAN,DINAS KESEHATAN,R,YAMAHA,5D9 (VEGA ZR),2012,MH35D9204CJ623090,5D9-1622984,11/23/2026,11/23/2027,DINAS KESEHATAN PKM BABULU,BAIK,AKTIF,TERCATAT DI BKAD
KTVP 4548,KTV  2921,"DINAS PENDIDIKAN, PEMUDA DAN OLAHRAGA",DISDIKPORA KAB. PPU,R,HONDA,NF 11B1D MT,2010,MH1JBC115AK838256,JBC1E-1839672,2/16/2026,2/16/2026,DISDIKPORA,BAIK,AKTIF,TIDAK ADA KETERANGAN
KTVP 4550,KTV  2671,DINAS KESEHATAN,DINAS KESEHATAN,R,HONDA,NF100 SE,2008,MH1HB71178K659832,HB71E-1659495,5/12/2027,5/12/2029,DINAS KESEHATAN PKM MARIDAN,BAIK,AKTIF,TERCATAT DI BKAD
KTVP 4551,KTV  3007,KELURAHAN MARIDAN,KELURAHAN MARIDAN,R,HONDA,NF125 TR,2011,MH1JB9125BK838240,JB91E-2828545,11/10/2026,11/10/2026,KELURAHAN MARIDAN,RUSAK BERAT,TIDAK AKTIF,TERCATAT DI BKAD
KTVP 4552,KTV  2638,DINAS KESEHATAN,DINAS KESEHATAN,R,HONDA,NF100 SE,2008,MH1HB7118K648051,HB71E-1641063,4/23/2027,4/23/2029,DINAS KESEHATAN PKM MARIDAN,BAIK,AKTIF,TERCATAT DI BKAD
KTVP 4557,KTV  5107,DINAS KESEHATAN,DINAS KESEHATAN PENAJAM PASER UTARA,R,YAMAHA,T 105 ERD (VEGA DB SE),2005,MH34ST2105K058160,4ST-1414592,2/27/2026,2/27/2026,DINAS KESEHATAN PKM GUNUNG INTAN,RUSAK BERAT,TIDAK AKTIF,TERCATAT DI BKAD
KTVP 4558,KTV  2850,PENGELOLA (BKAD),DINAS P K KAB. PPU,R,HONDA,GL160 D,2010,MH1KC1115AK261668,KC11E-1263256,7/19/2025,7/19/2025,PENGELOLA,RUSAK BERAT,TIDAK AKTIF,LELANG
KTVP 4559,KTV  4317,PENGELOLA (BKAD),DINAS PERTANIAN,R,HONDA,GL160 D,2006,MH1KC11166K039695,KC11E1039480,1/15/2025,1/15/2027,PENGELOLA,RUSAK BERAT,TIDAK AKTIF,LELANG
KTVP 4560,KTV- 4330,PENGELOLA (BKAD),DINAS PERTANIAN,R,HONDA,GL160 D,2006,MH1KC11166K038854,KC11E-1039115,1/15/2025,1/15/2027,PENGELOLA,RUSAK BERAT,TIDAK AKTIF,LELANG
KTVP 4561,KTV  4354,PENGELOLA (BKAD),DINAS PERTANIAN,R,HONDA,GL160 D,2006,MH1KC11156K039705,KC11E-1039752,1/15/2025,1/15/2027,PENGELOLA,RUSAK BERAT,TIDAK AKTIF,LELANG
KTVP 4562, ,DINAS LINGKUNGAN HIDUP,KANTOR DINAS LINGKUNGAN HIDUP,R,VIAR,V 20 RL M/T,2023,MGRVR20TAPL201640,YX200FMG23210928,10/27/2026,10/27/2028,DINAS LINGKUNGAN HIDUP,BAIK,AKTIF,TERCATAT DI BKAD
KTVP 4563, ,DINAS LINGKUNGAN HIDUP,KANTOR DINAS LINGUNGAN HIDUP,R,VIAR,V 20 RL M/T,2023,MGRVR20TAPL201643,YX200FMG23210939,10/28/2026,10/28/2028,DINAS LINGKUNGAN HIDUP,BAIK,AKTIF,TERCATAT DI BKAD
KTVP 4564, ,DINAS LINGKUNGAN HIDUP,KANTOR DINAS LINGUNGAN HIDUP,R,VIAR,V 20 RL M/T,2023,MGRVR20TAPL201646,YX200FMG23210936,10/28/2026,10/28/2028,DINAS LINGKUNGAN HIDUP,BAIK,AKTIF,TERCATAT DI BKAD
KTVP 4565, ,DINAS LINGKUNGAN HIDUP,KANTOR DINAS LINGKUNGAN HIDUP,R,VIAR,V 20 RL M/T,2023,MGRVR20TAPL202347,YX200FMG23211189,10/28/2026,10/28/2028,DINAS LINGKUNGAN HIDUP,BAIK,AKTIF,TERCATAT DI BKAD
KTVP 4566, ,DINAS LINGKUNGAN HIDUP,KANTOR DINAS LINGKUNGAN HIDUP,R,VIAR,V 20 RL M/T,2023,MGRVR20TAPL202349,YX200FMG23210982,10/28/2026,10/28/2028,DINAS LINGKUNGAN HIDUP,BAIK,AKTIF,TERCATAT DI BKAD
KTVP 4568, ,DINAS LINGKUNGAN HIDUP,KANTOR DINAS LINGKUNGAN HIDUP,R,VIAR,V 20 RL M/T,2023,MGRVR20TAPL202250,YX200FMG23211249,10/28/2026,10/28/2028,DINAS LINGKUNGAN HIDUP,BAIK,AKTIF,TERCATAT DI BKAD
KTVP 4569,KTV  3090,DINAS TENAGA KERJA DAN TRANSMIGRASI,DINSOSNAKER,R,YAMAHA,55S (T135SEC),2012,MH355S002CK086543,55S-086532,6/26/2027,6/26/2027,DINAS TENAGA KERJA DAN TRANSMIGRASI,BAIK,AKTIF,TERCATAT DI BKAD
KTVP 4570,KTV  4356,DINAS PERTANIAN,PEMKAB PPU,R,HONDA,NF100 SL,2006,MH1HB31156K623160,HB31E1614798,1/24/2027,1/24/2027,DINAS PERTANIAN,RUSAK BERAT,TIDAK AKTIF,TERCATAT DI BKAD
KTVP 4571,KTV  4389,"DINAS PENDIDIKAN, PEMUDA DAN OLAHRAGA",PEMKAB PPU,R,HONDA,NF100 SL,2006,MH1HB31186K622570,HB31E-1609424,1/24/2027,1/24/2027,DISDIKPORA,BAIK,AKTIF,TERCATAT DI BKAD
KTVP 4572,KTV  4390,"DINAS PENDIDIKAN, PEMUDA DAN OLAHRAGA",PEMKAB PPU,R,HONDA,NF100 SL,2006,MH1HB311X6K470470,HB31E-1459306,2/19/2027,2/19/2027,DISDIKPORA,RUSAK BERAT,TIDAK AKTIF,TERCATAT DI BKAD
KTVP 4573,KTV  4361,"DINAS PENDIDIKAN, PEMUDA DAN OLAHRAGA",PEMKAB PPU,R,HONDA,NF100 SL,2006,MH1HB31176K508334,HB31E-1521407,1/24/2027,1/24/2027,DISDIKPORA,RUSAK BERAT,TIDAK AKTIF,TERCATAT DI BKAD
KTVP 4574,KTV  3023,SEKRETARIAT DAERAH,PEMERINTAH KABUPATEN PPU,R,SUZUKI,FL 125 RCD,2011,MH8BF45SABJ113347,F496-ID-402068,1/3/2027,1/3/2027,SEKRETARIAT DAERAH,BAIK,AKTIF,TERCATAT DI BKAD
KTVP 4580, ,DINAS PERIKANAN,DINAS PERIKANAN KABUPATEN PENAJAM PASER,R,HONDA,B5D02K29M2 M/T,2023,MH1KC0215PK216795,KC02E1216322,11/29/2026,11/29/2028,DINAS PERIKANAN,BAIK,AKTIF,TERCATAT DI BKAD
KTVP 4582, ,DINAS PERIKANAN,DINAS PERIKANAN KABUPATEN PENAJAM PASER,R,HONDA,B5D02K29M2 M/T,2023,MH1KC0216PK220032,KC02E1219585,11/29/2026,11/29/2028,DINAS PERIKANAN,BAIK,AKTIF,TERCATAT DI BKAD
KTVP 4583, ,DINAS PERIKANAN,DINAS PERIKANAN KABUPATEN PENAJAM PASER,R,HONDA,B5D02K29M2 M/T,2023,MH1KC0219PK220333,KC02E1219980,11/29/2026,11/29/2028,DINAS PERIKANAN,BAIK,AKTIF,TERCATAT DI BKAD
KTVP 4584, ,DINAS PERIKANAN,DINAS PERIKANAN KABUPATEN PENAJAM PASER,R,HONDA,B5D02K29M2 M/T,2023,MH1KC0218PK220260,KC02E1219645,11/29/2026,11/29/2028,DINAS PERIKANAN,BAIK,AKTIF,TERCATAT DI BKAD
KTVP 4585, ,DINAS PERIKANAN,DINAS PERIKANAN KABUPATEN PENAJAM PASER,R,HONDA,B5D02K29M2 M/T,2023,MH1KC0214PK221602,KC02E1221150,11/29/2026,11/29/2028,DINAS PERIKANAN,BAIK,AKTIF,TERCATAT DI BKAD
KTVP 4586, ,DINAS PERIKANAN,DINAS PERIKANAN KABUPATEN PENAJAM PASER,R,HONDA,B5D02K29M2 M/T,2023,MH1KC0216PK217194,KC02E1216647,11/29/2026,11/29/2028,DINAS PERIKANAN,BAIK,AKTIF,TERCATAT DI BKAD
KTVP 4587, ,DINAS PERIKANAN,DINAS PERIKANAN KABUPATEN PENAJAM PASER,R,HONDA,B5D02K29M2 M/T,2023,MH1KC0210PK222004,KC02E1221552,11/29/2026,11/29/2028,DINAS PERIKANAN,BAIK,AKTIF,TERCATAT DI BKAD
KTVP 4596,KTV  4321,DINAS PERTANIAN,DINAS PERTANIAN,R,HONDA,GL160 D,2006,MH1KC1114G6037024,KC11E-1036666,1/15/2027,1/15/2027,DINAS PERTANIAN,RUSAK BERAT,TIDAK AKTIF,TERCATAT DI BKAD
KTVP 4597, ,SEKRETARIAT DAERAH,SEKRETARIAT DAERAH KABUPATEN PENAJAM PAS,R,KAWASAKI,LX150M,2023,MH4LX150MPJP01685,LX150KEP04641,12/12/2026,12/12/2028,SEKKAB PPU,BAIK,AKTIF,TIDAK ADA KETERANGAN
KTVP 4598, ,SEKRETARIAT DAERAH,SEKRETARIAT DAERAH KABUPATEN PENAJAM PAS,R,KAWASAKI,LX150L,2023,MH4LX150LPJP04506,LX150KEP19648,12/12/2026,12/12/2028,SEKKAB PPU,BAIK,AKTIF,TIDAK ADA KETERANGAN
KTVP 4601, ,BADAN PENANGGULANGAN BENCANA DAERAH,BADAN PENANGGULANGAN BENCANA DAERAH KAB.,R,YAMAHA,UE11 CAST WHEEL,2023,MH3UE1120PJ387428,E3R5E0399946,12/12/2026,12/12/2028,BADAN PENANGGULANGAN BENCANA DAERAH,BAIK,AKTIF,TERCATAT DI BKAD
KTVP 4602, ,"DINAS PERUMAHAN, KAWASAN PERMUKIMAN DAN PERTANAHAN",DINAS PERUMAHAN KAWASAN PEMUKIMAN DAN PE,R,YAMAHA,BK8 M/T,2023,MH3RG4610PK152481,G3E7E0530163,12/12/2026,12/12/2028,DINAS PERUMAHAN KAWASAN PERMUKIMAN DAN PERTAMANAN,BAIK,AKTIF,TERCATAT DI BKAD
KTVP 4607, ,"BADAN PERENCANAAN, PENELITIAN DAN PENGEMBANGAN",BADAN PERENCANAAN PENELITIAN DAN PENGEMB,R,YAMAHA,2PV R M/T,2023,MH3UG0750PK178312,G3E6E0718742,12/12/2026,12/12/2028,"BADAN PERENCANAAN, PENELITIAN DAN PENGEMBANGAN",BAIK,AKTIF,TERCATAT DI BKAD
KTVP 4608, ,"BADAN PERENCANAAN, PENELITIAN DAN PENGEMBANGAN",BADAN PERENCANAAN PENELITIAN DAN PENGEMB,R,YAMAHA,2PV R M/T,2023,MH3UG0750PK181570,G3E6E0721985,12/12/2026,12/12/2028,"BADAN PERENCANAAN, PENELITIAN DAN PENGEMBANGAN",BAIK,AKTIF,TERCATAT DI BKAD
KTVP 4609, ,"BADAN PERENCANAAN, PENELITIAN DAN PENGEMBANGAN",BADAN PERENCANAAN PENELITIAN DAN PENGEMB,R,YAMAHA,2PV R M/T,2023,MH3UG0750PK181566,G3E6E0721981,12/12/2026,12/12/2028,"BADAN PERENCANAAN, PENELITIAN DAN PENGEMBANGAN",BAIK,AKTIF,TERCATAT DI BKAD
KTVP 4610, ,"BADAN PERENCANAAN, PENELITIAN DAN PENGEMBANGAN",BADAN PERENCANAAN PENELITIAN DAN PENGEMB,R,YAMAHA,2PV R M/T,2023,MH3UG0750PK179451,G3E6E0719826,12/12/2026,12/12/2028,"BADAN PERENCANAAN, PENELITIAN DAN PENGEMBANGAN",BAIK,AKTIF,TERCATAT DI BKAD
KTVP 3309,,KELURAHAN SUNGAI PARIT,KANTOR KELURAHAN SUNGAI PARIT,R,YAMAHA,1 PA,2014,MH31PA004EK706108,1PA-705159,12/15/2025,12/15/2029,KELURAHAN SUNGAI PARIT,BAIK,AKTIF,TERCATAT DI BKAD
KTVP 4612, ,KECAMATAN BABULU,KANTOR KECAMATAN BABULU,R,YAMAHA,B3W-S A/T,2023,MH3SEG720PJ070702,E32XE0100107,12/12/2026,12/12/2028,KECAMATAN BABULU,BAIK,AKTIF,TERCATAT DI BKAD
KTVP 4613, ,DINAS PERIKANAN,DINAS PERIKANAN KABUPATEN PENAJAM PASER,R,YAMAHA,B6H-F A/T,2023,MH3SG5670PJ389185,G3L8E1849486,12/12/2026,12/12/2028,DINAS PERIKANAN,BAIK,AKTIF,TERCATAT DI BKAD
KTVP 4614, ,BADAN PENANGGULANGAN BENCANA DAERAH,BADAN PENANGGULANGAN BENCANA DAERAH KAB.,R,YAMAHA,UE11 CAST WHEEL,2023,MH3UE1120PJ386669,E3R5E0399185,12/12/2026,12/12/2028,BADAN PENANGGULANGAN BENCANA DAERAH,BAIK,AKTIF,TERCATAT DI BKAD
KTVP 4615, ,BADAN PENANGGULANGAN BENCANA DAERAH,BADAN PENANGGULANGAN BENCANA DAERAH KAB.,R,YAMAHA,B3M M/T,2023,MH3DG3710PK058626,G3N6E0063205,12/12/2026,12/12/2028,BADAN PENANGGULANGAN BENCANA DAERAH,BAIK,AKTIF,TERCATAT DI BKAD
KTVP 4616, ,BADAN PENANGGULANGAN BENCANA DAERAH,BADAN PENANGGULANGAN BENCANA DAERAH KAB.,R,YAMAHA,UE11 CAST WHEEL,2023,MH3UE1120PJ384439,E3R5E0396956,12/12/2026,12/12/2028,BADAN PENANGGULANGAN BENCANA DAERAH,BAIK,AKTIF,TERCATAT DI BKAD
KTVP 4617, ,BADAN PENANGGULANGAN BENCANA DAERAH,BADAN PENANGGULANGAN BENCANA DAERAH KAB.,R,YAMAHA,UE11 CAST WHEEL,2023,MH3UE1120PJ295381,E3R5E0407896,12/12/2026,12/12/2028,BADAN PENANGGULANGAN BENCANA DAERAH,BAIK,AKTIF,TERCATAT DI BKAD
KTVP 4618,KTV  4369,"DINAS PENDIDIKAN, PEMUDA DAN OLAHRAGA",PEMKAB PPU,R,HONDA,NF100 SL,2006,MH1HB311X6K204429,HB31E-1194490,1/24/2027,1/24/2027,DISDIKPORA,RUSAK BERAT,TIDAK AKTIF,TERCATAT DI BKAD
KTVP 4626, ,"DINAS PERUMAHAN, KAWASAN PERMUKIMAN DAN PERTANAHAN","DINAS PERUMAHAN, KAWASAN PEMUKIMAN, DAN",R,KAWASAKI,LX150L,2023,MH4LX150LPJP03855,LX150KEP17202,12/22/2026,12/22/2028,DINAS PERUMAHAN KAWASAN PERMUKIMAN DAN PERTAMANAN,BAIK,AKTIF,TERCATAT DI BKAD
KTVP 4627, ,BADAN PENDAPATAN DAERAH,BADAN PENDAPATAN DAERAH (BAPENDA),R,YAMAHA,B6H A/T,2023,MH3SG5620PJ908067,G3L8E1964075,1/12/2027,1/12/2029,BADAN PENDAPATAN DAERAH,BAIK,AKTIF,TERCATAT DI BKAD
KTVP 4628, ,DINAS LINGKUNGAN HIDUP,DINAS LINGKUNGAN HIDUP KABUPATEN PENAJAM,R,YAMAHA,B6H-F A/T,2023,MH3SG5670PJ384295,G3L8E1834832,1/12/2027,1/12/2029,DINAS LINGKUNGAN HIDUP,BAIK,AKTIF,TERCATAT DI BKAD
KTVP 4629, ,KECAMATAN WARU,KECAMATAN WARU KABUPATEN PENAJAM PASER U,R,YAMAHA,B3M M/T,2023,MH3DG3710PK066621,G3N6E0071405,1/12/2026,1/12/2029,KECAMATAN WARU,BAIK,AKTIF,TERCATAT DI BKAD
KTVP 4630, ,DINAS PEKERJAAN UMUM DAN PENATAAN RUANG,DINAS PEKERJAAN UMUM DAN PENATAAN RUANG,R,YAMAHA,BEJ A/T,2023,MH3SEJ710PJ235924,E33WE0281312,1/12/2027,1/12/2029,DINAS PU DAN PENATAAN RUANG,BAIK,AKTIF,TERCATAT DI BKAD
KTVP 4631, ,DINAS PEKERJAAN UMUM DAN PENATAAN RUANG,DINAS PEKERJAAN UMUM DAN PENATAAN RUANG,R,YAMAHA,BKU A/T,2023,MH3SEJ910PJ031997,E31WE0223655,1/12/2027,1/12/2029,DINAS PU DAN PENATAAN RUANG,BAIK,AKTIF,TERCATAT DI BKAD
KTVP 4632, ,DINAS PEKERJAAN UMUM DAN PENATAAN RUANG,DINAS PEKERJAAN UMUM DAN PENATAAN RUANG,R,YAMAHA,BY8 A/T,2023,MH3SE88B0PJ159208,E3R4E0759364,1/12/2027,1/12/2029,DINAS PU DAN PENATAAN RUANG,BAIK,AKTIF,TERCATAT DI BKAD
KTVP 4633, ,DINAS PEKERJAAN UMUM DAN PENATAAN RUANG,DINAS PEKERJAAN UMUM DAN PENATAAN RUANG,R,YAMAHA,BT3-R M/T,2023,MH3RG4810PK042743,G3S7E0071641,1/12/2027,1/12/2029,DINAS PU DAN PENATAAN RUANG,BAIK,AKTIF,TERCATAT DI BKAD
KTVP 4634, ,DINAS PEKERJAAN UMUM DAN PENATAAN RUANG,DINAS PEKERJAAN UMUM DAN PENATAAN RUANG,R,YAMAHA,BT3-R M/T,2023,MH3RG4810PK042950,G3S7E0074347,1/12/2027,1/12/2029,DINAS PU DAN PENATAAN RUANG,BAIK,AKTIF,TERCATAT DI BKAD
KTVP 4635, ,DINAS PEKERJAAN UMUM DAN PENATAAN RUANG,DINAS PEKERJAAN UMUM DAN PENATAAN RUANG,R,YAMAHA,BY8 A/T,2023,MH3SE88B0PJ155138,E3R4E0755293,1/12/2027,1/12/2029,DINAS PU DAN PENATAAN RUANG,BAIK,AKTIF,TERCATAT DI BKAD
KTVP 4636, ,DINAS PERTANIAN,DINAS PERTANIAN KABUPATEN PENAJAM PASER,R,YAMAHA,UE11 CAST WHEEL,2023,MH3UE1120PJ384884,E3R5E0397400,1/12/2027,1/12/2029,DINAS PERTANIAN,BAIK,AKTIF,TERCATAT DI BKAD
KTVP 4637, ,DINAS PERTANIAN,DINAS PERTANIAN KABUPATEN PENAJAM PASER,R,YAMAHA,UE11 CAST WHEEL,2023,MH3UE1120PJ395584,E3R5E0408100,1/12/2027,1/12/2029,DINAS PERTANIAN,BAIK,AKTIF,TERCATAT DI BKAD
KTVP 4638, ,DINAS PERTANIAN,DINAS PERTANIAN KABUPATEN PENAJAM PASER,R,YAMAHA,UE11 CAST WHEEL,2023,MH3UE1120PJ366852,E3R5E0379368,1/12/2027,1/12/2029,DINAS PERTANIAN,BAIK,AKTIF,TERCATAT DI BKAD
KTVP 4639, ,DINAS PERTANIAN,DINAS PERTANIAN KABUPATEN PENAJAM PASER,R,YAMAHA,UE11 CAST WHEEL,2023,MH3UE1120PJ392299,E3R5E0404815,1/12/2027,1/12/2029,DINAS PERTANIAN,BAIK,AKTIF,TERCATAT DI BKAD
KTVP 4640, ,DINAS PERTANIAN,DINAS PERTANIAN KABUPATEN PENAJAM PASER,R,YAMAHA,UE11 CAST WHEEL,2023,MH3UE1120PJ375085,E3R5E0387600,1/12/2027,1/12/2029,DINAS PERTANIAN,BAIK,AKTIF,TERCATAT DI BKAD
KTVP 4641, ,DINAS PERTANIAN,DINAS PERTANIAN KABUPATEN PENAJAM PASER,R,YAMAHA,UE11 CAST WHEEL,2023,MH3UE1120PJ395574,E3R5E0408090,1/12/2027,1/12/2029,DINAS PERTANIAN,BAIK,AKTIF,TERCATAT DI BKAD
KTVP 4642, ,DINAS PERTANIAN,DINAS PERTANIAN KABUPATEN PENAJAM PASER,R,YAMAHA,UE11 CAST WHEEL,2023,MH3UE1120PJ395612,E3R5E0408133,1/12/2027,1/12/2029,DINAS PERTANIAN,BAIK,AKTIF,TERCATAT DI BKAD
KTVP 4643, ,DINAS PERTANIAN,DINAS PERTANIAN KABUPATEN PENAJAM PASER,R,YAMAHA,UE11 CAST WHEEL,2023,MH3UE1120PJ395617,E3R5E0408138,1/12/2027,1/12/2029,DINAS PERTANIAN,BAIK,AKTIF,TERCATAT DI BKAD
KTVP 4645, ,DINAS PERTANIAN,DINAS PERTANIAN KABUPATEN PENAJAM PASER,R,YAMAHA,UE11 CAST WHEEL,2023,MH3UE1120PJ397942,E3R5E0410459,1/12/2027,1/12/2029,DINAS PERTANIAN,BAIK,AKTIF,TERCATAT DI BKAD
KTVP 4647, ,DINAS PERTANIAN,DINAS PERTANIAN KABUPATEN PENAJAM PASER,R,YAMAHA,UE11 CAST WHEEL,2023,MH3UE1120PJ376798,E3R5E0389314,1/12/2027,1/12/2029,DINAS PERTANIAN,BAIK,AKTIF,TERCATAT DI BKAD
KTVP 4648, ,DINAS PERTANIAN,DINAS PERTANIAN KABUPATEN PENAJAM PASER,R,YAMAHA,UE11 CAST WHEEL,2023,MH3UE1120PJ376799,E3R5E0389315,1/12/2027,1/12/2029,DINAS PERTANIAN,BAIK,AKTIF,TERCATAT DI BKAD
KTVP 4649, ,DINAS PERTANIAN,DINAS PERTANIAN KABUPATEN PENAJAM PASER,R,YAMAHA,UE11 CAST WHEEL,2023,MH3UE1120PJ384671,E3R5E0397186,1/12/2027,1/12/2029,DINAS PERTANIAN,BAIK,AKTIF,TERCATAT DI BKAD
KTVP 4650, ,DINAS PERTANIAN,DINAS PERTANIAN KABUPATEN PENAJAM PASER,R,YAMAHA,UE11 CAST WHEEL,2023,MH3UE1120PJ397075,E3R5E0409566,1/12/2027,1/12/2029,DINAS PERTANIAN,BAIK,AKTIF,TERCATAT DI BKAD
KTVP 4651, ,DINAS PERTANIAN,DINAS PERTANIAN KABUPATEN PENAJAM PASER,R,YAMAHA,UE11 CAST WHEEL,2023,MH3UE1120PJ399047,E3R5E0411563,1/12/2027,1/12/2029,DINAS PERTANIAN,BAIK,AKTIF,TERCATAT DI BKAD
KTVP 4652, ,DINAS PERTANIAN,DINAS PERTANIAN KABUPATEN PENAJAM PASER,R,YAMAHA,B6H-AI A/T,2023,MH3SG5680PK207019,G3L8E1909047,1/12/2027,1/12/2029,DINAS PERTANIAN,BAIK,AKTIF,TERCATAT DI BKAD
KTVP 4653, ,DINAS PERTANIAN,DINAS PERTANIAN KABUPATEN PENAJAM PASER,R,YAMAHA,B6H-AI A/T,2023,MH3SG5680PK207295,G3L8E1909552,1/12/2027,1/12/2029,DINAS PERTANIAN,BAIK,AKTIF,TERCATAT DI BKAD
KTVP 4654, ,DINAS PERTANIAN,DINAS PERTANIAN KABUPATEN PENAJAM PASER,R,YAMAHA,B3M M/T,2023,MH3DG3710PK067436,G3N6E0072259,1/12/2027,1/12/2029,DINAS PERTANIAN,BAIK,AKTIF,TERCATAT DI BKAD
KTVP 4655, ,DINAS PERTANIAN,DINAS PERTANIAN KABUPATEN PENAJAM PASER,R,YAMAHA,B3M M/T,2023,MH3DG3710PK062732,G3N6E0067491,1/12/2027,1/12/2029,DINAS PERTANIAN,BAIK,AKTIF,TERCATAT DI BKAD
KTVP 4656, ,DINAS PERTANIAN,DINAS PERTANIAN KABUPATEN PENAJAM PASER,R,YAMAHA,B3M M/T,2023,MH3DG3710PK067854,G3N6E0072678,1/12/2027,1/12/2029,DINAS PERTANIAN,BAIK,AKTIF,TERCATAT DI BKAD
KTVP 4657, ,DINAS PERTANIAN,DINAS PERTANIAN KABUPATEN PENAJAM PASER,R,YAMAHA,B3M M/T,2023,MH3DG3710PK066764,G3N6E0071551,1/12/2027,1/12/2029,DINAS PERTANIAN,BAIK,AKTIF,TERCATAT DI BKAD
KTVP 4658, ,DINAS PERTANIAN,DINAS PERTANIAN KABUPATEN PENAJAM PASER,R,YAMAHA,B3M M/T,2023,MH3DG3710PK066837,G3N6E0071649,1/12/2027,1/12/2029,DINAS PERTANIAN,BAIK,AKTIF,TERCATAT DI BKAD
KTVP 4659, ,"DINAS KOPERASI, UKM, PERINDUSTRIAN DAN PERDAGANGAN","DINAS KOPERASI, UKM, PERINDUSTRIAN DAN P",R,YAMAHA,BBP-A A/T,2023,MH3SG6420PJ067998,G3P4E0226642,1/12/2027,1/12/2029,DISKUKMPERINDAG,BAIK,AKTIF,TERCATAT DI BKAD
KTVP 4660, ,"DINAS KOPERASI, UKM, PERINDUSTRIAN DAN PERDAGANGAN","DINAS KOPERASI, UKM, PERINDUSTRIAN DAN P",R,YAMAHA,B3F-FA A/T,2023,MH3SEF340PJ005862,E31VE0343994,1/12/2027,1/12/2029,DISKUKMPERINDAG,BAIK,AKTIF,TERCATAT DI BKAD
KTVP 4661, ,SEKRETARIAT DPRD,SEKRETARIAT DPRD KABUPATEN PENAJAM PASER,R,YAMAHA,B6H-F A/T,2023,MH3SG5670PK390906,G3L8E1854613,1/12/2027,1/12/2029,SEKRETARIAT DPRD,BAIK,AKTIF,TERCATAT DI BKAD
KTVP 4662, ,DINAS PERIKANAN,DINAS PERIKANAN KABUPATEN PENAJAM PASER,R,YAMAHA,B6H-F A/T,2023,MH3SG5670PK355604,G3L8E1741498,1/12/2026,1/12/2029,DINAS PERIKANAN,BAIK,AKTIF,TERCATAT DI BKAD
KTVP 4663, ,"DINAS PENDIDIKAN, PEMUDA DAN OLAHRAGA",DINAS PENDIDIKAN PEMUDA DAN OLAH RAGA KA,R,YAMAHA,SE 88,2023,MH3SE88H0PJ530244,E3R2E3473719,1/12/2027,1/12/2029,DISDIKPORA,BAIK,AKTIF,TERCATAT DI BKAD
KTVP 4665, ,SEKRETARIAT DAERAH,SEKRETARIAT DAERAH KABUPATEN PENAJAM PAS,R,YAMAHA,BKU A/T,2023,MH3SEJ910PJ031053,E31WE0222710,1/12/2027,1/12/2029,SEKRETARIAT DAERAH,BAIK,AKTIF,TERCATAT DI BKAD
KTVP 4672, ,KELURAHAN SOTEK,KANTOR KELURAHAN SOTEK,R,YAMAHA,BKU A/T,2023,MH3SEJ910PJ026323,E31WE0217981,1/12/2027,1/12/2029,KELURAHAN SOTEK,BAIK,AKTIF,TERCATAT DI BKAD
KTVP 4673, ,KELURAHAN SOTEK,KANTOR KELURAHAN SOTEK,R,YAMAHA,BKU A/T,2023,MH3SEJ910PJ031994,E31WE0223652,1/12/2027,1/12/2029,KELURAHAN SOTEK,BAIK,AKTIF,TERCATAT DI BKAD
KTVP 4674, ,KELURAHAN SOTEK,KANTOR KELURAHAN SOTEK,R,YAMAHA,BKU A/T,2023,MH3SEJ910PJ031964,E31WE0223622,1/12/2027,1/12/2029,KELURAHAN SOTEK,BAIK,AKTIF,TERCATAT DI BKAD
KTVP 4675, ,KELURAHAN SOTEK,KANTOR KELURAHAN SOTEK,R,YAMAHA,BKU A/T,2023,MH3SEJ910PJ030908,E31WE0222565,1/12/2027,1/12/2029,KELURAHAN SOTEK,BAIK,AKTIF,TERCATAT DI BKAD
KTVP 4676, ,KELURAHAN SOTEK,KANTOR KELURAHAN SOTEK,R,YAMAHA,BKU A/T,2023,MH3SEJ910PJ030727,E31WE0222386,1/12/2027,1/12/2029,KELURAHAN SOTEK,BAIK,AKTIF,TERCATAT DI BKAD
KTVP 4677, ,DINAS SOSIAL,DINAS SOSIAL KABUPATEN PENAJAM PASER UTA,R,YAMAHA,UE11 CAST WHEEL,2023,MH3UE1120PJ396953,E3R5E0409469,1/12/2027,1/12/2029,DINAS SOSIAL,BAIK,AKTIF,TERCATAT DI BKAD
KTVP 4366,KTV  3106,KELURAHAN SUNGAI PARIT,KELURAHAN SUNGAI PARIT,R,YAMAHA,45P (BYSON),2012,MH345P002CK119534,45P-129538,7/17/2025,7/17/2027,KELURAHAN SUNGAI PARIT,BAIK,AKTIF,TERCATAT DI BKAD
KTVP 9036,,KELURAHAN SUNGAI PARIT,KELURAHAN SUNGAI PARIT,C,SUZUKI,GC415V APV SDX MT,2015,MHYGDN42VFJ403407,G15AID-361971,12/29/2025,12/29/2025,KELURAHAN SUNGAI PARIT,BAIK,AKTIF,TERCATAT DI BKAD
KTVP 4681, ,DINAS SOSIAL,DINAS SOSIAL KABUPATEN PENAJAM PASER UTA,R,YAMAHA,UE11 CAST WHEEL,2023,MH3UE1120PJ396893,E3R5E0409412,1/12/2027,1/12/2029,DINAS SOSIAL,BAIK,AKTIF,TERCATAT DI BKAD
KTVP 4686, ,INSPEKTORAT DAERAH,INSPEKTORAT DAERAH PEMERINTAHAN KABUPATE,R,YAMAHA,B3F-I A/T,2023,MH3SEF310PJ273131,E31VE0346224,1/23/2027,1/23/2029,INSPEKTORAT DAERAH,BAIK,AKTIF,TERCATAT DI BKAD
KTVP 4687, ,INSPEKTORAT DAERAH,INSPEKTORAT DAERAH PEMERINTAHAN KABUPATE,R,YAMAHA,B3F-I A/T,2023,MH3SEF310PJ273274,E31VE0346366,1/23/2027,1/23/2029,INSPEKTORAT DAERAH,BAIK,AKTIF,TERCATAT DI BKAD
KTVP 4688, ,INSPEKTORAT DAERAH,INSPEKTORAT DAERAH PEMERINTAHAN KABUPATE,R,YAMAHA,B3F-I A/T,2023,MH3SEF310PJ273279,E31VE0346371,1/23/2027,1/23/2029,INSPEKTORAT DAERAH,BAIK,AKTIF,TERCATAT DI BKAD
KTVP 4689, ,INSPEKTORAT DAERAH,INSPEKTORAT DAERAH PEMERINTAHAN KABUPATE,R,YAMAHA,B6H-AI A/T,2023,MH3SG5680PK206652,G3L8E1906667,1/23/2027,1/23/2029,INSPEKTORAT DAERAH,BAIK,AKTIF,TERCATAT DI BKAD
KTVP 4690, ,INSPEKTORAT DAERAH,INSPEKTORAT DAERAH PEMERINTAHAN KABUPATE,R,YAMAHA,B6H-AI A/T,2023,MH3SG5680PK206699,G3L8E1906706,1/23/2027,1/23/2029,INSPEKTORAT DAERAH,BAIK,AKTIF,TERCATAT DI BKAD
KTVP 4691, ,INSPEKTORAT DAERAH,INSPEKTORAT DAERAH PEMERINTAHAN KABUPATE,R,YAMAHA,B6H-AI A/T,2023,MH3SG5680PK207095,G3L8E1909200,1/23/2027,1/23/2029,INSPEKTORAT DAERAH,BAIK,AKTIF,TERCATAT DI BKAD
KTVP 4692, ,BADAN KEPEGAWAIAN DAN PENGEMBANGAN SUMBER DAYA MANUSIA,BADAN KEPEGAWAIAN PENDIDIKAN DAN PELATIH,R,YAMAHA,B6H A/T,2023,MH3SG5620PJ889965,G3L8E1920863,1/23/2027,1/23/2029, BADAN KEPEGAWAIAN DAN PENGEMBANGAN SUMBER DAYA MANUSIA,BAIK,AKTIF,TERCATAT DI BKAD
KTVP 4693, ,BADAN KEPEGAWAIAN DAN PENGEMBANGAN SUMBER DAYA MANUSIA,BADAN KEPEGAWAIAN PENDIDIKAN DAN PELATIH,R,YAMAHA,B6H A/T,2023,MH3SG5620PJ894726,G3L8E1932143,1/23/2027,1/23/2029, BADAN KEPEGAWAIAN DAN PENGEMBANGAN SUMBER DAYA MANUSIA,BAIK,AKTIF,TERCATAT DI BKAD
KTVP 4694, ,DINAS PEKERJAAN UMUM DAN PENATAAN RUANG,DINAS PEKERJAAN UMUM DAN PENATAAN RUANG,R,YAMAHA,B3M M/T,2023,MH3DG3710PK067307,G3N6E0072130,1/23/2027,1/23/2029,DINAS PU DAN PENATAAN RUANG,BAIK,AKTIF,TERCATAT DI BKAD
KTVP 4695, ,RSUD RATU AJI PUTRI BOTUNG,RSUD RATU AJI PUTRI BOTUNG,R,YAMAHA,B6H A/T,2023,MH3SG5620PJ881533,G3L8E1893791,1/23/2027,1/23/2029,RSUD,BAIK,AKTIF,TERCATAT DI BKAD
KTVP 4696, ,RSUD RATU AJI PUTRI BOTUNG,RSUD RATU AJI PUTRI BOTUNG,R,YAMAHA,B6H A/T,2023,MH3SG5620PJ881542,G3L8E1893801,1/23/2027,1/23/2029,RSUD,BAIK,AKTIF,TERCATAT DI BKAD
KTVP 4697, ,RSUD RATU AJI PUTRI BOTUNG,RSUD RATU AJI PUTRI BOTUNG,R,YAMAHA,B6H A/T,2023,MH3SG5620PJ892173,G3L8E1925610,1/23/2027,1/23/2029,RSUD,BAIK,AKTIF,TERCATAT DI BKAD
KTVP 4698, ,RSUD RATU AJI PUTRI BOTUNG,RSUD RATU AJI PUTRI BOTUNG,R,YAMAHA,B6H A/T,2023,MH3SG5620PJ906132,G3L8E1959322,1/23/2027,1/23/2029,RSUD,BAIK,AKTIF,TERCATAT DI BKAD
KTVP 4699, ,RSUD RATU AJI PUTRI BOTUNG,RSUD RATU AJI PUTRI BOTUNG,R,YAMAHA,B6H A/T,2023,MH3SG5620PJ906749,G3L8E1959416,1/23/2027,1/23/2029,RSUD,BAIK,AKTIF,TERCATAT DI BKAD
KTVP 4701, ,RSUD RATU AJI PUTRI BOTUNG,RSUD RATU AJI PUTRI BOTUNG,R,YAMAHA,B6H A/T,2023,MH3SG5620PJ907292,G3L8E1961780,1/23/2027,1/23/2029,RSUD,BAIK,AKTIF,TERCATAT DI BKAD
KTVP 4702, ,RSUD RATU AJI PUTRI BOTUNG,RSUD RATU AJI PUTRI BOTUNG,R,YAMAHA,B6H A/T,2023,MH3SG5620PJ909602,G3L8E1968309,1/23/2027,1/23/2029,RSUD,BAIK,AKTIF,TERCATAT DI BKAD
KTVP 4703, ,RSUD RATU AJI PUTRI BOTUNG,RSUD RATU AJI PUTRI BOTUNG,R,YAMAHA,B6H A/T,2023,MH3SG5620PJ909674,G3L8E1968472,1/23/2027,1/23/2029,RSUD,BAIK,AKTIF,TERCATAT DI BKAD
KTVP 4704, ,RSUD RATU AJI PUTRI BOTUNG,RSUD RATU AJI PUTRI BOTUNG,R,YAMAHA,B6H A/T,2023,MH3SG5620PJ909793,G3L8E1968591,1/23/2027,1/23/2029,RSUD,BAIK,AKTIF,TERCATAT DI BKAD
KTVP 4708, ,SEKRETARIAT DAERAH,SEKRETARIAT DAERAH KABUPATEN PENAJAM PAS,R,HONDA,F1C02N46L0 A/T,2023,MH1JM0417PK651212,JM04E1648230,1/30/2027,1/30/2029,SEKRETARIAT DAERAH,BAIK,AKTIF,TERCATAT DI BKAD
KTVP 4709, ,BADAN KEUANGAN DAN ASET DAERAH,BADAN KEUANGAN DAN ASET DAERAH KABUPATEN,R,HONDA,T4G02T31L0 MT,2023,MH1KD1111PK456902,KD11E1456147,1/30/2027,1/30/2029,BADAN KEUANGAN DAN ASET DAERAH,BAIK,AKTIF,TERCATAT DI BKAD
KTVP 4710, ,BADAN KEUANGAN DAN ASET DAERAH,BADAN KEUANGAN DAN ASET DAERAH KABUPATEN,R,HONDA,T4G02T31L0 MT,2023,MH1KD1117PK457519,KD11E1456796,1/30/2027,1/30/2029,BADAN KEUANGAN DAN ASET DAERAH,BAIK,AKTIF,TERCATAT DI BKAD
KTVP 4711, ,"DINAS PERUMAHAN, KAWASAN PERMUKIMAN DAN PERTANAHAN",KANTOR DINAS PERUMAHAN KAWASAN PEMUKIMAN,R,VIAR,V 20 RL M/T,2023,MGRVR20TAPL404258,YX200FMG23404131,1/30/2027,1/30/2029,DINAS PERUMAHAN KAWASAN PERMUKIMAN DAN PERTAMANAN,BAIK,AKTIF,TERCATAT DI BKAD
KTVP 4713, ,"DINAS KOPERASI, UKM, PERINDUSTRIAN DAN PERDAGANGAN",KANTOR DINAS KOPERSAI UKM PERINDUSTRIAN,R,VIAR,V 15 RL M/T,2023,MGRVR15TAPL402577,YX161FMG23401987,2/6/2027,2/6/2029,DISKUKMPERINDAG,BAIK,AKTIF,TERCATAT DI BKAD
KTVP 4714, ,BADAN KEUANGAN DAN ASET DAERAH,BADAN KEUANGAN DAN ASET DAERAH KABUPATEN,R,HONDA,AFX12U21C08 M/T,2023,MH1JBP125PK005307,JBP1E2005437,2/7/2027,2/7/2029,BADAN KEUANGAN DAN ASET DAERAH,BAIK,AKTIF,TERCATAT DI BKAD
KTVP 4715, ,BADAN KEUANGAN DAN ASET DAERAH,BADAN KEUANGAN DAN ASET DAERAH KABUPATEN,R,HONDA,AFX12U21C08 M/T,2023,MH1JBP122PK006110,JBP1E2006116,2/7/2027,2/7/2029,BADAN KEUANGAN DAN ASET DAERAH,BAIK,AKTIF,TERCATAT DI BKAD
KTVP 4716, ,DINAS PERTANIAN,DINAS PERTANIAN KABUPATEN PENAJAM PASER,R,YAMAHA,UE11 CAST WHEEL,2023,MH3UE1120PJ399623,E3R5E0412143,2/19/2027,2/19/2029,DINAS PERTANIAN,BAIK,AKTIF,TERCATAT DI BKAD
KTVP 4717, ,DINAS PERTANIAN,DINAS PERTANIAN KABUPATEN PENAJAM PASER,R,YAMAHA,UE11 CAST WHEEL,2023,MH3UE1120PJ398556,E3R5E0411075,2/19/2027,2/19/2029,DINAS PERTANIAN,BAIK,AKTIF,TERCATAT DI BKAD
KTVP 4718, ,DINAS PEKERJAAN UMUM DAN PENATAAN RUANG,DINAS PEKERJAAN UMUM DAN PENATAAN RUANG,R,KAWASAKI,LX150M,2023,MH4LX150MPJP05997,LX150KEP19966,2/23/2027,2/23/2029,DINAS PU DAN PENATAAN RUANG,BAIK,AKTIF,TERCATAT DI BKAD
KTVP 4719, ,DINAS PEKERJAAN UMUM DAN PENATAAN RUANG,DINAS PEKERJAAN UMUM DAN PENATAAN RUANG,R,KAWASAKI,LX150L,2023,MH4LX150LPJP04072,LX150KEP18009,2/23/2027,2/23/2029,DINAS PU DAN PENATAAN RUANG,BAIK,AKTIF,TERCATAT DI BKAD
KTVP 4720, ,DINAS PEKERJAAN UMUM DAN PENATAAN RUANG,DINAS PEKERJAAN UMUM DAN PENATAAN RUANG,R,KAWASAKI,LX150L,2023,MH4LX150LPJP04145,LX150KEP18488,2/23/2027,2/23/2029,DINAS PU DAN PENATAAN RUANG,BAIK,AKTIF,TERCATAT DI BKAD
KTVP 1024,,KETAHANAN PANGAN,KANTOR KETAHANAN PANGAN DAN PENYULUHAN,C,TOYOTA,KIJANG INNOVA G TGN40R-GKMDKD,2013,MHFXW42G4D2275870,1TR-7690434,12/23/2025,12/23/2028,KETAHANAN PANGAN,BAIK,AKTIF,TERCATAT DI BKAD
KTVP 1387,KTV- 1175,KETAHANAN PANGAN,PEMKAB PPU,C,NISSAN,GRAND LIVINA XV MT,2009,MHBG1CG1F9J026718,HR15-938836A,11/17/2025,11/17/2029,KETAHANAN PANGAN,BAIK,AKTIF,TERCATAT DI BKAD
KTVP 3583,KTV- 3215,KETAHANAN PANGAN,KANTOR KETAHANAN PANGAN DAN PENYULUHAN,R,YAMAHA,3C1 (V-IXION/FZ150),2012,MH33C1205CK052851,3C1-1052620,12/19/2025,12/19/2027,KETAHANAN PANGAN,BAIK,AKTIF,TERCATAT DI BKAD
KTVP 4724, ,KELURAHAN SALOLOANG,KELURAHAN SALOLOANG KECAMATAN PENAJAM,R,KAWASAKI,LX150M,2023,MH4LX150MPJP05056,LX150KEP17469,2/28/2027,2/28/2029,KELURAHAN SALOLOANG,BAIK,AKTIF,TERCATAT DI BKAD
KTVP 4725, ,KELURAHAN SEPAN,KELURAHAN SEPAN KECAMATAN PENAJAM,R,KAWASAKI,LX150M,2023,MH4LX150MPJP05065,LX150KEP17470,2/28/2027,2/28/2029,KELURAHAN SEPAN,BAIK,AKTIF,TIDAK ADA KETERANGAN
KTVP 4726, ,KELURAHAN NIPAH-NIPAH,KELURAHAN NIPAH - NIPAH KECAMATAN PENAJA,R,KAWASAKI,LX150M,2023,MH4LX150MPJP03613,LX150KEP11817,2/28/2027,2/28/2029,KELURAHAN NIPAH-NIPAH,BAIK,AKTIF,TERCATAT DI BKAD
KTVP 3584,KTV- 3218,KETAHANAN PANGAN,KANTOR KETAHANAN PANGAN DAN PENYULUHAN,R,YAMAHA,1 DY,2012,MH31DY001CJ037455,1DY-037468,12/19/2025,12/19/2027,KETAHANAN PANGAN,BAIK,AKTIF,TERCATAT DI BKAD
KTVP 4728, ,KELURAHAN SOTEK,KELURAHAN SOTEK KECAMATAN PENAJAM,R,KAWASAKI,LX150M,2023,MH4LX150MPJP00462,LX150KEP01110,2/28/2027,2/28/2029,KELURAHAN SOTEK,BAIK,AKTIF,TERCATAT DI BKAD
KTVP 4729, ,KELURAHAN SOTEK,KELURAHAN SOTEK KECAMATAN PENAJAM,R,KAWASAKI,LX150M,2023,MH4LX150MPJP00443,LX150KEP00971,2/28/2027,2/28/2029,KELURAHAN SOTEK,BAIK,AKTIF,TERCATAT DI BKAD
KTVP 4730, ,KELURAHAN SOTEK,KELURAHAN SOTEK KECAMATAN PENAJAM,R,KAWASAKI,LX150M,2023,MH4LX150MPJP05456,LX150KEP18401,2/28/2027,2/28/2029,KELURAHAN SOTEK,BAIK,AKTIF,TERCATAT DI BKAD
KTVP 4731, ,KELURAHAN SOTEK,KELURAHAN SOTEK KECAMATAN PENAJAM,R,KAWASAKI,LX150M,2023,MH4LX150MPJP05467,LX150KEP18386,2/28/2027,2/28/2029,KELURAHAN SOTEK,BAIK,AKTIF,TERCATAT DI BKAD
KTVP 4732, ,KELURAHAN SOTEK,KELURAHAN SOTEK KECAMATAN PENAJAM,R,KAWASAKI,LX150M,2023,MH4LX150MPJP05591,LX150KEP18551,2/28/2027,2/28/2029,KELURAHAN SOTEK,BAIK,AKTIF,TERCATAT DI BKAD
KTVP 4733, ,KELURAHAN SOTEK,KELURAHAN SOTEK KECAMATAN PENAJAM,R,KAWASAKI,LX150M,2023,MH4LX150MPJP04899,LX150KEP17169,2/28/2027,2/28/2029,KELURAHAN SOTEK,BAIK,AKTIF,TERCATAT DI BKAD
KTVP 4734, ,KELURAHAN SOTEK,KELURAHAN SOTEK KECAMATAN PENAJAM,R,KAWASAKI,LX150M,2023,MH4LX150MPJP00450,LX150KEP01174,2/28/2027,2/28/2029,KELURAHAN SOTEK,BAIK,AKTIF,TERCATAT DI BKAD
KTVP 4735, ,KELURAHAN SOTEK,KELURAHAN SOTEK KECAMATAN PENAJAM,R,KAWASAKI,LX150M,2023,MH4LX150MPJP05397,LX150KEP18249,2/28/2027,2/28/2029,KELURAHAN SOTEK,BAIK,AKTIF,TERCATAT DI BKAD
KTVP 4736, ,KELURAHAN SOTEK,KELURAHAN SOTEK KECAMATAN PENAJAM,R,KAWASAKI,LX150M,2023,MH4LX150MPJP05403,LX150KEP18244,2/28/2027,2/28/2029,KELURAHAN SOTEK,BAIK,AKTIF,TERCATAT DI BKAD
KTVP 4737, ,KELURAHAN SOTEK,KELURAHAN SOTEK KECAMATAN PENAJAM,R,KAWASAKI,LX150M,2023,MH4LX150MPJP00768,LX150KEP02037,2/28/2027,2/28/2029,KELURAHAN SOTEK,BAIK,AKTIF,TERCATAT DI BKAD
KTVP 4738, ,KELURAHAN SOTEK,KELURAHAN SOTEK KECAMATAN PENAJAM,R,KAWASAKI,LX150M,2023,MH4LX150MPJP05396,LX150KEP18252,2/28/2027,2/28/2029,KELURAHAN SOTEK,BAIK,AKTIF,TERCATAT DI BKAD
KTVP 4739, ,KELURAHAN SOTEK,KELURAHAN SOTEK KECAMATAN PENAJAM,R,KAWASAKI,LX150M,2023,MH4LX150MPJP05461,LX150KEP18391,2/28/2027,2/28/2029,KELURAHAN SOTEK,BAIK,AKTIF,TERCATAT DI BKAD
KTVP 4740, ,KELURAHAN SOTEK,KELURAHAN SOTEK KECAMATAN PENAJAM,R,KAWASAKI,LX150M,2023,MH4LX150MPJP04746,LX150KEP16105,2/28/2027,2/28/2029,KELURAHAN SOTEK,BAIK,AKTIF,TERCATAT DI BKAD
KTVP 4741, ,KELURAHAN SOTEK,KELURAHAN SOTEK KECAMATAN PENAJAM,R,KAWASAKI,LX150M,2023,MH4LX150MPJP04122,LX150KEP13715,2/28/2027,2/28/2029,KELURAHAN SOTEK,BAIK,AKTIF,TERCATAT DI BKAD
KTVP 4742, ,KELURAHAN SOTEK,KELURAHAN SOTEK KECAMATAN PENAJAM,R,KAWASAKI,LX150M,2023,MH4LX150MPJP05471,LX150KEP18345,2/28/2027,2/28/2029,KELURAHAN SOTEK,BAIK,AKTIF,TERCATAT DI BKAD
KTVP 3586,KTV- 3216,KETAHANAN PANGAN,KANTOR KETAHANAN PANGAN DAN PENYULUHAN,R,YAMAHA,3C1 (V-IXION/FZ150),2012,MH33C1205CK009909,3C1-1009754,12/19/2025,12/19/2027,KETAHANAN PANGAN,BAIK,AKTIF,TERCATAT DI BKAD
KTVP 4746, ,DINAS LINGKUNGAN HIDUP,KANTOR DINAS LINGKUNGAN HIUDP,R,VIAR,V 20 RL M/T,2023,MGRVR20TAPL404508,YX200FMG23404264,3/15/2026,3/15/2029,DINAS LINGKUNGAN HIDUP,BAIK,AKTIF,TIDAK ADA KETERANGAN
KTVP 4749, ,DINAS LINGKUNGAN HIDUP,KANTOR DINAS LINGKUNGAN HIDUP,R,VIAR,V 20 RL M/T,2023,MGRVR20TAPL404544,YX200FMG23403627,3/15/2027,3/15/2029,DINAS LINGKUNGAN HIDUP,BAIK,AKTIF,TIDAK ADA KETERANGAN
KTVP 4750, ,DINAS LINGKUNGAN HIDUP,KANTOR DINAS LINGKUNGAN HIDUP,R,VIAR,V 20 RL M/T,2023,MGRVR20TAPL404545,YX200FMG23403623,3/15/2026,3/15/2029,DINAS LINGKUNGAN HIDUP,BAIK,AKTIF,TIDAK ADA KETERANGAN
KTVP 4751, ,DINAS LINGKUNGAN HIDUP,KANTOR DINAS LINGKUNGAN HIDUP,R,VIAR,V 20 RL M/T,2023,MGRVR20TAPL404818,YX200FMG23404172,3/15/2027,3/15/2029,DINAS LINGKUNGAN HIDUP,BAIK,AKTIF,TIDAK ADA KETERANGAN
KTVP 4752, ,DINAS LINGKUNGAN HIDUP,KANTOR DINAS LINGKUNGAN HIDUP,R,VIAR,V 20 RL M/T,2023,MGRVR20TAPL404822,YX200FMG23404144,3/15/2026,3/15/2029,DINAS LINGKUNGAN HIDUP,BAIK,AKTIF,TIDAK ADA KETERANGAN
KTVP 4753, ,DINAS LINGKUNGAN HIDUP,KANTOR DINAS LINGKUNGAN HIDUP,R,VIAR,V 20 RL M/T,2023,MGRVR20TAPL404816,YX200FMG23404258,3/15/2026,3/15/2029,DINAS LINGKUNGAN HIDUP,BAIK,AKTIF,TIDAK ADA KETERANGAN
KTVP 5427, ,DINAS PEKERJAAN UMUM DAN PENATAAN RUANG,DINAS PEKERJAAN UMUM DAN PENATAAN RUANG,R,YAMAHA,BKU A/T,2023,MH3SEJ910PJ031504,E31WE0223161,1/29/2027,1/29/2029,DINAS PU DAN PENATAAN RUANG,BAIK,AKTIF,TERCATAT DI BKAD
KTVP 5723,KTV- 2675,PENGELOLA (BKAD),SATPOL PP KAB.PPU,R,HONDA,GL160 D,2009,MH1KC11119K210972,KC11E - 1213010,5/28/2024,5/28/2024,PENGELOLA,RUSAK BERAT,TIDAK AKTIF,LELANG
KTVP 5724,KTV- 2676,PENGELOLA (BKAD),SATPOL PP KAB.PPU,R,HONDA,GL160 D,2009,MH1KC11159K207203,KC11E - 1209321,5/28/2024,5/28/2024,PENGELOLA,RUSAK BERAT,TIDAK AKTIF,LELANG
KTVP 7001,,SEKRETARIAT DAERAH,SEKRETARIAT DAERAH KAB.PPU,D,TOYOTA,HI ACE COMMUTER MT (KDH222R-LEMDY),2015,JTFSS22P5F0141915,2KD-A754982,5/26/2027,5/26/2030,SEKRETARIAT DAERAH,BAIK,AKTIF,TERCATAT DI BKAD
KTVP 7002,,SEKRETARIAT DAERAH,SEKRETARIAT DAERAH,D,TOYOTA,HI ACE COMMUTER MT (KDH222R-LEMDY),2015,JTFSS22P2F0149311,2KD-A886809,1/12/2027,1/12/2031,SEKRETARIAT DAERAH,BAIK,AKTIF,TERCATAT DI BKAD
KTVP 7014,KTV  7005,RSUD RATU AJI PUTRI BOTUNG,RSUD KAB. PENAJAM PASER UTARA,D,ISUZU,NHR 55 E2,2009,MHCNH55EY9J029090,M029090,5/31/2027,5/31/2030,RSUD,RUSAK BERAT,TIDAK AKTIF,TERCATAT DI BKAD
KTVP 7015, ,"DINAS PEMBERDAYAAN PEREMPUAN, PERLINDUNGAN ANAK, PENGENDALIAN PENDUDUK DAN KELUARGA BERENCANA",DINAS P3AP2KB KAB. PPU,D,TOYOTA,HI ACE COMMUTER MT (KDH222R-LEMDY),2021,JTFSS22P7M0195469,2KD-B088574,9/17/2026,9/17/2026,"DINAS PEMBERDAYAAN PEREMPUAN, PERLINDUNGAN ANAK, PENGENDALIAN PENDUDUK & KELUARGA BERENCANA",BAIK,AKTIF,TERCATAT DI BKAD
KTVP 7016,KTV  7002,PENGELOLA (BKAD),PEMKAB PPU,D,ISUZU,NHR 55 E2,2009,MHCNH55EY9J028619,M028619,1/20/2025,1/20/2025,PENGELOLA,Pinjam Pakai,TIDAK AKTIF,PINJAM PAKAI
KTVP 7017, ,RSUD RATU AJI PUTRI BOTUNG,DINAS KESEHATAN KABUPATEN PENAJAM PASER,D,TOYOTA,HI ACE COMMUTER MT (KDH222R-LEMDY),2021,JTFSS22P5M0196586,2KD-B100833,7/28/2027,7/28/2027,RSUD,BAIK,AKTIF,TERCATAT DI BKAD
KTVP 7019, ,DINAS PEKERJAAN UMUM DAN PENATAAN RUANG,KANTOR DINAS PEKERJAAN UMUM DAN PENATAAN,D,TOYOTA,HIACE COMMUTER M/T (KDH223R-LEMDY),2024,JTFST22P8R0045987,1KD-B185991,11/7/2026,11/7/2029,DINAS PU DAN PENATAAN RUANG,BAIK,AKTIF,TERCATAT DI BKAD
KTVP 7050,,SEKRETARIAT DAERAH,PEMERINTAH KABUPATEN PENAJAM PASER UTARA,D,TOYOTA,HI ACE COMMUTER MT (KDH222R-LEMDY),2017,JTFSS22P3H0166220,2KD-A937585,10/18/2024,10/18/2027,SEKRETARIAT DAERAH,Pinjam Pakai,TIDAK AKTIF,TERCATAT DI BKAD
KTVP 8001,,KECAMATAN WARU,KECAMATAN WARU KAB.PPU,F,TOYOTA,HILUX 2.5G DC (4X4) MT,2013,MR0FR22G6D0757014,2KD-A100379,5/22/2026,5/22/2028,KECAMATAN WARU,BAIK,AKTIF,TERCATAT DI BKAD
KTVP 8002,,DINAS PEKERJAAN UMUM DAN PENATAAN RUANG,SEKERTARIAT DPRD KAB.PPU,F,TOYOTA,HILUX 2.5G DC (4X4) MT,2013,MROFR22G6D764741,2KD-S253982,11/19/2026,11/19/2028,DINAS PU DAN PENATAAN RUANG,RUSAK BERAT,TIDAK AKTIF,TERCATAT DI BKAD
KTVP 8003,,DINAS PEKERJAAN UMUM DAN PENATAAN RUANG,DINAS PEKERJAAN UMUM,F,TOYOTA,HILUX PICK UP 2.5L DSL MT,2013,MROAS12G7D0011826,2KD-U376327,11/19/2026,11/19/2028,DINAS PU DAN PENATAAN RUANG,BAIK,AKTIF,TERCATAT DI BKAD
KTVP 8004,,DINAS PEKERJAAN UMUM DAN PENATAAN RUANG,DINAS PEKERJAAN UMUM,F,TOYOTA,HILUX 2.5G DC (4X4) MT,2013,MROFR22G6D0764612,2KD-S251800,11/19/2026,11/19/2028,DINAS PU DAN PENATAAN RUANG,BAIK,AKTIF,TERCATAT DI BKAD
KTVP 8005,,DINAS PEMBERDAYAAN MASYARAKAT DAN DESA,BPMPD KAB.PPU,F,TOYOTA,HILUX 2.5G DC (4X4) MT,2013,MROFR22G4D0761630,2KD-A196373,11/19/2026,11/19/2028,DINAS PEMBERDAYAAN MASYARAKAT DAN DESA,BAIK,AKTIF,TERCATAT DI BKAD
KTVP 8006,,DINAS PERHUBUNGAN,DINAS PERHUBUNGAN KEBUDAYAAN DAN PARIWIS,F,TOYOTA,HILUX 2.5G DC (4X4) MT,2013,MROFR22G4DO769971,2KD-S284978,12/23/2026,12/23/2028,DINAS PERHUBUNGAN,BAIK,AKTIF,TERCATAT DI BKAD
KTVP 8007,,DINAS PEKERJAAN UMUM DAN PENATAAN RUANG,DINAS PEKERJAAN UMUM,F,TOYOTA,HILUX 2.5G DC (4X4) MT,2013,MROFR22G2D0769905,2KD-A336781,12/23/2026,12/23/2028,DINAS PU DAN PENATAAN RUANG,BAIK,AKTIF,TERCATAT DI BKAD
KTVP 8011,,DINAS PEKERJAAN UMUM DAN PENATAAN RUANG,DINAS PEKERJAAN UMUM KAB.PPU,F,TOYOTA,HILUX PICK UP 2.5L DSL MT,2013,MROAS12G0D0012638,2KD-S272901,1/10/2027,1/10/2029,DINAS PU DAN PENATAAN RUANG,BAIK,AKTIF,TERCATAT DI BKAD
KTVP 8012,,BADAN PENDAPATAN DAERAH,DINAS PENDAPATAN DAERAH KAB.PPU,F,TOYOTA,HILUX PU 2.0 (TGN10R-TRMDKD),2014,MROAW12G1E0043368,1TR-7707371,5/13/2027,5/13/2029,BADAN PENDAPATAN DAERAH,BAIK,AKTIF,TERCATAT DI BKAD
KTVP 8013,,BADAN KEUANGAN DAN ASET DAERAH,DINAS PENDAPATAN DAERAH KAB.PPU,F,TOYOTA,HILUX 2.5G DC (4X4) MT,2014,MROFR22G9E0774293,2KD-A413139,5/13/2027,5/13/2029,BADAN KEUANGAN DAN ASET DAERAH,BAIK,AKTIF,TERCATAT DI BKAD
KTVP 8014,,DINAS PENANGGULANGAN KEBAKARAN DAN PENYELAMATAN,DINAS PENDAPATAN DAERAH KAB.PPU,F,TOYOTA,HILUX PU 2.0 (TGN10R-TRMDKD),2014,MROAW12G8E0043447,1TR-7707679,5/13/2026,5/13/2029,DINAS PENANGGULANGAN KEBAKARAN DAN PENYELAMATAN,BAIK,AKTIF,TERCATAT DI BKAD
KTVP 8015,,PENGELOLA (BKAD),KECAMATAN PENAJAM,F,FORD,RANGER DC XLS 2.2L 4X4 MT PLUS,2013,MNBLMFF80DW228218,P4AT1142518,6/3/2025,6/3/2029,PENGELOLA,RUSAK BERAT,TIDAK AKTIF,LELANG
KTVP 8016,,DINAS PEKERJAAN UMUM DAN PENATAAN RUANG,DINAS PEKERJAAN UMUM,F,TOYOTA,HILUX 2.5G DC (4X4) MT,2014,MROFR22G5E0774873,2KD-A428023,7/15/2026,7/15/2029,DINAS PU DAN PENATAAN RUANG,BAIK,AKTIF,TERCATAT DI BKAD
KTVP 8017,,DINAS PEKERJAAN UMUM DAN PENATAAN RUANG,DINAS PEKERJAAN UMUM,F,TOYOTA,HILUX 2.5G DC (4X4) MT,2014,MROFR22G3E0774645,2KD-A419525,7/15/2027,7/15/2029,DINAS PU DAN PENATAAN RUANG,BAIK,AKTIF,TERCATAT DI BKAD
KTVP 8018,,DINAS PEKERJAAN UMUM DAN PENATAAN RUANG,DINAS PEKERJAAN UMUM,F,TOYOTA,HILUX 2.5G DC (4X4) MT,2014,MR0FR22G2E0775320,2KD-A431807,9/18/2026,9/18/2029,DINAS PU DAN PENATAAN RUANG,BAIK,AKTIF,TERCATAT DI BKAD
KTVP 8019,,DINAS PEKERJAAN UMUM DAN PENATAAN RUANG,DINAS PEKERJAAN UMUM,F,TOYOTA,HILUX 2.5G DC (4X4) MT,2014,MROFR22G3E0774550,2KD-A417793,7/15/2027,7/15/2029,DINAS PU DAN PENATAAN RUANG,BAIK,AKTIF,TERCATAT DI BKAD
KTVP 8020,,SEKRETARIAT DAERAH,SEKRETARIAT DAERAH,F,TOYOTA,HILUX 2.5G DC (4X4) MT,2014,MROFR22GOE0774425,2KD-A415600,7/15/2026,7/15/2029,SEKKAB PPU,BAIK,AKTIF,TIDAK ADA KETERANGAN
KTVP 8021,,PENGELOLA (BKAD),DINAS SOSIAL DAN TENAGA KERJA KAB.PPU,F,TOYOTA,HILUX 2.5E DC (4X4) MT,2014,MROFR22G7E0774938,2KD-S327958,7/15/2026,7/15/2029,PENGELOLA,RUSAK BERAT,TIDAK AKTIF,TERCATAT DI BKAD
KTVP 8023,,DINAS PEKERJAAN UMUM DAN PENATAAN RUANG,DINAS PEKERJAAN UMUM,F,TOYOTA,HILUX 2.5G DC (4X4) MT,2014,MR0FR22G2E0775110,2KD-A427762,10/21/2026,10/21/2029,DINAS PU DAN PENATAAN RUANG,BAIK,AKTIF,TERCATAT DI BKAD
KTVP 8024,,BADAN KEUANGAN DAN ASET DAERAH,SEKRETARIAT DAERAH KAB.PPU,F,TOYOTA,HILUX 2.5G DC (4X4) MT,2014,MH0FR22G9E0781082,2KD-S373002,1/6/2025,1/6/2025,BADAN KEUANGAN DAN ASET DAERAH,Pinjam Pakai,TIDAK AKTIF,PINJAM PAKAI
KTVP 8025,,SEKRETARIAT DAERAH,SEKRETARIAT DAERAH KAB.PPU,F,TOYOTA,HILUX 2.5G DC (4X4) MT,2014,MHOFR22G9E0782670,2KD-S384285,1/6/2027,1/6/2030,SEKRETARIAT DAERAH,BAIK,AKTIF,TERCATAT DI BKAD
KTVP 8026,,"DINAS PERUMAHAN, KAWASAN PERMUKIMAN DAN PERTANAHAN",SEKRETARIAT DAERAH KAB.PPU,F,TOYOTA,HILUX 2.5G DC (4X4) MT,2014,MH0FR22G4E0788585,2KD-S438503,1/6/2027,1/6/2030,DINAS PERUMAHAN KAWASAN PERMUKIMAN DAN PERTAMANAN,BAIK,AKTIF,TERCATAT DI BKAD
KTVP 8027,,POLRES,SEKRETARIAT DAERAH KAB.PPU,F,TOYOTA,HILUX 2.5G DC (4X4) MT,2014,MROFR22G8E0776147,2KD-A447250,2/24/2020,2/24/2020,POLRES,HIBAH,TIDAK AKTIF,HIBAH
KTVP 8028,,POLRES,SEKRETARIAT DAERAH KAB.PPU,F,TOYOTA,HILUX 2.5G DC (4X4) MT,2014,MH0FR22G3C0789677,2KD-S446575,1/6/2021,1/6/2025,POLRES,HIBAH,TIDAK AKTIF,HIBAH
KTVP 8029,,DINAS PERHUBUNGAN,DINAS PERHUBUNGAN KEBUDAYAAN DAN PARIWIS,F,TOYOTA,HILUX 2.5E DC (4X4) MT,2014,MH0FR22G7E0789021,2KD-S441436,1/6/2026,1/6/2030,DINAS PERHUBUNGAN,BAIK,AKTIF,TERCATAT DI BKAD
KTVP 8030,,"BADAN PERENCANAAN, PENELITIAN DAN PENGEMBANGAN",BADAN PERENCANAAN PEMBANGUNAN IDAERAH KA,F,TOYOTA,HILUX 2.5E DC (4X4) MT,2014,MROFR22G2E0778864,2KD-S359373,12/18/2026,12/18/2029,"BADAN PERENCANAAN, PENELITIAN DAN PENGEMBANGAN",BAIK,AKTIF,TERCATAT DI BKAD
KTVP 8031,KTV-   27,DINAS PEKERJAAN UMUM DAN PENATAAN RUANG,"DINAS KOPERASI UKM,PERINDAG",F,MITSUBISHI,STRADA CR 2.5L EXCEED 4X4MT DC,2009,MMBJNKB409D054491,4D56UCBP7427,3/11/2027,3/11/2030,DINAS PU DAN PENATAAN RUANG,BAIK,AKTIF,TERCATAT DI BKAD
KTVP 8032,,"BADAN PERENCANAAN, PENELITIAN DAN PENGEMBANGAN",BADAN PERENCANAAN PEMBANGUNAN DAERAH KAB,F,TOYOTA,HILUX 2.5E DC (4X4) MT,2014,MROFR22G4E0779031,2KD-S361013,12/18/2026,12/18/2029,"BADAN PERENCANAAN, PENELITIAN DAN PENGEMBANGAN",BAIK,AKTIF,TERCATAT DI BKAD
KTVP 8033,,BADAN PENANGGULANGAN BENCANA DAERAH,BADAN PENANGGULANGAN BENCANA DAERAH,F,TOYOTA,HILUX 2.5G DC (4X4) MT,2015,MROFR22G9F0794707,2KD-S488700,7/10/2027,7/10/2030,BADAN PENANGGULANGAN BENCANA DAERAH,BAIK,AKTIF,TERCATAT DI BKAD
KTVP 3587,KTV- 3219,KETAHANAN PANGAN,KANTOR KETAHANAN PANGAN DAN PENYULUHAN,R,YAMAHA,3C1 (V-IXION/FZ150),2012,MH33C1205CK074706,3C1-1073272,12/19/2025,12/19/2027,KETAHANAN PANGAN,BAIK,AKTIF,TERCATAT DI BKAD
KTVP 8035,,DINAS PERIKANAN,BEND.PENGELUARAN DINAS KELAUTAN DAN PERI,F,FORD,RANGER DC XLS 2.2L 4X4 MT PLUS,2014,MNBLMFF80EW303966,P4AT1206510,2/2/2027,2/2/2031,DINAS PERIKANAN,BAIK,AKTIF,TERCATAT DI BKAD
KTVP 8038,,SEKRETARIAT DAERAH,SEKRETARIAT DAERAH KAB.PPU,F,TOYOTA,HILUX 2.5G DC (4X4) MT,2015,MR0FR22G1F0795592,2KD-S493615,5/26/2027,5/26/2030,SEKRETARIAT DAERAH,BAIK,AKTIF,TERCATAT DI BKAD
KTVP 8039,,SEKRETARIAT DAERAH,SEKRETARIAT DAERAH KAB.PPU,F,TOYOTA,HILUX 2.5G DC (4X4) MT,2015,MR0FR22G0F0795275,2KD-S491751,5/26/2027,5/26/2030,SEKRETARIAT DAERAH,BAIK,AKTIF,TERCATAT DI BKAD
KTVP 8040,,SEKRETARIAT DAERAH,SEKRETARIAT DAERAH KAB.PPU,F,TOYOTA,HILUX 2.5G DC (4X4) MT,2015,MR0FR22G8F0795881,2KD-U730746,5/26/2027,5/26/2030,SEKRETARIAT DAERAH,Pinjam Pakai,TIDAK AKTIF,PINJAM PAKAI
KTVP 8041,,DINAS PEKERJAAN UMUM DAN PENATAAN RUANG,BEND.PENG DINAS PEKERJAAN UMUM KAB.PPU,F,FORD,RANGER SC BASE 2.2L (4x4) MT,2014,MNBDMBF20EW271151,P4AT1182721,6/30/2027,6/30/2030,DINAS PU DAN PENATAAN RUANG,BAIK,AKTIF,TERCATAT DI BKAD
KTVP 8042,,DINAS PEKERJAAN UMUM DAN PENATAAN RUANG,BEND.PENG.DINAS PEKERJAAN UMUM KAB.PPU,F,FORD,RANGER SC BASE 2.2L (4x4) MT,2014,MNBDMBF20EW295121,P4AT1200207,6/30/2027,6/30/2030,DINAS PU DAN PENATAAN RUANG,BAIK,AKTIF,TERCATAT DI BKAD
KTVP 8044,,DINAS PERTANIAN,DINAS PERTANIAN KABUPATEN PPU,F,TOYOTA,HILUX PICK UP 2.0 MT (TGN110R-BTMXKD),2015,MR0EW8BB6F0200280,1TR-8823003,1/15/2027,1/15/2031,DINAS PERTANIAN,BAIK,AKTIF,TERCATAT DI BKAD
KTVP 8045,,DINAS LINGKUNGAN HIDUP,DINAS KEBERSIHAN PERTAMANAN DAN PEMAKAMA,F,TOYOTA,HILUX PICK UP 2.5L DSL MT,2015,MROES8BB2F0060854,2KD-U814923,1/8/2026,1/8/2026,DINAS LINGKUNGAN HIDUP,BAIK,AKTIF,TERCATAT DI BKAD
KTVP 8046,,SEKRETARIAT DAERAH,PENG.DINAS SOSIAL DAN TENAGA KERJA KAB.P,F,FORD,RANGER DC XLS 2.2L 4X4 MT PLUS,2014,MNBLMFF80EW324077,P4AT 1222613,12/29/2026,12/29/2030,SEKRETARIAT DAERAH,RUSAK BERAT,TIDAK AKTIF,TERCATAT DI BKAD
KTVP 8048,,SEKRETARIAT DPRD,SEKRETARIAT DPRD,F,TOYOTA,HILUX 2.5G DC (4X4) MT,2016,MR0KS8CD8G1033284,2KD-U866652,10/7/2026,10/7/2026,SEKRETARIAT DPRD,BAIK,AKTIF,TERCATAT DI BKAD
KTVP 8051,KTV- 8061,KETAHANAN PANGAN,KANTOR KETAHANAN PANGAN&PENYULUHAN KAB.P,F,TOYOTA,HILUX 2.5E DC (4X4) MT,2012,MR0FR22GXC0611990,2KD-5053836,8/9/2026,8/9/2027,KETAHANAN PANGAN,RUSAK BERAT,TIDAK AKTIF,TERCATAT DI BKAD
KTVP 8052,,BPN,PEMERINTAH KABUPATEN PENAJAM PASER UTARA,F,TOYOTA,HILUX 2.5E DC (4X4) MT,2017,MR0DS8CD2H0262706,2KD-U4954463,10/18/2026,10/18/2027,BPN,HIBAH,TIDAK AKTIF,HIBAH
KTVP 8053,,KECAMATAN PENAJAM,KANTOR KECAMATAN PENAJAM,F,TOYOTA,HILUX 2.5G DC 4X4 MT (KUN125R-DTFSHD),2017,MROKS8CD4H1104689,2KD-U966440,11/10/2026,11/10/2027,KECAMATAN PENAJAM,BAIK,AKTIF,TERCATAT DI BKAD
KTVP 8054,KTV- 8064,BAZNAS,PEMERINTAH DAERAH KAB.PPU,F,TOYOTA,HILUX 2.5G DC (4X4) MT,2012,MR0FR22G2CO623812,2KD-5902521,12/7/2025,12/7/2027,BAZNAS,HIBAH,TIDAK AKTIF,HIBAH
KTVP 8055, ,"DINAS PEMBERDAYAAN PEREMPUAN, PERLINDUNGAN ANAK, PENGENDALIAN PENDUDUK DAN KELUARGA BERENCANA",DINAS P3AP2KB KAB.PPU,F,TOYOTA,HILUX PU 2.5 DSL MT KUN112R-BTMXYD,2017,MR0ES8BB2H0063014,2KD  U978586,6/5/2026,6/5/2028,"DINAS PEMBERDAYAAN PEREMPUAN, PERLINDUNGAN ANAK, PENGENDALIAN PENDUDUK & KELUARGA BERENCANA",BAIK,AKTIF,TERCATAT DI BKAD
KTVP 8056,KTVP 8000,PENGELOLA (BKAD),PEMKAB PENAJAM PASER UTARA,F,TOYOTA,HILUX 3.0 DC (KUN26R-PRMDYQ3),2006,MROFZ22G661010591,1KD - 7141194,1/9/2025,1/9/2027,PENGELOLA,LELANG,TIDAK AKTIF,LELANG
KTVP 8057,KTV- 8073,DINAS KEPENDUDUKAN DAN PENCATATAN SIPIL,DINAS KEPENDUDUKAN & PENCATATAN SIPIL KA,F,TOYOTA,HILUX 2.5G DC (4X4) MT,2012,MR0FR2265C0625912,2KD5932708,1/11/2027,1/11/2028,DINAS KEPENDUDUKAN DAN PENCATATAN SIPIL,BAIK,AKTIF,TERCATAT DI BKAD
KTVP 8058,KTV- 8067,DINAS PERTANIAN,DINAS P3K KAB.PPU,F,TOYOTA,HILUX 2.5G DC (4X4) MT,2012,MR0FR2265C0625280,2KD5923211,1/11/2027,1/11/2028,DINAS PERTANIAN,BAIK,AKTIF,TERCATAT DI BKAD
KTVP 8059,KTV- 8068,DINAS PERTANIAN,DINAS KEHUTANAN DAN PERKEBUNAN KAB.PPU,F,TOYOTA,HILUX 2.5G DC (4X4) MT,2012,MROFR22G8C0622079,2KD-5877628,1/8/2027,1/8/2028,DINAS PERTANIAN,BAIK,AKTIF,TERCATAT DI BKAD
KTVP 8060,KTV- 8075,PENGELOLA (BKAD),DINAS PEKERJAAN UMUM,F,TOYOTA,HILUX 2.5G DC (4X4) M/T,2012,MR0FR2269C0624424,2KD5912255,1/11/2025,1/11/2028,PENGELOLA,RUSAK BERAT,TIDAK AKTIF,LELANG
KTVP 8061,KTV- 8063,"DINAS PERUMAHAN, KAWASAN PERMUKIMAN DAN PERTANAHAN",DINAS PERTAMBANGAN KAB.PPU,F,TOYOTA,HILUX 2.5G DC (4X4) MT,2012,MR0FR22G0C0622433,2KD-5882197,12/7/2026,12/7/2027,DINAS PERUMAHAN KAWASAN PERMUKIMAN DAN PERTAMANAN,BAIK,AKTIF,TERCATAT DI BKAD
KTVP 8062,KTV- 8054,DINAS LINGKUNGAN HIDUP,DINAS PEKERJAAN UMUM,F,TOYOTA,HILUX PU 2.0 (TGN10R-TRMDKD),2012,MR0AW12G7C0031237,1TR-7274370,5/1/2026,5/1/2027,DINAS LINGKUNGAN HIDUP,BAIK,AKTIF,TERCATAT DI BKAD
KTVP 8063,KTV- 8066,PENGELOLA (BKAD),DINAS KEHUTANAN DAN PERKEBUNAN KAB.PPU,F,TOYOTA,HILUX 2.5G DC (4X4) MT,2012,MROFR22G9C0623466,2KD-5897559,1/8/2025,1/8/2028,PENGELOLA,LELANG,TIDAK AKTIF,LELANG
KTVP 8064,KTV- 8065,"DINAS PENDIDIKAN, PEMUDA DAN OLAHRAGA",DINAS PENDIDIKAN PEMUDA DAN OLAHRAGA KAB,F,TOYOTA,HILUX 2.5G DC (4X4) MT,2012,MROFR22G4C0626307,2KD-5938050,1/8/2027,1/8/2028,DISDIKPORA,BAIK,AKTIF,TERCATAT DI BKAD
KTVP 8066,KTV- 8078,SATUAN POLISI PAMONG PRAJA,SATPOL PP,F,TOYOTA,HILUX 2.5G DC (4X4) MT,2013,MR0FR22G3D0756001,2KD-A083087,4/26/2027,4/26/2028,SATPOL PP,BAIK,AKTIF,TERCATAT DI BKAD
KTVP 8067,KTV- 8004,PENGELOLA (BKAD),PEMKAB.PENAJAM PASER UTARA,F,TOYOTA,KIJANG STANDARD KF 60,2003,MHF31KF6030022032,7K - 0588264,7/9/2026,7/9/2028,PENGELOLA,BAIK,AKTIF,TERCATAT DI BKAD
KTVP 8068,KTV- 8074,DINAS PEKERJAAN UMUM DAN PENATAAN RUANG,DINAS PEKERJAAN UMUM,F,TOYOTA,HILUX PICK UP 2.5L DSL M/T,2012,MR0AS1267C0009556,2KD5918991,1/11/2027,1/11/2028,DINAS PU DAN PENATAAN RUANG,BAIK,AKTIF,TERCATAT DI BKAD
KTVP 8069,KTV- 8076,SATUAN POLISI PAMONG PRAJA,DISHUBBUDPAR KAB.PPU,F,TOYOTA,HILUX PICK UP 2.5L DSL M/T,2012,MR0AS12G8C0009940,2KD-U212009,5/15/2027,5/15/2028,SATPOL PP,BAIK,AKTIF,TERCATAT DI BKAD
KTVP 8070,KTV- 8077,DINAS LINGKUNGAN HIDUP,DPU BID. KEBERSIHAN & PERTAMANAN KAB. PP,F,MITSUBISHI,L300 PU FB-R (4X2) M/T,2012,MHMLOPU39CK108116,4D56C-HO7527,2/1/2026,2/1/2028,DINAS LINGKUNGAN HIDUP,BAIK,AKTIF,TERCATAT DI BKAD
KTVP 8071, ,SEKRETARIAT DAERAH,PEMERINTAH KABUPATEN PENAJAM PASER UTARA,F,NISSAN,NAVARA VL 2.5 (4X4) MT PICK UP DOUBLE CABIN,2018,MNTCC4D23Z0037385,YD25774536T,3/6/2027,3/6/2029,PEMKAB PPU,BAIK,AKTIF,TIDAK ADA KETERANGAN
KTVP 8072, ,SATUAN POLISI PAMONG PRAJA,SATUAN POLISI PAMONG PRAJA,F,TOYOTA,HILUX 2.4E DC 4X4 MT (GUN125R-DTFLHD),2018,MR0DB8CD2J0176396,2GD0471807,7/2/2027,7/2/2029,SATPOL PP,BAIK,AKTIF,TERCATAT DI BKAD
KTVP 8073, ,SATUAN POLISI PAMONG PRAJA,SAT POL PP KAB.PPU,F,TOYOTA,HILUX PICK UP 2.0 MT (TGN110R-BTMXKD),2019,MR0EW8BB9K0207928,1TRA594394,8/24/2027,8/24/2029,SATPOL PP,BAIK,AKTIF,TERCATAT DI BKAD
KTVP 8075, ,"DINAS KOPERASI, UKM, PERINDUSTRIAN DAN PERDAGANGAN","DINAS KOPERASI,UKM,PERINDUSTRIAN DAN PER",F,TOYOTA,HILUX 2.4G DC 4X4 MT (GUN125R-DTFSHD),2019,MR0KB8CD7K1209492,2GD-4726111,10/22/2026,10/22/2029,DISKUKMPERINDAG,BAIK,AKTIF,TERCATAT DI BKAD
KTVP 8076, ,DINAS PERHUBUNGAN,KANTOR DINAS PERHUBUNGAN,F,TOYOTA,HILUX 2.4G DC 4X4 MT (GUN125R-DTFSHD),2019,MR0KB8CD3K1122205,2GD  0702765,1/17/2027,1/17/2030,DINAS PERHUBUNGAN,BAIK,AKTIF,TERCATAT DI BKAD
KTVP 8077,KTV- 8015,KODIM,PEMKAB PENAJAM PASER UTARA,F,TOYOTA,KIJANG STANDARD KF 60,2006,MHF31KF6060049210,7K - 0840380,1/9/2021,1/9/2017,KODIM,HIBAH,TIDAK AKTIF,HIBAH
KTVP 8078,KTV- 8017,KODIM,PEMKAB PENAJAM PASER UTARA,F,TOYOTA,KIJANG STANDARD KF 60,2006,MHF31KF6060051158,7K - 0852648,1/9/2021,1/9/2017,KODIM,HIBAH,TIDAK AKTIF,HIBAH
KTVP 8079,KTV- 8062,SEKRETARIAT DAERAH,PEMERINTAH KABUPATEN PENAJAM PASER UTARA,F,TOYOTA,HILUX 2.5E DC (4X4) MT,2012,MR0FR2260C0618267,2KD-S087015,9/20/2020,9/20/2022,PEMKAB PPU,HIBAH,TIDAK AKTIF,HIBAH
KTVP 8082,KTV- 8052,SEKRETARIAT DAERAH,PEMERINTAH KAB.PPU,F,TOYOTA,HILUX 2.5G DC (4X4) MT,2011,MROFR22G9B0603166,2KD-6828536,2/22/2020,2/22/2022,PEMKAB PPU,HIBAH,TIDAK AKTIF,HIBAH
KTVP 8083,KTV- 8474,PENGELOLA (BKAD),DISHUBBUDPAR,F,MAZDA,BT-50 DC 4X4 2.5 MT WLT HIGH,2009,MM6UNY0W4A0838303,WLAT1 114609,12/11/2024,12/11/2024,PENGELOLA,RUSAK BERAT,TIDAK AKTIF,LELANG
KTVP 8084, ,BADAN PENANGGULANGAN BENCANA DAERAH,BADAN PENANGGULANGAN BENCANA DAERAH KAB.,F,ISUZU,TFS6Y D-MAX DC 2.5L R1 (4X4) M/T,2019,MPATFS86JKT006549,TV2360,4/13/2027,4/13/2030,BADAN PENANGGULANGAN BENCANA DAERAH,BAIK,AKTIF,TERCATAT DI BKAD
KTVP 8085,KTV- 8027,SEKRETARIAT DPRD,SEKRETARIAT DPRD KAB. PPU,F,TOYOTA,HILUX PU 2.0 (TGN10R-TRMDKD),2009,MR0AW12G590017703,1TR-6792833,1/22/2027,1/22/2030,SEKRETARIAT DPRD,BAIK,AKTIF,TERCATAT DI BKAD
KTVP 3588,KTV- 3221,KETAHANAN PANGAN,KANTOR KETAHANAN PANGAN DAN PENYULUHAN,R,YAMAHA,3C1 (V-IXION/FZ150),2012,MH33C1205CK052413,3C1-1052220,12/19/2025,12/19/2027,KETAHANAN PANGAN,BAIK,AKTIF,TERCATAT DI BKAD
KTVP 8087,,DINAS PENANAMAN MODAL DAN PELAYANAN TERPADU SATU PINTU,DINAS PENANAMAN MODAL DAN PELAYANAN TERP,F,TOYOTA,HILUX 2.4V DOUBLE CABIN 4X4 A/T,2020,MR0HB3CD9L0333834,2GD-4805230,6/26/2027,6/26/2030,DINAS PENANAMAN MODAL DAN PELAYANAN TERPADU SATU PINTU ,BAIK,AKTIF,TERCATAT DI BKAD
KTVP 8089,KTV- 8039,"DINAS PERUMAHAN, KAWASAN PERMUKIMAN DAN PERTANAHAN",DINAS PU BID.KEBERSIHAN DAN PERTAMANAN P,F,TOYOTA,HILUX PU 2.0 (TGN10R-TRMDKD),2010,MROAW1264AOO24422,1TR-7008349,2/23/2027,2/23/2031,DINAS PERUMAHAN KAWASAN PERMUKIMAN DAN PERTAMANAN,BAIK,AKTIF,TERCATAT DI BKAD
KTVP 8092,B TSC9198,BADAN PENANGGULANGAN BENCANA DAERAH,BADAN PENANGGULANGAN BENCANA DAERAH,F,ISUZU,TFS6Y D-MAX RODEO 2.5L (4X4) M/T,2015,MPATFS86JFT011276,MW3678,7/6/2027,7/6/2030,BADAN PENANGGULANGAN BENCANA DAERAH,BAIK,AKTIF,TERCATAT DI BKAD
KTVP 8093,B TTA9326,BADAN PENANGGULANGAN BENCANA DAERAH,BPBD,F,MITSUBISHI,L300 PU FB-R (4X2) MT,2017,MK2L0PU39HK014168,4D56CRX2861,7/27/2027,7/27/2030,BADAN PENANGGULANGAN BENCANA DAERAH,BAIK,AKTIF,TERCATAT DI BKAD
KTVP 3664,KTV- 3217,KETAHANAN PANGAN,KANTOR KETAHANAN PANGAN DAN PENYULUHAN,R,YAMAHA,1 DY,2012,MH31DY001CJ030927,1DY-030923,12/19/2025,12/19/2027,KETAHANAN PANGAN,BAIK,AKTIF,TERCATAT DI BKAD
KTVP 8095,KTV- 8034,DINAS KESEHATAN,DINAS KESEHATAN KAB.PENAJAM PASER UTARA,F,TOYOTA,HILUX PU 2.0 (TGN10R-TRMDKD),2010,MR0AW12G4A0020595,1TR-6877054,10/22/2026,10/22/2030,DINAS KESEHATAN,BAIK,AKTIF,TERCATAT DI BKAD
KTVP 8096,KTV- 8030,PENGELOLA (BKAD),DINAS PEKERJAAN UMUM KAB.PPU,F,TOYOTA,HILUX 3.0G DC 4X4 MT,2009,MROFZ296891569795,1KD - 7834371,2/19/2025,2/19/2025,PENGELOLA,Pinjam Pakai,TIDAK AKTIF,PINJAM PAKAI
KTVP 8097,KTV- 8029,PENGELOLA (BKAD),PEMKAB PPU,F,NISSAN,FRONTIER 2.5 MT (DC),2009,MNTVCUD40Z0015713,YD25 - 151913T,12/2/2025,12/2/2029,PENGELOLA,RUSAK BERAT,TIDAK AKTIF,LELANG
KTVP 8098,KTV  8035,DINAS LINGKUNGAN HIDUP,DINAS PU BID.KEBERSIHAN & PERTAMANAN KAB,F,TOYOTA,HILUX 3.0G DC 4X4 MT,2010,MR0FZ29GXA1597781,1KD6605070,12/30/2026,12/30/2030,DINAS LINGKUNGAN HIDUP,BAIK,AKTIF,TERCATAT DI BKAD
KTVP 8099, ,SEKRETARIAT DAERAH,PEMERINTAH KABUPATEN PENAJAM PASER UTARA,F,TOYOTA,HILUX 2.4V DC 4X4 AT (GUN125R-DTTHXD),2020,MR0BB3CD5L0001136,2GD4908545,12/18/2026,12/18/2030,SEKRETARIAT DAERAH,Pinjam Pakai,TIDAK AKTIF,PINJAM PAKAI
KTVP 8101,KTV  8036,DINAS PEKERJAAN UMUM DAN PENATAAN RUANG,DINAS PEKERJAAN UMUM,F,TOYOTA,HILUX 3.0G DC 4X4 MT,2010,MROFZ29G5A1598496,1KD-6597605,12/30/2026,12/30/2030,DINAS PU DAN PENATAAN RUANG,BAIK,AKTIF,TERCATAT DI BKAD
KTVP 8102,KTV  8555,SATUAN POLISI PAMONG PRAJA,SATPOL PP PEMKAB PPU,G,ISUZU,NKR 55 L E2,2009,MHCNK55LY9J029078,M029078,5/31/2027,5/31/2030,SATPOL PP,BAIK,AKTIF,TERCATAT DI BKAD
KTVP 8103,KTV  8026,RSUD RATU AJI PUTRI BOTUNG,RUMAH SAKIT UMUM DAERAH KAB. PPU,F,DAIHATSU,S402RP-PMRFJJ KJ,2009,MHKP3CA1J9K004623,DBG5504,10/29/2026,10/29/2029,RSUD,BAIK,AKTIF,TERCATAT DI BKAD
KTVP 8104,KTV  8045,DINAS PEKERJAAN UMUM DAN PENATAAN RUANG,DINAS PEKERJAAN UMUM,F,TOYOTA,HILUX 3.0G DC 4X4 MT,2010,MRDFZ29GXA1600131,1KD-6621943,1/21/2027,1/21/2031,DINAS PU DAN PENATAAN RUANG,BAIK,AKTIF,TERCATAT DI BKAD
KTVP 8105,KTV- 8037,DINAS PERTANIAN,DP3K KAB. PPU,F,TOYOTA,HILUX PU 2.0 (TGN10R-TRMDKD),2010,MROAW12G7A0023622,1TR-6985026,1/13/2027,1/13/2031,DINAS PERTANIAN,BAIK,AKTIF,TERCATAT DI BKAD
KTVP 8106,KTV  8043,PENGELOLA (BKAD),KANTOR KASBANG LINMAS KAB. PPU,F,NISSAN,FRONTIER 2.5 MT (DC),2010,MNTVCUD40Z0023858,YD25-220373T,1/21/2025,1/21/2026,PENGELOLA,RUSAK BERAT,TIDAK AKTIF,LELANG
KTVP 8107,KTV  8025,RSUD RATU AJI PUTRI BOTUNG,RUMAH SAKIT UMUM DAERAH KAB.PPU,F,DAIHATSU,S402RP-TMRFJJ KP,2009,MHKT3CA1J9K002686,DBH9468,10/29/2026,10/29/2029,RSUD,BAIK,AKTIF,TERCATAT DI BKAD
KTVP 8108, ,DINAS PEKERJAAN UMUM DAN PENATAAN RUANG,DINAS PEKERJAAN UMUM DAN PENATA RUANG,F,TOYOTA,HILUX PICK UP 2.4 DSL MT GUN112R-BTMLXD,2021,MR0CB8BB4M0023163,2GD4-0945771,7/8/2026,7/8/2026,DINAS PU DAN PENATAAN RUANG,BAIK,AKTIF,TERCATAT DI BKAD
KTVP 8109,KTV  8048,SEKRETARIAT DAERAH,PEMKAB. PPU,F,TOYOTA,HILUX PICK UP 2.0 MT,2010,MROAW12G6A0020145,1TR-6867228,2/23/2027,2/23/2031,SEKRETARIAT DAERAH,BAIK,AKTIF,TERCATAT DI BKAD
KTVP 8110,KTV  8231,DINAS PEKERJAAN UMUM DAN PENATAAN RUANG,DINAS PEKERJAAN UMUM KAB. PPU,F,TOYOTA,HILUX 3.0G DC 4X4 MT,2011,MR0FZ29G8B1623103,1KD-5345855,12/2/2026,12/2/2026,DINAS PU DAN PENATAAN RUANG,BAIK,AKTIF,TERCATAT DI BKAD
KTVP 8115,KTV  8057,INSPEKTORAT DAERAH,INSPEKTORAT KABUPATEN PENAJAM PASER UTAR,F,TOYOTA,HILUX 2.5G DC (4X4) MT,2012,MR0FR22G0C0609942,2KD-S044324,6/13/2026,6/13/2027,INSPEKTORAT DAERAH,BAIK,AKTIF,TERCATAT DI BKAD
KTVP 8116,KTV  8060,BADAN PENDAPATAN DAERAH,DISPENDA KAB. PPU,F,TOYOTA,HILUX 2.5G DC (4X4) MT,2012,MT0FR22G1C0608797,2KD-S033417,6/8/2026,6/8/2027,BADAN PENDAPATAN DAERAH,BAIK,AKTIF,TERCATAT DI BKAD
KTVP 8117,KTV  8041,SEKRETARIAT DAERAH,PEMERINTAH KAB. PPU,F,TOYOTA,HILUX 3.0 DC (KUN26R-PRMDYQ3),2010,MR0FZ29G5AI606824,1KD-6665861,1/28/2027,1/28/2031,SEKRETARIAT DAERAH,BAIK,AKTIF,TERCATAT DI BKAD
KTVP 8120, ,DINAS PEKERJAAN UMUM DAN PENATAAN RUANG,DINAS PEKERJAAN UMUM DAN PENATAAN RUANG,F,FORD,RANGER 2.2L XL 4WD (4X4) M/T,2022,MNBLMFF80NW213939,P4AT4300308,1/19/2027,1/19/2028,DINAS PU DAN PENATAAN RUANG,BAIK,AKTIF,TERCATAT DI BKAD
KTVP 8121, ,SEKRETARIAT DAERAH,PEMERINTAH KABUPATEN PENAJAM PASER UTARA,F,TOYOTA,HILUX 2.4G DC 4X4 M/T (GUN125R-DTFSXD)   DTFSXD),2023,MR0KB8CD5P1217548,2GD1364329,9/13/2024,9/13/2028,PEMKAB PPU,Belanja Hibah,TIDAK AKTIF,Belanja Hibah
KTVP 8122, ,SEKRETARIAT DAERAH,PEMERINTAH KABUPATEN PENAJAM PASER UTARA,F,TOYOTA,HILUX 2.4G DC 4X4 M/T (GUN125R-DTFSXD),2023,MR0KB8CD7P1144344,2GD-D238983,10/11/2026,10/11/2028,SEKRETARIAT DAERAH,BAIK,AKTIF,TERCATAT DI BKAD
KTVP 8124, ,SEKRETARIAT DAERAH,PEMERINTAH KABUPATEN PENAJAM PASER UTARA,F,TOYOTA,HILUX 2.4G DC 4X4 M/T (GUN125R-DTFSXD),2023,MR0KB8CD2P1144820,2GD-D244267,10/11/2026,10/11/2028,SEKRETARIAT DAERAH,BAIK,AKTIF,TERCATAT DI BKAD
KTVP 8125, ,DINAS PEKERJAAN UMUM DAN PENATAAN RUANG,DINAS PEKERJAAN UMUM DAN PENATAAN RUANG,F,TOYOTA,HILUX 2.4G DC 4X4 M/T (GUN125R-DTFSXD),2023,MR0KB8CD7P1148135,2GDD311054,7/16/2027,7/16/2029,DINAS PU DAN PENATAAN RUANG,BAIK,AKTIF,TERCATAT DI BKAD
KTVP 8126, ,DINAS PEKERJAAN UMUM DAN PENATAAN RUANG,DINAS PEKERJAAN UMUM DAN PENATAAN RUANG,F,TOYOTA,HILUX 2.4G DC 4X4 M/T (GUN125R-DTFSXD),2023,MR0KB8CD8P1148225,2GD-D313577,12/12/2026,12/12/2028,DINAS PU DAN PENATAAN RUANG,BAIK,AKTIF,TERCATAT DI BKAD
KTVP 8127, ,SEKRETARIAT DAERAH,PEMERINTAH KABUPATEN PENAJAM PASER UTARA,F,TOYOTA,HILUX 2.4V DC 4X4 AT (GUN125R-DTTHXD),2023,MR0BB3CD8P6400108,2GD-1463495,2/15/2025,2/15/2029,PEMKAB PPU,Belanja Hibah,TIDAK AKTIF,Belanja Hibah
KTVP 8128, ,SEKRETARIAT DAERAH,PEMERINTAH KABUPATEN PENAJAM PASER UTARA,F,TOYOTA,HILUX 2.4V DC 4X4 AT (GUN125R-DTTHXD),2023,MR0BB3CD2P5812871,2GD-1488822,3/7/2025,3/7/2029,PEMKAB PPU,TIDAK DIKETAHUI KEBERADAANYA,TIDAK AKTIF,TIDAK DIKETAHUI KEBERADAANYA
KTVP 8129, ,SEKRETARIAT DAERAH,PEMERINTAH KABUPATEN PENAJAM PASER UTARA,F,TOYOTA,HILUX 2.4V DC 4X4 AT (GUN125R-DTTHXD),2023,MR0BB3CD4P5812824,2GD-1484183,2/15/2025,2/15/2029,PEMKAB PPU,Belanja Hibah,TIDAK AKTIF,Belanja Hibah
KTVP 8130, ,SEKRETARIAT DAERAH,PEMERINTAH KABUPATEN PENAJAM PASER UTARA,F,TOYOTA,HILUX 2.4V DC 4X4 AT (GUN125R-DTTHXD),2023,MR0BB3CD3P5812863,2GD-1487343,2/23/2025,2/23/2029,PEMKAB PPU,Belanja Hibah,TIDAK AKTIF,Belanja Hibah
KTVP 8131, ,SEKRETARIAT DAERAH,PEMERINTAH KABUPATEN PENAJAM PASER UTARA,F,TOYOTA,HILUX 2.4V DC 4X4 AT (GUN125R-DTTHXD),2023,MR0BB3CD2P5812904,2GD-1491148,2/15/2025,2/15/2029,PEMKAB PPU,Belanja Hibah,TIDAK AKTIF,Belanja Hibah
KTVP 8132, ,SEKRETARIAT DAERAH,PEMERINTAH KABUPATEN PENAJAM PASER UTARA,F,TOYOTA,HILUX 2.4V DC 4X4 AT (GUN125R-DTTHXD),2023,MR0BB3CD4P5812760,2GD-1480334,2/15/2025,2/15/2029,PEMKAB PPU,Belanja Hibah,TIDAK AKTIF,Belanja Hibah
KTVP 8133, ,SEKRETARIAT DAERAH,PEMERINTAH KABUPATEN PENAJAM PASER UTARA,F,TOYOTA,HILUX 2.4V DC 4X4 AT (GUN125R-DTTHXD),2023,MR0BB3CD1P5812814,2GD-1483859,2/15/2025,2/15/2029,PEMKAB PPU,Belanja Hibah,TIDAK AKTIF,TIDAK DIKETAHUI KEBERADAANYA
KTVP 8134, ,BADAN KEUANGAN DAN ASET DAERAH,BADAN KEUANGAN DAN ASET DAERAH KAB. PENA,F,TOYOTA,HILUX 2.4G DC 4X4 M/T (GUN125R-DTFSXD),2023,MR0KB8CD1P1219118,2GD1412481,1/30/2027,1/30/2029,BADAN KEUANGAN DAN ASET DAERAH,BAIK,AKTIF,TERCATAT DI BKAD
KTVP 8136, ,DINAS PEKERJAAN UMUM DAN PENATAAN RUANG,KANTOR DINAS PEKERJAAN UMUM DAN PENATAAN,F,TOYOTA,HILUX PICK UP 2.4 DSL MT GUN112R-BTMLXD,2023,MR0CB8BB2P0026020,2GD-1393811,12/22/2026,12/22/2028,DINAS PU DAN PENATAAN RUANG,BAIK,AKTIF,TERCATAT DI BKAD
KTVP 8137, ,DINAS PEKERJAAN UMUM DAN PENATAAN RUANG,KANTOR DINAS PEKERJAAN UMUM DAN PENATAAN,F,TOYOTA,HILUX 2.4G DC 4X4 M/T (GUN125R-DTFSXD),2023,MR0KB8CD2P1220147,2GD-1464944,12/22/2026,12/22/2028,DINAS PU DAN PENATAAN RUANG,BAIK,AKTIF,TERCATAT DI BKAD
KTVP 8138, ,DINAS PEKERJAAN UMUM DAN PENATAAN RUANG,DINAS PEKERJAAN UMUM DAN PENATAAN RUANG,F,TOYOTA,HILUX 2.4V DC 4X4 AT (GUN125R-DTTHXD),2023,MR0BB3CD5P5801864,2GD-5381027,12/15/2026,12/15/2028,DINAS PU DAN PENATAAN RUANG,BAIK,AKTIF,TERCATAT DI BKAD
KTVP 8139, ,"DINAS PENDIDIKAN, PEMUDA DAN OLAHRAGA",DISDIKPORA KAB. PPU,F,TOYOTA,HILUX 2.4G DC 4X4 M/T (GUN125R-DTFSXD),2023,MR0KB8CD4P1220179,2GD-1466414,2/23/2027,2/23/2029,DISDIKPORA,BAIK,AKTIF,TERCATAT DI BKAD
KTVP 8140, ,DINAS LINGKUNGAN HIDUP,DINAS LINGKUNGAN HIDUP KABUPATEN PENAJAM,G,ISUZU,NMR81U-HAYIN45.8 (4X2) M/T,2023,MHCNMR81HPJ112093,G112093,5/2/2027,5/2/2029,DINAS LINGKUNGAN HIDUP,BAIK,AKTIF,TERCATAT DI BKAD
KTVP 8141, ,DINAS LINGKUNGAN HIDUP,DINAS LINGKUNGAN HIDUP KABUPATEN PENAJAM,G,ISUZU,NMR81U-HAYIN45.8 (4X2) M/T,2023,MHCNMR81HPJ107841,G107841,5/2/2026,5/2/2029,DINAS LINGKUNGAN HIDUP,BAIK,AKTIF,TERCATAT DI BKAD
KTVP 8142, ,DINAS LINGKUNGAN HIDUP,DINAS LINGKUNGAN HIDUP KABUPATEN PENAJAM,G,ISUZU,NMR81U-HAYIN45.8 (4X2) M/T,2023,MHCNMR81HPJ107837,G107837,5/2/2026,5/2/2029,DINAS LINGKUNGAN HIDUP,BAIK,AKTIF,TERCATAT DI BKAD
KTVP 8144, ,"DINAS PENDIDIKAN, PEMUDA DAN OLAHRAGA",DISDIKPORA KAB. PPU,F,TOYOTA,HILUX PICK UP 2.0 MT (TGN110R-BTMLKD),2022,MR0CW8BB7N0047253,1TR-B043530,2/28/2026,2/28/2029,DISDIKPORA,BAIK,AKTIF,TERCATAT DI BKAD
KTVP 8154, ,DINAS PENANGGULANGAN KEBAKARAN DAN PENYELAMATAN,DINAS PENANGGULANGAN KEBAKARAN DAN PENYE,F,TOYOTA,HILUX 2.4E DC 4X4 MT (GUN125R-DTFLXD),2023,MR0DB8CD7P0130927,2GD-D318886,1/9/2026,1/9/2029,DINAS PENANGGULANGAN KEBAKARAN DAN PENYELAMATAN,BAIK,AKTIF,TERCATAT DI BKAD
KTVP 8157, ,DINAS LINGKUNGAN HIDUP,DINAS LINGKUNGAN HIDUP KABUPATEN PENAJAM,F,SUZUKI,GC415V 4X2 MT BLIND VAN PS,2023,MHYGDN41VPJ401179,G15AID447812,3/28/2026,3/28/2029,DINAS LINGKUNGAN HIDUP,BAIK,AKTIF,TERCATAT DI BKAD
KTVP 8158, ,KECAMATAN WARU,KANTOR KECAMATAN WARU,F,TOYOTA,HILUX 2.4G DC 4X4 M/T (GUN125R-DTFSXD),2024,MR0KB8CD1R1152474,2GD-D427473,12/6/2026,12/6/2029,KECAMATAN WARU,BAIK,AKTIF,TERCATAT DI BKAD
KTVP 4271,KTV  3011,KETAHANAN PANGAN,KANTOR KETAHANAN PANGAN PENYULUHAN,R,HONDA,GL 15 A1 RR MT,2011,MH1KC3112BK148421,KC31E-1148213,11/10/2025,11/10/2026,KETAHANAN PANGAN,BAIK,AKTIF,TERCATAT DI BKAD
KTVP 4272,KTV  3013,KETAHANAN PANGAN,KANTOR KETAHANAN PANGAN PENYULUHAN,R,HONDA,GL 15 A1 RR MT,2011,MH1KC311XBK148201,KC31E-1148019,11/10/2025,11/10/2026,KETAHANAN PANGAN,BAIK,AKTIF,TERCATAT DI BKAD
KTVP 8161, ,DINAS PENANAMAN MODAL DAN PELAYANAN TERPADU SATU PINTU,DINAS PENANAMAN MODAL DAN PELAYANAN TERP,F,TOYOTA,HILUX 2.4G DC 4X4 M/T (GUN125R-DTFSXD),2024,MR0KB8CD5R1224535,2GD-D441707,11/7/2026,11/7/2029,DINAS PENANAMAN MODAL DAN PELAYANAN TERPADU SATU PINTU ,BAIK,AKTIF,TERCATAT DI BKAD
KTVP 8163, ,"DINAS PERUMAHAN, KAWASAN PERMUKIMAN DAN PERTANAHAN",DINAS PERUMAHAN KAWASAN PEMUKIMAN DAN PE,F,TOYOTA,HILUX PU 2.4 DSL 4X4 MT GUN125R-BTFLXD,2024,MR0DB8CB2R6006210,2GD-D457006,12/3/2026,12/3/2029,DINAS PERUMAHAN KAWASAN PERMUKIMAN DAN PERTAMANAN,BAIK,AKTIF,TERCATAT DI BKAD
KTV  2849,KTV- 2849,PENGELOLA (BKAD),DINAS PERTANIAN PETERNAKAN PERIKANAN&KEL,R,HONDA,GL160 D,2010,MH1KC1216AK255456,KC12E-1253410,7/15/2025,7/15/2025,PENGELOLA,BAIK,AKTIF,TERCATAT DI BKAD
KTVP 8165, ,SEKRETARIAT DAERAH,PEMERINTAH KABUPATEN PENAJAM PASER UTARA,F,TOYOTA,HILUX PICK UP 2.0 HIGH MT TGN110R-ATMHKD,2024,MR0AW9AAXR0342388,1TR-B232638,5/15/2027,5/15/2030,SEKKAB PPU,BAIK,AKTIF,TIDAK ADA KETERANGAN
KTVP 8168, ,DINAS PENANGGULANGAN KEBAKARAN DAN PENYELAMATAN,DINAS PENANGGULANGAN KEBAKARAN DAN PENYE,F,TOYOTA,HILUX 2.4E DC 4X4 MT (GUN125R-DTFLXD),2024,MR0DB8CD7R0133278,2GD-D445912,12/13/2026,12/13/2029,DINAS PENANGGULANGAN KEBAKARAN DAN PENYE,BAIK,AKTIF,TIDAK ADA KETERANGAN
KTVP 3748,KTV- 2570,PENGELOLA (BKAD),DINAS KESEHATAN KAB.PPU,R,HONDA,NF100 SE,2007,MH1HB71187K198672X,HB71E - 1196207X,2/1/2022,2/1/2023,PENGELOLA,BAIK,AKTIF,TERCATAT DI BKAD
KTVP 3830,KTV- 2690,PENGELOLA (BKAD),DINAS KESEHATAN KAB.PPU,R,HONDA,NF 11B1D MT,2009,MH1JBC1119K180527,JBC1E - 1180724,8/26/2025,8/26/2029,PENGELOLA,BAIK,AKTIF,TERCATAT DI BKAD
KTVP 8171, ,DINAS PENANGGULANGAN KEBAKARAN DAN PENYELAMATAN,DINAS PENANGGULANGAN KEBAKARAN DAN PENYE,F,TOYOTA,HILUX 2.4E DC 4X4 MT (GUN125R-DTFLXD),2024,MR0DB8CD7R0132910,2GD-D431600,12/13/2026,12/13/2029,DINAS PENANGGULANGAN KEBAKARAN DAN PENYE,BAIK,AKTIF,TIDAK ADA KETERANGAN
KTVP 4051,KTV- 2780,PENGELOLA (BKAD),KANTOR KETAHANAN  PANGAN DAN PENYULUHAN,R,HONDA,GL160 D,2009,MH1KC121X9K188601,KC12E-1187571,1/26/2025,1/26/2025,PENGELOLA,BAIK,AKTIF,TERCATAT DI BKAD
KTVP 8094,KTV- 8111,PENGELOLA (BKAD),PEMKAB PPU SATUAN POLISI PAMONG PRAJA,F,ISUZU,TFS85HDPRMEG (4X4 DC),2009,MPATFS85H9H544221,GT4155,9/6/2025,9/6/2025,PENGELOLA,BAIK,AKTIF,TERCATAT DI BKAD
KTVP 8174, ,DINAS PENANGGULANGAN KEBAKARAN DAN PENYELAMATAN,DINAS PENANGGULANGAN KEBAKARAN DAN PENYE,F,TOYOTA,HILUX 2.4E DC 4X4 MT (GUN125R-DTFLXD),2024,MR0DB8CD5R0132968,2GD-D433917,12/13/2026,12/13/2029,DINAS PENANGGULANGAN KEBAKARAN DAN PENYE,BAIK,AKTIF,TIDAK ADA KETERANGAN
KTVP 8175, ,BADAN PENANGGULANGAN BENCANA DAERAH,BADAN PENANGGULANGAN BENCANA DAERAH KABU,F,TOYOTA,HILUX 2.4E DC 4X4 MT (GUN125R-DTFLXD),2024,MR0DB8CD7R0194937,2GD-5578221,12/17/2026,12/17/2029,BADAN PENANGGULANGAN BENCANA DAERAH,BAIK,AKTIF,TERCATAT DI BKAD
KTVP 8176, ,DINAS PERTANIAN,DINAS PERTANIAN KABUPATEN PENAJAM PASER,F,TOYOTA,HILUX 2.4E DC 4X4 MT (GUN125R-DTFLXD),2024,MR0DB8CD6R0133689,2GDD461837,12/19/2026,12/19/2029,DINAS PERTANIAN,BAIK,AKTIF,TERCATAT DI BKAD
KTVP 8178, ,"DINAS PERUMAHAN, KAWASAN PERMUKIMAN DAN PERTANAHAN",DINAS PERUMAHAN KAWASAN PERMUKIMAN DAN P,F,TOYOTA,HILUX 2.4V DC 4X4 AT (GUN125R-DTTHXD),2024,MR0BB3CDXR5814287,2GD-D432619,5/20/2027,5/20/2030,DINAS PERUMAHAN KAWASAN PERMUKIMAN DAN PERTAMANAN,BAIK,AKTIF,TERCATAT DI BKAD
KTVP 8179, ,"DINAS PERUMAHAN, KAWASAN PERMUKIMAN DAN PERTANAHAN",DINAS PERUMAHAN KAWASAN PERMUKIMAN DAN P,F,TOYOTA,HILUX 2.4V DC 4X4 AT (GUN125R-DTTHXD),2024,MR0BB3CDXR5814399,2GD-D435604,5/20/2027,5/20/2030,DINAS PERUMAHAN KAWASAN PERMUKIMAN DAN PERTAMANAN,BAIK,AKTIF,TERCATAT DI BKAD
KTVP 8184,B PQV9930,DINAS PERPUSTAKAAN DAN ARSIP,DINAS PERPUSTAKAAN DAN ARSIP,F,TOYOTA,HILUX PICK UP 2.0 MT,2017,MR0EW8BB9H0205377,1TRA342077,6/30/2026,6/30/2030,DINAS PERPUSTAKAAN,BAIK,AKTIF,TIDAK ADA KETERANGAN
KTVP 8190, ,DINAS LINGKUNGAN HIDUP,DINAS LINGKUNGAN HIDUP KABUPATEN PENAJAM,G,HINO,XZU349R-HKFTBD3,2025,MJECCB2F6S5027702,N04CWYJ38353,12/30/2026,12/30/2030,DINAS LINGKUNGAN HIDUP,BAIK,AKTIF,TERCATAT DI BKAD
KTVP 8501,,DINAS PENANGGULANGAN KEBAKARAN DAN PENYELAMATAN,BADAN PENANGGULANGAN BENCANA DAERAH (BPB,F,TOYOTA,HILUX PICK UP 2.5L DSL MT,2016,MR0ES8BB2G0061875,2KDU895145,12/28/2026,12/28/2026,DINAS PENANGGULANGAN KEBAKARAN DAN PENYELAMATAN,BAIK,AKTIF,TERCATAT DI BKAD
KTVP 8504,,"DINAS PERUMAHAN, KAWASAN PERMUKIMAN DAN PERTANAHAN",DINAS KEBERSIHAN PERTAMANAN DAN PEMAKAMA,G,ISUZU,NKR 71 E2-2,2015,MHCNKR71HFJ070199,B070199,10/21/2026,10/21/2030,DINAS PERUMAHAN KAWASAN PERMUKIMAN DAN PERTAMANAN,BAIK,AKTIF,TERCATAT DI BKAD
KTVP 8505,,DINAS LINGKUNGAN HIDUP,DINAS KEBERSIHAN PERTAMANAN DAN PEMAKAMA,G,ISUZU,NKR 71 E2-2,2015,MHCNKR71HFJ070157,B070157,12/15/2026,12/15/2030,DINAS LINGKUNGAN HIDUP,BAIK,AKTIF,TERCATAT DI BKAD
KTVP 8506,,DINAS LINGKUNGAN HIDUP,DINAS KEBERSIHAN PERTAMANAN DAN PEMAKAMA,G,ISUZU,NKR 71 HD E2-2,2015,MHCNKR71HFJ070588,B070588,10/21/2026,10/21/2030,DINAS LINGKUNGAN HIDUP,BAIK,AKTIF,TERCATAT DI BKAD
KTVP 8507,,DINAS LINGKUNGAN HIDUP,DKPP BIDANG KEBERSIHAN,G,TOYOTA,DYNA 130 HT,2015,MHFC1JU43F5125864,W04DT-RR21665,11/17/2026,11/17/2030,DINAS LINGKUNGAN HIDUP,RUSAK BERAT,TIDAK AKTIF,TERCATAT DI BKAD
KTVP 8508,,DINAS PENANGGULANGAN KEBAKARAN DAN PENYELAMATAN,BADAN PENANGGULANGAN BENCANA DAERAH,G,HINO,FG8JJ1D-BGJ (4X2),2015,MJEFG8JJ1FJB10195,J08EUGJ49677,2/19/2026,2/19/2026,DINAS PENANGGULANGAN KEBAKARAN DAN PENYELAMATAN,BAIK,AKTIF,TERCATAT DI BKAD
KTVP 8509,,DINAS PEKERJAAN UMUM DAN PENATAAN RUANG,DINAS PEKERJAAN UMUM KAB.PPU,G,HINO,FM8JW1A-EGJ TRONTON (6X4),2015,MJEFM8JW1FJE10309,J08EUFJ73273,10/13/2026,10/13/2026,DINAS PU DAN PENATAAN RUANG,BAIK,AKTIF,TERCATAT DI BKAD
KTVP 8510,,DINAS PEKERJAAN UMUM DAN PENATAAN RUANG,DINAS PEKERJAAN UMUM KAB.PPU,G,HINO,FM8JW1A-EGJ TRONTON (6X4),2015,MJEFM8JW1FJE10308,J08EUFJ73272,10/13/2026,10/13/2026,DINAS PU DAN PENATAAN RUANG,BAIK,AKTIF,TERCATAT DI BKAD
KTVP 8511,KTV- 8531,"DINAS PERUMAHAN, KAWASAN PERMUKIMAN DAN PERTANAHAN",DINAS PEKERJAAN UMUM,G,TOYOTA,DYNA 130 HT,2012,MHFC1JU43C5066710,W04DT-RJ68272,12/27/2026,12/27/2027,DINAS PERUMAHAN KAWASAN PERMUKIMAN DAN PERTAMANAN,BAIK,AKTIF,TERCATAT DI BKAD
KTVP 8512,KTV- 8528,SEKRETARIAT DAERAH,PEMERINTAH KABUPATEN PPU,G,TOYOTA,DYNA 130 HT,2012,MHFC1JU43C5057187,W04DT-RJ59604,1/17/2027,1/17/2028,SEKRETARIAT DAERAH,BAIK,AKTIF,TERCATAT DI BKAD
KTVP 8514,KTV- 8517,DINAS PEKERJAAN UMUM DAN PENATAAN RUANG,DINAS KIMPRASWIL PEMERINTAH PPU,G,ISUZU,NKR 71 E2,2008,MHCNK71LY8J007840,B007840,2/19/2027,2/19/2028,DINAS PU DAN PENATAAN RUANG,BAIK,AKTIF,TERCATAT DI BKAD
KTVP 8515,KTV- 8527,DINAS PERTANIAN,DINAS KEHUTANAN DAN PERKEBUNAN KAB.PPU,G,TOYOTA,DYNA 130 HT,2012,MHFC1JU43C5063251,W04DT-RJ64993,12/7/2026,12/7/2027,DINAS PERTANIAN,BAIK,AKTIF,TERCATAT DI BKAD
KTVP 8516,KTV- 8516,DINAS PEKERJAAN UMUM DAN PENATAAN RUANG,DINAS KIMPRASWIL PEMERINTAH PPU,G,ISUZU,NKR 71 HD E2,2008,MHCNK71LY8J007838,B007838,2/19/2027,2/19/2028,DINAS PU DAN PENATAAN RUANG,BAIK,AKTIF,TERCATAT DI BKAD
KTVP 8517,KTV- 8532,DINAS LINGKUNGAN HIDUP,DINAS PEKERJAAN UMUM,G,TOYOTA,DYNA 130 HT,2012,MHFC1JU43C5063363,W04DTRJ65058,1/11/2027,1/11/2028,DINAS LINGKUNGAN HIDUP,BAIK,AKTIF,TERCATAT DI BKAD
KTVP 8518,KTV- 8530,DINAS LINGKUNGAN HIDUP,DINAS PEKERJAAN UMUM,G,TOYOTA,DYNA 130 HT,2012,MHFC1JU43C5065797,W04DT-RJ67354,12/27/2026,12/27/2027,DINAS LINGKUNGAN HIDUP,BAIK,AKTIF,TERCATAT DI BKAD
KTVP 8519, ,DINAS LINGKUNGAN HIDUP,D.L.H. BIDANG PENGELOLAAN SAMPAH DAN LIM,G,ISUZU,NMR 71T HD 5.8,2019,MHCNMR71HKJ102543,B102543,11/29/2026,11/29/2029,DINAS LINGKUNGAN HIDUP,BAIK,AKTIF,TERCATAT DI BKAD
KTVP 8520, ,DINAS LINGKUNGAN HIDUP,D.L.H. BIDANG PENGELOLAAN SAMPAH DAN LIM,G,ISUZU,NMR 71T HD 5.8,2019,MHCNMR71HKJ102544,B102544,11/29/2026,11/29/2029,DINAS LINGKUNGAN HIDUP,BAIK,AKTIF,TERCATAT DI BKAD
KTVP 8521, ,DINAS LINGKUNGAN HIDUP,D.L.H. BIDANG PENGELOLAAN SAMPAH DAN LIM,G,ISUZU,NMR 71T HD 5.8,2019,MHCNMR71HKJ102542,B102542,11/29/2026,11/29/2029,DINAS LINGKUNGAN HIDUP,BAIK,AKTIF,TERCATAT DI BKAD
KTVP 8522, ,DINAS LINGKUNGAN HIDUP,D.L.H. BIDANG PENGELOLAAN SAMPAH DAN LIM,G,ISUZU,NMR 71T HD 5.8,2019,MHCNMR71HKJ102633,B102633,11/29/2026,11/29/2029,DINAS LINGKUNGAN HIDUP,BAIK,AKTIF,TERCATAT DI BKAD
KTVP 8523, ,SATUAN POLISI PAMONG PRAJA,SATUAN POLISI PAMONG PRAJA KAB. PPU,G,ISUZU,NMR 71T SD,2019,MHCNMR71HKJ105447,B105447,9/11/2026,9/11/2029,SATPOL PP,BAIK,AKTIF,TERCATAT DI BKAD
KTVP 8524,KTV- 8529,DINAS LINGKUNGAN HIDUP,DINAS PEKERJAAN UMUM,G,TOYOTA,DYNA 130 HT,2012,MHFC1JU43C5065453,W04DTRJ67035,1/8/2027,1/8/2028,DINAS LINGKUNGAN HIDUP,RUSAK BERAT,TIDAK AKTIF,TERCATAT DI BKAD
KTVP 8525,KTV- 8536,DINAS LINGKUNGAN HIDUP,DINAS KEBERSIHAN PERTAMANAN DAN PEMAKAMA,G,TOYOTA,DYNA 130 HT,2014,MHFC1JU43E5108788,W04DTRR07804,10/16/2026,10/16/2029,DINAS LINGKUNGAN HIDUP,BAIK,AKTIF,TERCATAT DI BKAD
KTVP 8526,KTV- 8535,"DINAS PERUMAHAN, KAWASAN PERMUKIMAN DAN PERTANAHAN",DINAS KEBERSIHAN PERTAMANAN DAN PEMAKAMA,G,TOYOTA,DYNA 130 HT,2014,MHFC1JU43E5110225,W04DT-RR09093,10/16/2026,10/16/2029,DINAS PERUMAHAN KAWASAN PERMUKIMAN DAN PERTAMANAN,BAIK,AKTIF,TERCATAT DI BKAD
KTVP 8527,KTV- 8537,DINAS PERTANIAN,DINAS KEHUTANAN DAN PERKEBUNAN,G,TOYOTA,DYNA 130 HT,2014,MHFC1JU43E5115376,W04DT-RR13872,10/14/2026,10/14/2029,DINAS PERTANIAN,RUSAK BERAT,TIDAK AKTIF,TERCATAT DI BKAD
KTVP 8528,KTV- 8533,DINAS PEKERJAAN UMUM DAN PENATAAN RUANG,DINAS PEKERJAAN UMUM KAB.PPU,G,ISUZU,NKR 71 HD E2-2,2014,MHCNKR71HEJ059619,B059619,10/23/2026,10/23/2029,DINAS PU DAN PENATAAN RUANG,BAIK,AKTIF,TERCATAT DI BKAD
KTVP 8529,KTV- 8534,DINAS PEKERJAAN UMUM DAN PENATAAN RUANG,DINAS PEKERJAAN UMUM KAB.PPU,G,ISUZU,NKR 71 HD E2-2,2014,MHCNKR71HEJ059618,B059618,10/23/2026,10/23/2029,DINAS PU DAN PENATAAN RUANG,BAIK,AKTIF,TERCATAT DI BKAD
KTV- 7005,,RSUD RATU AJI PUTRI BOTUNG,RSUD KAB.PENAJAM PASER UTARA,D,ISUZU,NHR 55 E2,2009,MHCNH55EY9JO29090,M029090,5/31/2020,5/31/2020,RSUD,BAIK,AKTIF,TIDAK ADA KETERANGAN
KTVP 8531,KTV- 8539,DINAS PEKERJAAN UMUM DAN PENATAAN RUANG,DINAS PEKERJAAN UMUM KAB.PPU,G,ISUZU,NKR 71 HD E2-2,2014,MHCNKR71HEJ064696,B064696,12/30/2026,12/30/2029,DINAS PU DAN PENATAAN RUANG,BAIK,AKTIF,TERCATAT DI BKAD
KTVP 8532,KTV- 8541,DINAS PEKERJAAN UMUM DAN PENATAAN RUANG,DINAS PEKERJAAN UMUM KAB.PPU,G,ISUZU,NKR 71 HD E2-2,2014,MHCNKR71HEJ064698,B064698,12/30/2026,12/30/2029,DINAS PU DAN PENATAAN RUANG,BAIK,AKTIF,TERCATAT DI BKAD
KTVP 9947, ,RSUD RATU AJI PUTRI BOTUNG,RSUD KABUPATEN PENAJAM PASER UTARA,C,MITSUBISHI,TRITON 2.4L SC GLX (4X2) M/T,2023,MMBEJKK10PH061766,4N15UKA3415,11/8/2025,11/8/2028,RSUD,BAIK,AKTIF,TERCATAT DI BKAD
KTVP 8534,KTV- 8540,DINAS PEKERJAAN UMUM DAN PENATAAN RUANG,DINAS PEKERJAAN UMUM KAB.PPU,G,ISUZU,NKR 71 HD E2-2,2014,MHCNKR71HEJ059626,B059626,12/30/2026,12/30/2029,DINAS PU DAN PENATAAN RUANG,BAIK,AKTIF,TERCATAT DI BKAD
KTVP 8535,KTV- 8542,DINAS PEKERJAAN UMUM DAN PENATAAN RUANG,DINAS PEKERJAAN UMUM KAB.PPU,G,ISUZU,NKR 71 HD E2-2,2014,MHCNKR71HEJ064695,B064695,12/30/2026,12/30/2029,DINAS PU DAN PENATAAN RUANG,BAIK,AKTIF,TERCATAT DI BKAD
KTVP 8536,KTV- 8543,PENGELOLA (BKAD),DINAS PEKERJAAN UMUM KAB.PPU,G,HINO,WU342R-HKMRJD3L (130MDL),2014,MJEC1JG43E5104393,W04DTRR-03989,12/30/2024,12/30/2024,PENGELOLA,RUSAK BERAT,TIDAK AKTIF,LELANG
KTVP 8537,KTV- 8544,PENGELOLA (BKAD),DINAS PEKERJAAN UMUM KAB.PPU,G,HINO,WU342R-HKMRJD3L (130MDL),2014,MHJEC1JG43E5104538,W04DTRR-04194,12/30/2024,12/30/2024,PENGELOLA,RUSAK BERAT,TIDAK AKTIF,LELANG
KTVP 8538,KTV- 8538,DINAS PERHUBUNGAN,PEMDA KABUPATEN PENAJAM PASER UTARA,G,HINO,130 HD (WU342R - HKMTJD3),2014,MJEC1JG43E5111856,W04DTRR-11506,11/18/2026,11/18/2029,DINAS PERHUBUNGAN,BAIK,AKTIF,TERCATAT DI BKAD
KTVP 8540,KTV- 8524,DINAS LINGKUNGAN HIDUP,DINAS PU BIDANG KEBERSIHAN DAN PERTAMANA,G,TOYOTA,NEW DYNA 130 HT WU342R-TKMTJD3,2011,MHFC1JU43B5032948,W04DT-RJ37405,10/21/2026,10/21/2026,DINAS LINGKUNGAN HIDUP,RUSAK BERAT,TIDAK AKTIF,TERCATAT DI BKAD
KTVP 8541,KTV- 8515,PENGELOLA (BKAD),DINAS KIMPRASWIL PEMERINTAH KAB.PPU,G,ISUZU,NKR 71 E2,2008,MHCNK71LY8J007839,B007839,2/19/2025,2/19/2028,PENGELOLA,RUSAK BERAT,TIDAK AKTIF,LELANG
KTVP 8542,KTV- 8518,PENGELOLA (BKAD),DINAS KIMPRASWIL PEMERINTAH PPU,G,ISUZU,NKR 71 HD E2,2008,MHCNK71LYBJ007841,BOO7841,2/19/2025,2/19/2028,PENGELOLA,RUSAK BERAT,TIDAK AKTIF,LELANG
KTVP 8543,KTV- 8552,DINAS PEKERJAAN UMUM DAN PENATAAN RUANG,DINAS PEKERJAAN UMUM KAB.PPU,G,ISUZU,NKR 71 HD E2-2,2015,MHCNKR71HFJ067736,B067736,8/25/2026,8/25/2030,DINAS PU DAN PENATAAN RUANG,BAIK,AKTIF,TERCATAT DI BKAD
KTV- 1193,,SEKRETARIAT DAERAH,PEMERINTAH KABUPATEN PENAJAM PASER UTARA,C,DAIHATSU,F600RV-GMRFJJ XENIA VVTI-1.0L,2009,MHKV1AA2J9K063250,DP06704,1/20/2020,1/20/2020,PEMKAB PPU,BAIK,AKTIF,TIDAK ADA KETERANGAN
KTV- 1274,,SEKRETARIAT DAERAH,PEMERINTAH KAB.PENAJAM PASER UTARA,C,TOYOTA,KIJANG INNOVA G TGN40R-GKMDKD,2012,MHFXW42G8C2226427,1TR-7324097,5/4/2022,5/4/2022,SEKRETARIAT DAERAH,BAIK,AKTIF,TERCATAT DI BKAD
KTVP 8546,KTV- 8548,DINAS PEKERJAAN UMUM DAN PENATAAN RUANG,DINAS PEKERJAAN UMUM KAB.PPU,G,ISUZU,NKR 71 E2-2,2015,MHCNKR71HFJ070389,B070389,9/28/2026,9/28/2030,DINAS PU DAN PENATAAN RUANG,BAIK,AKTIF,TERCATAT DI BKAD
KTVP 8547,KTV- 8549,DINAS PEKERJAAN UMUM DAN PENATAAN RUANG,DINAS PEKERJAAN UMUM KAB.PPU,G,ISUZU,NKR 71 E2-2,2015,MHCNKR71HFJ070394,B070394,9/28/2026,9/28/2030,DINAS PU DAN PENATAAN RUANG,BAIK,AKTIF,TERCATAT DI BKAD
KTVP 8548,KTV- 8508,DINAS PENANGGULANGAN KEBAKARAN DAN PENYELAMATAN,PEMKAB PENAJAM PASER UTARA,G,MITSUBISHI,FE 334,2004,MHMFE334E4R030991,4D31 - 4X7781,8/30/2025,8/30/2025,DINAS PENANGGULANGAN KEBAKARAN DAN PENYELAMATAN,RUSAK BERAT,TIDAK AKTIF,TERCATAT DI BKAD
KTVP 8549,KTV- 8509,DINAS PENANGGULANGAN KEBAKARAN DAN PENYELAMATAN,PEMKAB PENAJAM PASER UTARA,G,MITSUBISHI,FE 334,2004,MHMFE334E4R030967,4D31 - 4X7713,8/30/2026,8/30/2030,DINAS PENANGGULANGAN KEBAKARAN DAN PENYELAMATAN,BAIK,AKTIF,TERCATAT DI BKAD
KTVP 8550,KTV- 8510,DINAS PENANGGULANGAN KEBAKARAN DAN PENYELAMATAN,PEMKAB PENAJAM PASER UTARA,G,MITSUBISHI,FE 334,2005,MHMFE334E5R031317,4D31 - 4Y8509,8/30/2026,8/30/2030,DINAS PENANGGULANGAN KEBAKARAN DAN PENYELAMATAN,BAIK,AKTIF,TERCATAT DI BKAD
KTVP 8551, ,DINAS KEPENDUDUKAN DAN PENCATATAN SIPIL,PEMERINTAH KABUPATEN PENAJAM PASER UTARA,G,ISUZU,NLR 55T LX,2020,MHCNLR55HLJ088658,M088658,10/8/2026,10/8/2030,DINAS KEPENDUDUKAN DAN PENCATATAN SIPIL,BAIK,AKTIF,TERCATAT DI BKAD
KTVP 8552,KTV  8506,DINAS PENANGGULANGAN KEBAKARAN DAN PENYELAMATAN,PEMKAB PENAJAM PASER UTARA,G,MITSUBISHI,FE 334,2004,MHMFE334E4R031007,4D31-4X7822,8/30/2025,8/30/2025,DINAS PENANGGULANGAN KEBAKARAN DAN PENYELAMATAN,RUSAK BERAT,TIDAK AKTIF,TERCATAT DI BKAD
KTVP 8553,KTV  8507,BADAN PENANGGULANGAN BENCANA DAERAH,PEMKAB PENAJAM PASER UTARA,G,MITSUBISHI,FE 334,2004,MHMFE334E4R030743,4D31-407216,8/30/2026,8/30/2030,BADAN PENANGGULANGAN BENCANA DAERAH,BAIK,AKTIF,TERCATAT DI BKAD
KTVP 8554,KTV- 8520,"DINAS PERUMAHAN, KAWASAN PERMUKIMAN DAN PERTANAHAN",DINAS PU BID.KEBERSIHAN DAN PERTAMANAN P,G,TOYOTA,DYNA 130 HT,2010,MHFC1JU43A5013952,W04DTRJ21549,1/21/2027,1/21/2031,DINAS PERUMAHAN KAWASAN PERMUKIMAN DAN PERTAMANAN,BAIK,AKTIF,TERCATAT DI BKAD
KTVP 8556, ,DINAS PEKERJAAN UMUM DAN PENATAAN RUANG,DINAS PEKERJAAN UMUM DAN PENATAAN RUANG,G,ISUZU,NMR 71T HD 6.1,2021,MHCNMR71HMJ117703,B117703,8/24/2026,8/24/2026,DINAS PU DAN PENATAAN RUANG,BAIK,AKTIF,TERCATAT DI BKAD
KTVP 8557, ,DINAS PEKERJAAN UMUM DAN PENATAAN RUANG,DINAS PEKERJAAN UMUM DAN PENATAAN RUANG,G,ISUZU,NMR 71T HD 6.1,2021,MHCNMR71HMJ119994,B119994,10/14/2026,10/14/2026,DINAS PU DAN PENATAAN RUANG,BAIK,AKTIF,TERCATAT DI BKAD
KTVP 8559, ,DINAS PEKERJAAN UMUM DAN PENATAAN RUANG,DINAS PEKERJAAN UMUM DAN PENATAAN RUANG,G,ISUZU,NMR 71T HD 6.1,2021,MHCNMR71HMJ119993,B119993,10/14/2026,10/14/2026,DINAS PU DAN PENATAAN RUANG,BAIK,AKTIF,TERCATAT DI BKAD
KTVP 8561, ,DINAS LINGKUNGAN HIDUP,DINAS LINGKUNGAN HIDUP KABUPATEN PENAJAM,G,HINO,130 HD (WU342R - HKMTJD3),2021,MJEC1JG43M5198684,W04DTRR88379,3/16/2027,3/16/2027,DINAS LINGKUNGAN HIDUP,BAIK,AKTIF,TIDAK ADA KETERANGAN
KTVP 8562,,DINAS KESEHATAN,DINAS KESEHATAN KAB.PENAJAM PASER UTARA,F,TOYOTA,HILUX 2.4E DC 4X4 MT (GUN125R-DTFLXD),2021,MR0DB8CD4M0122991,2GD-1052891,3/22/2027,3/22/2027,DINAS KESEHATAN,BAIK,AKTIF,TERCATAT DI BKAD
KTVP 8563,KTV  8522,SEKRETARIAT DAERAH,PEMKAB PPU,G,TOYOTA,DYNA 130 HT,2010,MHFC1JU43A5016292,W04DT-RJ23694,1/21/2026,1/21/2026,SEKRETARIAT DAERAH,Pinjam Pakai,TIDAK AKTIF,PINJAM PAKAI
KTVP 8565,KTV  8058,KECAMATAN BABULU,KANTOR CAMAT BABULU,F,TOYOTA,HILUX 2.5G DC (4X4) MT,2012,MROFR22G6C0609508,2KD-S041836,7/4/2026,7/4/2027,KECAMATAN BABULU,RUSAK BERAT,TIDAK AKTIF,TERCATAT DI BKAD
KTVP 8566,KTV  8053,DINAS LINGKUNGAN HIDUP,KANTOR LINGKUNGAN HIDUP KAB. PPU,F,MITSUBISHI,STRADA CR 2.5A DC GLS-AB MT4X4,2011,MMBJNKB40CD006632,4D56UCCY3874,2/2/2027,2/2/2027,DINAS LINGKUNGAN HIDUP,BAIK,AKTIF,TERCATAT DI BKAD
KTVP 8568, ,DINAS PENANGGULANGAN KEBAKARAN DAN PENYELAMATAN,DINAS PENAGGULANGAN KEBAKARAN DAN PENYEL,G,HINO,XZU349R-HKMRAD3,2022,MJECCA0F1N5007827,N04CWVJ11983,6/21/2026,6/21/2029,DINAS PENANGGULANGAN KEBAKARAN DAN PENYELAMATAN,BAIK,AKTIF,TERCATAT DI BKAD
KTVP 8570, ,DINAS PEKERJAAN UMUM DAN PENATAAN RUANG,DINAS PEKERJAAN UMUM DAN PENATAAN RUANG,G,MITSUBISHI,CANTER FE 75 SHDX N (4X2) M/T,2023,MHMFE75EKPK011052,4V21-Z17802,5/23/2027,5/23/2028,DINAS PU DAN PENATAAN RUANG,BAIK,AKTIF,TERCATAT DI BKAD
KTVP 8571, ,DINAS PEKERJAAN UMUM DAN PENATAAN RUANG,DINAS PEKERJAAN UMUM DAN PENATAAN RUANG,G,MITSUBISHI,CANTER FE 75 SHDX N (4X2) M/T,2023,MHMFE75EKPK011056,4V21-Z17798,5/23/2027,5/23/2028,DINAS PU DAN PENATAAN RUANG,BAIK,AKTIF,TERCATAT DI BKAD
KTVP 8572,KTV- 8055,PENGELOLA (BKAD),KANTOR CAMAT SEPAKU,F,TOYOTA,HILUX 2.5G DC (4X4) MT,2012,MR0FR22G3C0607618,2KD-S032558,5/1/2025,5/1/2027,PENGELOLA,RUSAK BERAT,TIDAK AKTIF,LELANG
KTVP 8573,KTV  8018,PENGELOLA (BKAD),PEMKAB PENAJAM PASER UTARA,F,TOYOTA,HILUX 3.0 DC (KUN26R-PRMDYQ3),2006,MR0FZ226761011121,1KD-7155683,9/27/2025,9/27/2027,PENGELOLA,RUSAK BERAT,TIDAK AKTIF,LELANG
KTVP 8574,KTV  8523,SEKRETARIAT DAERAH,PEMKAB PPU,G,TOYOTA,DYNA 130 HT,2010,MHFC1JU43A5016733,W04DTRJ24101,1/21/2026,1/21/2026,SEKRETARIAT DAERAH,Pinjam Pakai,TIDAK AKTIF,PINJAM PAKAI
KTVP 8575, ,DINAS LINGKUNGAN HIDUP,DINAS LINGKUNGAN HIDUP KABUPATEN PENAJAM,G,ISUZU,NMR81U-HAYIN45.8 (4X2) M/T,2023,MHCNMR81HPJ107825,G107825,5/2/2026,5/2/2029,DINAS LINGKUNGAN HIDUP,BAIK,AKTIF,TERCATAT DI BKAD
KTVP 8576, ,DINAS KOMUNIKASI DAN INFORMATIKA,KANTOR DINAS KOMUNIKASI DAN INFORMATIKA,F,TOYOTA,HILUX 2.4G DC 4X4 M/T (GUN125R-DTFSXD),2023,MR0KB8CD2P1148219,2GD-D313475,12/22/2026,12/22/2028,"DINAS KOMUNIKASI DAN INFORMATIKA, STATISTIK DAN PERSANDIAN",BAIK,AKTIF,TERCATAT DI BKAD
KTVP 8580, ,DINAS PEKERJAAN UMUM DAN PENATAAN RUANG,DINAS PEKERJAAN UMUM DAN PENATAAN RUANG,G,MITSUBISHI,CANTER FE 75 SHDX N (4X2) M/T,2023,MHMFE75EKPK017260,4V21-Z64843,2/7/2027,2/7/2029,DINAS PU DAN PENATAAN RUANG,BAIK,AKTIF,TERCATAT DI BKAD
KTVP 8581, ,DINAS PEKERJAAN UMUM DAN PENATAAN RUANG,DINAS PEKERJAAN UMUM DAN PENATAAN RUANG,G,MITSUBISHI,CANTER FE 75 SHDX N (4X2) M/T,2023,MHMFE75EKPK017271,4V21-Z64854,1/9/2027,1/9/2029,DINAS PU DAN PENATAAN RUANG,BAIK,AKTIF,TERCATAT DI BKAD
KTVP 8582, ,DINAS PEKERJAAN UMUM DAN PENATAAN RUANG,DINAS PEKERJAAN UMUM DAN PENATAAN RUANG,G,MITSUBISHI,CANTER FE 75 SHDX N (4X2) M/T,2023,MHMFE75EKPK017263,4V21-Z64826,1/9/2027,1/9/2029,DINAS PU DAN PENATAAN RUANG,BAIK,AKTIF,TERCATAT DI BKAD
KTVP 8583, ,BADAN PENANGGULANGAN BENCANA DAERAH,BADAN PENANGGULANGAN BENCANA DAERAH KAB.,F,TOYOTA,HILUX 2.4E DC 4X4 MT (GUN125R-DTFLXD),2023,MR0DB8CD2P0193529,2GD-1484889,4/5/2027,4/5/2029,BADAN PENANGGULANGAN BENCANA DAERAH,BAIK,AKTIF,TERCATAT DI BKAD
KTVP 8587, ,DINAS LINGKUNGAN HIDUP,DINAS LINGKUNGAN HIDUP KABUPATEN PENAJAM,G,HINO,XZU349R-HKMTBD3,2024,MJECCB2F3R5021205,N04CWYJ31301,10/8/2026,10/8/2029,DINAS LINGKUNGAN HIDUP,BAIK,AKTIF,TERCATAT DI BKAD
KTVP 8589, ,DINAS LINGKUNGAN HIDUP,DINAS LINGKUNGAN HIDUP KABUPATEN PENAJAM,G,HINO,XZU349R-HKMTBD3,2024,MJECCB2F7R5020932,N04CWYJ30958,10/8/2026,10/8/2029,DINAS LINGKUNGAN HIDUP,BAIK,AKTIF,TERCATAT DI BKAD
KTVP 8590, ,DINAS KESEHATAN,DINAS KESEHATAN KAB. PPU,F,MITSUBISHI,TRITON 2.5L DC HDX-L (4X4) M/T,2024,MMBJNKL30RH024881,4D56UBM5732,10/15/2026,10/15/2029,DINAS KESEHATAN,BAIK,AKTIF,TERCATAT DI BKAD
KTVP 8591, ,DINAS LINGKUNGAN HIDUP,DINAS LINGKUNGAN HIDUP KABUPATEN PENAJAM,G,HINO,XZU349R-HKMTBD3,2024,MJECCB2F7R5022079,N04CWYJ32050,3/3/2027,3/3/2031,DINAS LINGKUNGAN HIDUP KABUPATEN PENAJAM,BAIK,AKTIF,TIDAK ADA KETERANGAN
KTVP 8592, ,"DINAS PERUMAHAN, KAWASAN PERMUKIMAN DAN PERTANAHAN",DINAS PERUMAHAN KAWASAN PERMUKIMAN DAN P,G,MITSUBISHI,CANTER FE 84 G N (4X2) M/T,2024,MHMFE84EMRK002831,4V21U91241,1/9/2027,1/9/2030,DINAS PERUMAHAN KAWASAN PERMUKIMAN DAN PERTAMANAN,BAIK,AKTIF,TERCATAT DI BKAD
KTVP 8593, ,"DINAS PERUMAHAN, KAWASAN PERMUKIMAN DAN PERTANAHAN",DINAS PERUMAHAN KAWASAN PERMUKIMAN DAN P,G,MITSUBISHI,CANTER FE 75 SHDX N (4X2) M/T,2024,MHMFE75EKRK024569,4V21U89482,1/9/2027,1/9/2030,DINAS PERUMAHAN KAWASAN PERMUKIMAN DAN PERTAMANAN,BAIK,AKTIF,TERCATAT DI BKAD
KTVP 8594, ,DINAS PERHUBUNGAN,DINAS PERHUBUNGAN,G,HINO,FM8JW2A-XGJ,2024,MJEFM8JW2RJX12994,J08EUFJ,11/21/2026,11/21/2030,DISHUB,BAIK,AKTIF,TIDAK ADA KETERANGAN
KTVP 8597, ,DINAS PERHUBUNGAN,DINAS PERHUBUNGAN KABUPATEN PENAJAM PASE,G,HINO,XZU349R-HKMTBD3,2024,MJECCB2F3R5019003,N04CWYJ28824,2/19/2026,2/19/2030,DISHUB,BAIK,AKTIF,TIDAK ADA KETERANGAN
KTVP 8601, ,DINAS PERHUBUNGAN,DINAS PERHUBUNGAN,G,HINO,FG8JJ2D-PGJ,2024,MJEFG8JJ2RJP11006,J08EWEJ20735,11/21/2026,11/21/2030,DISHUB,BAIK,AKTIF,TIDAK ADA KETERANGAN
KTVP 8605, ,SEKRETARIAT DAERAH,SEKRETARIAT DAERAH KABUPATEN PENAJAM PAS,F,DAIHATSU,S403RP-PMRFJJ NP,2025,MHKP3FA1JSK105832,2NR4E69913,11/27/2026,11/27/2030,SEKKAB PPU,BAIK,AKTIF,TIDAK ADA KETERANGAN
KTVP 8615,B TQU9374,BADAN PENANGGULANGAN BENCANA DAERAH,BNPB PEMKAB PENAJAM PASER UTARA,G,MITSUBISHI,COLT DIESEL FE 74 HDV (4X2) MT,2019,MHMFE74P5KK208189,4D34TT79508,4/13/2027,4/13/2031,BADAN PENANGGULANGAN BENCANA DAERAH,RUSAK BERAT,TIDAK AKTIF,TIDAK ADA KETERANGAN
KTVP 8616,B TMA9206,BADAN PENANGGULANGAN BENCANA DAERAH,BPBD PEMKAB PENAJEM PASIR UTARA,G,MITSUBISHI,COLT DIESEL FE 74 HDV (4X2) MT,2019,MHMFE74P5KK208532,4D34TT79636,4/13/2027,4/13/2031,BADAN PENANGGULANGAN BENCANA DAERAH,RUSAK BERAT,TIDAK AKTIF,TIDAK ADA KETERANGAN
KTVP 1096,KTV- 2040,SEKRETARIAT DAERAH,PEMKAB PENAJAM PASER UTARA,C,TOYOTA,KIJANG INNOVA G TGN40R-GKMDKD,2004,MHFXW42G742009470,1TR-6020266,3/15/2025,3/15/2025,SEKRETARIAT DAERAH,BAIK,AKTIF,TERCATAT DI BKAD
KTVP 1324,KTV- 1086,SEKRETARIAT DAERAH,PEMKAB PENAJAM PASER UTARA,C,TOYOTA,KIJANG SUPER LF 82 LONG DIESEL,2003,MHF11LF230050344,2L - 9780006,7/9/2025,7/9/2028,PEMKAB PPU,BAIK,AKTIF,TIDAK ADA KETERANGAN
KTVP 9033,,KELURAHAN SESUMPU,KELURAHAN SESUMPU KAB.PPU,C,SUZUKI,GC415V APV SDX MT,2015,MHYGDN42VFJ402872,G15AID-360329,11/27/2026,11/27/2030,KELURAHAN SESUMPU,BAIK,AKTIF,TERCATAT DI BKAD
KTVP 4152,KTV  2775,SEKRETARIAT DAERAH,DINAS UKM PERINDAGKOP KAB. PPU,R,HONDA,GL160 D,2009,MH1KC12139K203861,KC12E-1203145,3/1/2022,3/1/2025,SEKRETARIAT DAERAH,BAIK,AKTIF,TERCATAT DI BKAD
KTVP 9035,,KELURAHAN SEPAN,KANTOR KELURAHA SEPAN KAB.PPU,C,SUZUKI,GC415V APV SDX MT,2015,MHYGDN42VFJ403839,G15AID-363401,12/29/2026,12/29/2030,KELURAHAN SEPAN,BAIK,AKTIF,TERCATAT DI BKAD
KTVP 1067,,SEKRETARIAT DPRD,SEKRETARIAT DAERAH KAB.PPU,C,TOYOTA,KIJANG INNOVA V GKMNKD,2014,MHFXW43G1E4089966,1TR-7897787,12/29/2025,12/29/2029,SEKRETARIAT DPRD,BAIK,AKTIF,TERCATAT DI BKAD
KTVP 1355,KTV- 1299,SEKRETARIAT DPRD,SEKRETARIAT DPRD KAB.PPU,C,TOYOTA,KIJANG INNOVA G AT GKPDKD,2012,MHFXW42GXC2242810,1TR-7447456,12/20/2025,12/20/2027,SEKRETARIAT DPRD,BAIK,AKTIF,TERCATAT DI BKAD
KTVP 9038,,KELURAHAN BULUMINUNG,KANTOR KELURAHAN BULUMINUNG,C,SUZUKI,GC415V APV SDX MT,2015,MHYGDN42VFJ403559,G15AID-362080,12/29/2026,12/29/2030,KELURAHAN BULUMINUNG,BAIK,AKTIF,TERCATAT DI BKAD
KTVP 9039,,KELURAHAN JENEBORA,KANTOR KELURAHAN JENEBORA,C,SUZUKI,GC415V APV SDX MT,2015,MHYGDN42VFJ403707,G15AID-362246,1/28/2026,1/28/2026,KELURAHAN JENEBORA,RUSAK BERAT,TIDAK AKTIF,TERCATAT DI BKAD
KTVP 9040,,KELURAHAN SALOLOANG,KANTOR KELURAHAN SALOLOANG,C,SUZUKI,GC415V APV SDX MT,2015,MHYGDN42VFJ403909,G15AID363479,2/23/2027,2/23/2031,KELURAHAN SALOLOANG,BAIK,AKTIF,TERCATAT DI BKAD
KTVP 9041,,KELURAHAN TANJUNG TENGAH,KANTOR KELURAHAN TANJUNG TENGAH,C,SUZUKI,GC415V APV SDX MT,2015,MHYGDN42VFJ403690,G15AID362260,3/17/2027,3/17/2031,KELURAHAN TANJUNG TENGAH,BAIK,AKTIF,TERCATAT DI BKAD
KTVP 9042,,KELURAHAN KAMPUNG BARU,KANTOR KELURAHAN KAMPUNG BARU,C,SUZUKI,GC415V APV SDX MT,2015,MHYGDN42VFJ403867,G15AID363486,3/17/2027,3/17/2031,KELURAHAN KAMPUNG BARU,BAIK,AKTIF,TERCATAT DI BKAD
KTVP 9043,,KELURAHAN RIKO,KANTOR KELURAHAN RIKO,C,SUZUKI,GC415V APV SDX MT,2015,MHYGDN42VFJ403735,G15AID362350,3/17/2026,3/17/2026,KELURAHAN RIKO,BAIK,AKTIF,TERCATAT DI BKAD
KTVP 9045,KTV  2088,PENGELOLA (BKAD),DINAS KESEHATAN PPU,C,TOYOTA,KIJANG STANDAR KF 60 SHORT,2006,MHF31KF6060053805,7K-0861361,4/27/2026,4/27/2027,PENGELOLA,BAIK,AKTIF,TERCATAT DI BKAD
KTVP 9903,KTV- 2089,PENGELOLA (BKAD),DINAS KESEHATAN PPU,C,TOYOTA,KIJANG STANDAR KF 60 SHORT,2006,MHF31KF6060049774,7K - 0846154,4/27/2024,4/27/2027,PENGELOLA,RUSAK BERAT,TIDAK AKTIF,LELANG
KTVP 9904,,DINAS PENANGGULANGAN KEBAKARAN DAN PENYELAMATAN,BADAN PENANGGULANGAN BENCANA DAERAH,G,HINO,WU342R-HKMTJD3 M/T,2016,MJEC1JG4G5144649,W04DTRR-37601,7/22/2026,7/22/2027,DINAS PENANGGULANGAN KEBAKARAN DAN PENYELAMATAN,BAIK,AKTIF,TERCATAT DI BKAD
KTVP 9905,KTV- 1100,DINAS KESEHATAN,RSUD PENAJAM,C,MITSUBISHI,L 200 2.5 L SCIN (4x4),2005,MMBONK6405D060597,4D56BY1419,10/25/2026,10/25/2027,DINAS KESEHATAN,RUSAK BERAT,TIDAK AKTIF,TERCATAT DI BKAD
KTVP 9906,,DINAS KESEHATAN,DINAS KESEHATAN PEMERINTAH KAB.PPU   PPU,C,HYUNDAI,STAREX 2.5 DIESEL MT,2016,MHXMF31JLGJ001013,D4CBG069864,10/30/2026,10/30/2027,DINAS KESEHATAN PKM PENAJAM,BAIK,AKTIF,TERCATAT DI BKAD
KTVP 9907,,DINAS KESEHATAN,DINAS KESEHATAN PEMERINTAH KAB.PPU   PPU,C,HYUNDAI,STAREX 2.5 DIESEL MT,2016,MHXMF31JLGJ001006,D4CBG069844,10/30/2026,10/30/2027,DINAS KESEHATAN PKM SEPAKU III,BAIK,AKTIF,TERCATAT DI BKAD
KTVP 9908,,DINAS KESEHATAN,DINAS KESEHATAN PEMERINTAH KAB.PPU,C,HYUNDAI,STAREX 2.5 DIESEL MT,2016,MHXMF31JLGJ001017,D4CBG069824,10/30/2026,10/30/2027,DINAS KESEHATAN,BAIK,AKTIF,TERCATAT DI BKAD
KTVP 9909,,DINAS KESEHATAN,DINAS KESEHATAN PEMERINTAH KAB.PPU,C,HYUNDAI,STAREX 2.5 DIESEL MT,2016,MHXMF31JLGJ001009,D4CBG069854,10/30/2026,10/30/2027,DINAS KESEHATAN PKM WARU,BAIK,AKTIF,TERCATAT DI BKAD
KTVP 9913,KTV- 2090,DINAS KESEHATAN,DINAS KESEHATAN PPU,C,TOYOTA,KIJANG STANDAR KF 60 SHORT,2006,MHF31KF6060052303,7K - 0856855,4/27/2026,4/27/2027,DINAS KESEHATAN PKM BABULU,RUSAK BERAT,TIDAK AKTIF,TERCATAT DI BKAD
KTVP 9914,KTV- 1079,PENGELOLA (BKAD),DINAS KESEHATAN KAB.PPU,C,FORD,RANGER SC 2.9L (4x4) MT,2007,MNBBSBE407W693960,WLAT860392,5/7/2024,5/7/2028,PENGELOLA,RUSAK BERAT,TIDAK AKTIF,LELANG
KTVP 9915, ,RSUD RATU AJI PUTRI BOTUNG,RSUD RATU AJI PUTRI BOTUNG,C,HYUNDAI,STAREX 2.5 DIESEL MT,2018,MHXMF31JLJJ001142,D4CBH447879,12/17/2026,12/17/2028,RSUD,BAIK,AKTIF,TERCATAT DI BKAD
KTVP 9916, ,RSUD RATU AJI PUTRI BOTUNG,RSUD RATU AJI PUTRI BOTUNG,C,HYUNDAI,STAREX 2.5 DIESEL MT,2018,MHXMF31JLJJ001147,D4CBH447898,12/17/2026,12/17/2028,RSUD,BAIK,AKTIF,TERCATAT DI BKAD
KTVP 1442, ,SEKRETARIAT DPRD,SEKRETARIAT DPRD KABUPATEN PENAJAM PASER,B,MITSUBISHI,PAJERO SPORT 2.4L DAKAR-H 4X4 8 AT,2020,MK2KSWPNULJ000264,4N15UGJ9435,12/22/2025,12/22/2025,SEKRETARIAT DPRD,BAIK,AKTIF,TERCATAT DI BKAD
KTVP 1625, ,SEKRETARIAT DPRD,SEKRETARIAT DPRD KABUPATEN PENAJAM PASER,B,TOYOTA,FORTUNER 2.8 VRZ 4X4 AT (GUN156R-SDTHXD),2024,MHFBA3FS0R1056449,1GD-5664674,12/3/2025,12/3/2029,SEKRETARIAT DPRD,BAIK,AKTIF,TERCATAT DI BKAD
KTVP 9919, ,DINAS KESEHATAN,PEMERINTAH KABUPATEN PENAJAM PASER UTARA,C,HYUNDAI,STAREX 2.5 DIESEL MT,2018,MHXMF31JLJJ001182,D4CBH447871,12/17/2026,12/17/2028,RSUD SEPAKU,BAIK,AKTIF,TERCATAT DI BKAD
KTVP 9920,KTV- 1236,DINAS KESEHATAN,DINAS KESEHATAN KAB.PPU,C,TOYOTA,HILUX PU 2.0 (TGN10R-TRMDKD),2011,MROAW12G9B0029696,1TR-7100464,2/22/2027,2/22/2027,DINAS KESEHATAN PKM MARIDAN,RUSAK BERAT,TIDAK AKTIF,TERCATAT DI BKAD
KTVP 9921,KTV- 1076,PENGELOLA (BKAD),DINAS KESEHATAN KAB.PPU,F,FORD,RANGER PICK UP 2.5L (4X2),2007,MNBBSBE407W694764,WLAT861942,5/7/2024,5/7/2028,PENGELOLA,RUSAK BERAT,TIDAK AKTIF,LELANG
KTVP 9923,KTVA 9004,DINAS KESEHATAN,DINAS KESEHATAN KAB.PPU,C,SUZUKI,GC415V APV SDX MT,2014,MHYGDN42VEJ402385,G15AID-324129,10/24/2026,10/24/2029,DINAS KESEHATAN PKM SOTEK,RUSAK BERAT,TIDAK AKTIF,TERCATAT DI BKAD
KTVP 9924, ,DINAS PENANGGULANGAN KEBAKARAN DAN PENYELAMATAN,DPKP KABUPATEN PENAJAM PASER UTARA,G,HINO,WU342R-HKMTJD3 M/T,2019,MJEC1JG43K5180963,W04DTRR70884,4/20/2027,4/20/2030,DINAS PENANGGULANGAN KEBAKARAN DAN PENYELAMATAN,BAIK,AKTIF,TERCATAT DI BKAD
KTVP 9925, ,DINAS PENANGGULANGAN KEBAKARAN DAN PENYELAMATAN,DPKP KABUPATEN PENAJAM PASER UTARA,G,HINO,WU342R-HKMTJD3 M/T,2019,MJEC1JG43K5180964,W04DTRR70885,4/20/2027,4/20/2030,DINAS PENANGGULANGAN KEBAKARAN DAN PENYELAMATAN,BAIK,AKTIF,TERCATAT DI BKAD
KTVP 9926, ,DINAS PENANGGULANGAN KEBAKARAN DAN PENYELAMATAN,DPKP KABUPATEN PENAJAM PASER UTARA,G,HINO,WU342R-HKMTJD3X1,2020,MJEC1JG43L5189521,W04DTRR78956,9/18/2026,9/18/2030,DINAS PENANGGULANGAN KEBAKARAN DAN PENYELAMATAN,BAIK,AKTIF,TERCATAT DI BKAD
KTVP 9927,KTV- 8513,DINAS PENANGGULANGAN KEBAKARAN DAN PENYELAMATAN,PEMKAB PENAJAM PASER UTARA,G,MITSUBISHI,FE 349,2005,MHMFE349E5R075788,4D34 - 4Y5798,8/30/2026,8/30/2030,DINAS PENANGGULANGAN KEBAKARAN DAN PENYELAMATAN,BAIK,AKTIF,TERCATAT DI BKAD
KTVP 9928,KTV- 8514,DINAS PENANGGULANGAN KEBAKARAN DAN PENYELAMATAN,PEMKAB PENAJAM PASER UTARA,G,MITSUBISHI,FE 349,2005,MHMFE349E5R075816,4D34 - 4Y5739,8/30/2026,8/30/2030,DINAS PENANGGULANGAN KEBAKARAN DAN PENYELAMATAN,BAIK,AKTIF,TERCATAT DI BKAD
KTVP 9930,KTV- 8512,DINAS PENANGGULANGAN KEBAKARAN DAN PENYELAMATAN,PEMKAB PENAJAM PASER UTARA,G,MITSUBISHI,FE 349,2005,MHMFE349E5R075815,4D34 - 4Y5741,8/30/2025,8/30/2025,DINAS PENANGGULANGAN KEBAKARAN DAN PENYELAMATAN,RUSAK BERAT,TIDAK AKTIF,TERCATAT DI BKAD
KTVP 9931,KTV- 8519,DINAS PEKERJAAN UMUM DAN PENATAAN RUANG,DINAS PEKERJAAN UMUM KAB.PPU,G,NISSAN,CWB 45 ALDN,2008,JNBCWB45A8AL01957,PF6-176790B,10/6/2026,10/6/2030,DINAS PU DAN PENATAAN RUANG,BAIK,AKTIF,TERCATAT DI BKAD
KTVP 9932, ,DINAS KESEHATAN,DINAS KESEHATAN KAB.PENAJAM PASER UTARA,C,SUZUKI,GC415V APV SDX MT,2020,MHYGDN42VLJ401248,G15AID437431,10/27/2026,10/27/2030,DINAS KESEHATAN PKM SOTEK,BAIK,AKTIF,TERCATAT DI BKAD
KTVP 9934, ,DINAS KESEHATAN,DINAS KESEHATAN KAB.PENAJAM PASER UTARA,C,SUZUKI,GC415V APV SDX MT,2020,MHYGDN42VLJ401232,G15AID437479,10/27/2026,10/27/2030,DINAS KESEHATAN PKM GUNUNG INTAN,BAIK,AKTIF,TERCATAT DI BKAD
KTVP 9935, ,DINAS PENANGGULANGAN KEBAKARAN DAN PENYELAMATAN,DINAS PENANGULANGAN KEBAKARAN  PENYELAMA,F,ISUZU,TFS6Y D-MAX SC 2.5L R1 (4X4) M/T,2019,MPATFS86JKT006709,UB5997,11/12/2026,11/12/2030,DINAS PENANGGULANGAN KEBAKARAN DAN PENYELAMATAN,BAIK,AKTIF,TERCATAT DI BKAD
KTVP 9936,KTV- 2086,PENGELOLA (BKAD),DINAS KESEHATAN PPU,C,TOYOTA,KIJANG STANDAR KF 60 SHORT,2006,MHF31KF6060054037,7K - 0862294,4/27/2024,4/27/2027,PENGELOLA,RUSAK BERAT,TIDAK AKTIF,LELANG
KTVP 9937,KTV  8511,DINAS PENANGGULANGAN KEBAKARAN DAN PENYELAMATAN,PEMKAB PENAJAM PASER UTARA,G,MITSUBISHI,FE 349,2005,MHMFE349E5R075789,4D34-4Y5792,8/30/2025,8/30/2025,DINAS PENANGGULANGAN KEBAKARAN DAN PENYELAMATAN,RUSAK BERAT,TIDAK AKTIF,TERCATAT DI BKAD
KTVP 9940,KTV  1209,RSUD RATU AJI PUTRI BOTUNG,RSUD KAB. PPU,C,TOYOTA,HILUX PU 2.0 (TGN10R-TRMDKD),2010,MRDAW12G5A0024879,1TR-7017310,1/21/2027,1/21/2031,RSUD,BAIK,AKTIF,TERCATAT DI BKAD
KTVP 9941,KTV  1233,DINAS KESEHATAN,DINAS KESEHATAN KAB. PPU,C,TOYOTA,HILUX PU 2.0 (TGN10R-TRMDKD),2011,MROAW12G6B0029753,1TR-7101180,2/22/2027,2/22/2027,DINAS KESEHATAN PKM GUNUNG INTAN,RUSAK BERAT,TIDAK AKTIF,TERCATAT DI BKAD
KTVP 9942,KTV  1235,DINAS KESEHATAN,DINAS KESEHATAN KAB. PPU,C,TOYOTA,HILUX PU 2.0 (TGN10R-TRMDKD),2011,MROAW12G8B0029544,1TR-7099403,2/22/2027,2/22/2027,DINAS KESEHATAN PKM PETUNG,BAIK,AKTIF,TERCATAT DI BKAD
KTVP 9943,KTV  2087,PENGELOLA (BKAD),DINAS KESEHATAN PPU,C,TOYOTA,KIJANG STANDAR KF 60 SHORT,2006,MHF31KF6060053494,7K-0860335,4/27/2024,4/27/2027,PENGELOLA,RUSAK BERAT,TIDAK AKTIF,LELANG
KTVP 9945, ,DINAS PENANGGULANGAN KEBAKARAN DAN PENYELAMATAN,DINAS PENAGGULANGAN KEBAKARAN DAN PENYEL,G,HINO,XZU349R-HKMTBD3,2022,MJECCB2F5N5007624,N04CWYJ16835,6/21/2026,6/21/2029,DINAS PENANGGULANGAN KEBAKARAN DAN PENYELAMATAN,BAIK,AKTIF,TERCATAT DI BKAD
KTVP 9946, ,DINAS PENANGGULANGAN KEBAKARAN DAN PENYELAMATAN,DINAS PENANGGULANGAN KEBAKARAN DAN PENYE,G,HINO,XZU349R-HKMTBD3,2022,MJECCB2F6N5007566,N04CWYJ16767,6/21/2026,6/21/2029,DINAS PENANGGULANGAN KEBAKARAN DAN PENYELAMATAN,BAIK,AKTIF,TERCATAT DI BKAD
KTVP 1627, ,SEKRETARIAT DPRD,SEKRETARIAT DPRD KABUPATEN PENAJAM PASER,B,TOYOTA,FORTUNER 2.8 VRZ 4X4 AT (GUN156R-SDTHXD),2024,MHFBA3FS9R1056238,1GD-5658070,12/3/2025,12/3/2029,SEKRETARIAT DPRD,BAIK,AKTIF,TERCATAT DI BKAD
KTVP 9948, ,DINAS KESEHATAN,DINAS KESEHATAN KAB. PPU,C,TOYOTA,KIJANG INNOVA 2.0 G MT (TGN140R-MDMSKD),2024,MHFJW8EM0R2412003,1TR-B177360,6/6/2027,6/6/2029,DINAS KESEHATAN PKM PENAJAM,BAIK,AKTIF,TERCATAT DI BKAD
KTVP 9950, ,DINAS KESEHATAN,DINAS KESEHATAN KAB. PPU,C,TOYOTA,KIJANG INNOVA 2.0 G MT (TGN140R-MDMSKD),2024,MHFJW8EM6R2411812,1TR-B168124,6/6/2027,6/6/2029,DINAS KESEHATAN PKM BABULU,BAIK,AKTIF,TERCATAT DI BKAD
KTVP 9951, ,DINAS KESEHATAN,DINAS KESEHATAN KAB. PPU,C,TOYOTA,KIJANG INNOVA 2.0 G MT (TGN140R-MDMSKD),2024,MHFJW8EM2R2411970,1TR-B173553,6/6/2027,6/6/2029,DINAS KESEHATAN PKM SEMOI II,BAIK,AKTIF,TERCATAT DI BKAD
KTVP 9952, ,DINAS KESEHATAN,DINAS KESEHATAN KAB. PPU,C,TOYOTA,KIJANG INNOVA 2.0 G MT (TGN140R-MDMSKD),2024,MHFJW8EM4R2412568,1TR-B187931,6/6/2026,6/6/2029,DINAS KESEHATAN PKM MARIDAN,BAIK,AKTIF,TERCATAT DI BKAD
KTVP 8164, ,SEKRETARIAT DPRD,SEKRETARIAT DPRD KABUPATEN PENAJAM PASER,F,TOYOTA,HILUX 2.4V DOUBLE CABIN 4X4 AT (GUN125R-DTTMHD),2024,MR0BB3CD6R5814805,2GD-D452176,12/3/2025,12/3/2029,SEKRETARIAT DPRD,BAIK,AKTIF,TERCATAT DI BKAD
KTVP 9954, ,DINAS KESEHATAN,DINAS KESEHATAN KAB. PPU,C,TOYOTA,KIJANG INNOVA 2.0 G MT (TGN140R-MDMSKD),2024,MHFJW8EM6R2412538,1TR-B187650,6/6/2027,6/6/2029,DINAS KESEHATAN PKM SOTEK,BAIK,AKTIF,TERCATAT DI BKAD
KTVP 9956, ,DINAS KESEHATAN,DINAS KESEHATAN KAB. PPU,C,TOYOTA,KIJANG INNOVA 2.0 G MT (TGN140R-MDMSKD),2024,MHFJW8EM9R2412498,1TR-B187290,6/6/2027,6/6/2029,DINAS KESEHATAN PKM SEBAKUNG JAYA,BAIK,AKTIF,TERCATAT DI BKAD
KTVP 9957, ,DINAS KESEHATAN,DINAS KESEHATAN KAB. PPU,C,TOYOTA,KIJANG INNOVA 2.0 G MT (TGN140R-MDMSKD),2024,MHFJW8EM9R2412517,1TR-B187476,6/6/2027,6/6/2029,DINAS KESEHATAN PKM GUNUNG INTAN,BAIK,AKTIF,TERCATAT DI BKAD
KTVP 9958, ,DINAS KESEHATAN,DINAS KESEHATAN KAB. PPU,C,TOYOTA,KIJANG INNOVA 2.0 G MT (TGN140R-MDMSKD),2024,MHFJW8EM3R2412559,1TR-B187934,6/6/2026,6/6/2029,DINAS KESEHATAN PKM PETUNG,BAIK,AKTIF,TERCATAT DI BKAD
KTVP 9960, ,DINAS KESEHATAN,DINAS KESEHATAN KAB. PPU,C,TOYOTA,KIJANG INNOVA 2.0 G MT (TGN140R-MDMSKD),2024,MHFJW8EM7R2412600,1TR-B188503,6/6/2027,6/6/2029,DINAS KESEHATAN PKM SEPAKU I ,BAIK,AKTIF,TERCATAT DI BKAD
KTVP 9961, ,DINAS KESEHATAN,DINAS KESEHATAN KAB. PPU,C,TOYOTA,KIJANG INNOVA 2.0 G MT (TGN140R-MDMSKD),2024,MHFJW8EM1R2412589,1TR-B185919,6/6/2027,6/6/2029,DINAS KESEHATAN PKM SEPAKU III,BAIK,AKTIF,TERCATAT DI BKAD
KTVP 9962, ,BADAN PENANGGULANGAN BENCANA DAERAH,BADAN PENAGGULANGAN BENCANA DAERAH,G,HINO,XZU349R-HKMTBD3,2024,MJECCB2F8R5019045,N04CWYJ28871,12/13/2026,12/13/2029,BADAN PENANGGULANGAN BENCANA DAERAH,BAIK,AKTIF,TERCATAT DI BKAD
KTVP 9963, ,DINAS PENANGGULANGAN KEBAKARAN DAN PENYELAMATAN,DINAS PENANGGULANGAN KEBAKARAN DAN PENYE,G,HINO,XZU349R-HKMTBD3,2024,MJECCB2F9R5019233,N04CWYJ29799,10/8/2026,10/8/2029,DINAS PENANGGULANGAN KEBAKARAN DAN PENYELAMATAN,BAIK,AKTIF,TERCATAT DI BKAD
KTVP 9964, ,DINAS PENANGGULANGAN KEBAKARAN DAN PENYELAMATAN,DINAS PENAGGULANGAN KEBAKARAN DAN PENYEL,G,HINO,XZU349R-HKMTBD3,2024,MJECCB2F9R5019149,N04CWYJ29780,10/8/2026,10/8/2029,DINAS PENANGGULANGAN KEBAKARAN DAN PENYELAMATAN,BAIK,AKTIF,TERCATAT DI BKAD
KTVP 9965, ,DINAS PENANGGULANGAN KEBAKARAN DAN PENYELAMATAN,DINAS PENAGGULANGAN KEBAKARAN DAN PENYEL,G,HINO,XZU349R-HKMTBD3,2024,MJECCB2F7R5019232,N04CWYJ29798,10/8/2026,10/8/2029,DINAS PENANGGULANGAN KEBAKARAN DAN PENYELAMATAN,BAIK,AKTIF,TERCATAT DI BKAD
KTVP 9967, ,DINAS PENANGGULANGAN KEBAKARAN DAN PENYELAMATAN,DINAS PENANGGULANGAN KEBAKARAN DAN PENYE,G,HINO,XZU349R-HKMTBD3,2024,MJECCB2F7R5019148,N04CWYJ29779,10/8/2026,10/8/2029,DINAS PENANGGULANGAN KEBAKARAN DAN PENYELAMATAN,BAIK,AKTIF,TERCATAT DI BKAD
KTVP 9970, ,DINAS PENANGGULANGAN KEBAKARAN DAN PENYELAMATAN,DINAS PENAGGULANGAN KEBAKARAN DAN PENYEL,G,HINO,XZU349R-HKMTBD3,2024,MJECCB2F0R5019234,N04CWYJ29800,10/8/2026,10/8/2029,DINAS PENANGGULANGAN KEBAKARAN DAN PENYELAMATAN,BAIK,AKTIF,TERCATAT DI BKAD
KTVP 9971, ,DINAS PENANGGULANGAN KEBAKARAN DAN PENYELAMATAN,DINAS PENANGGULANGAN KEBAKARAN DAN PENYE,G,HINO,FG8JJ2D-PGJ,2024,MJEFG8JJ2RJP10943,J08EWEJ20318,10/8/2026,10/8/2029,DINAS PENANGGULANGAN KEBAKARAN DAN PENYELAMATAN,BAIK,AKTIF,TERCATAT DI BKAD
KTVP 9972, ,DINAS PERHUBUNGAN,DINAS PERHUBUNGAN KABUPATEN PENAJAM PASE,G,HINO,XZU349R-HKMTBD3,2024,MJECCB2F5R5019004,N04CWYJ28825,12/13/2026,12/13/2029,DISHUB,BAIK,AKTIF,TIDAK ADA KETERANGAN
KTVP 9974, ,RSUD RATU AJI PUTRI BOTUNG,RSUD RATU AJI PUTRI BOTUNG,D,TOYOTA,HIACE COMMUTER M/T (KDH223R-LEMDY),2024,JTFST22P5R0046496,1KD-B188614,2/4/2026,2/4/2030,RSUD,BAIK,AKTIF,TIDAK ADA KETERANGAN
KTVP 9975, ,RSUD RATU AJI PUTRI BOTUNG,RSUD RATU AJI PUTRI BOTUNG,D,TOYOTA,HIACE COMMUTER M/T (KDH223R-LEMDY),2024,JTFST22P6R0046491,1KD-B188624,2/4/2026,2/4/2030,RSUD,BAIK,AKTIF,TIDAK ADA KETERANGAN
KTVP 9976, ,DINAS PERTANIAN,DINAS PERTANIAN,G,HINO,XZU349R-HKMTBD3,2024,MJECCB2F3R5022838,N04CWYJ32894,4/29/2027,4/29/2030,DINAS PERTANIAN,BAIK,AKTIF,TERCATAT DI BKAD
KTVP 9978, ,RSUD RATU AJI PUTRI BOTUNG,RSUD RATU AJI PUTRI BOTUNG,D,TOYOTA,HIACE COMMUTER M/T (KDH223R-LEMDY),2025,JTFST22P1S0050406,1KD-B202770,6/25/2027,6/25/2030,RSUD,BAIK,AKTIF,TIDAK ADA KETERANGAN
KTVP 9980, ,DINAS KESEHATAN,RSUD SEPAKU KABUPATEN PENAJAM PASER UTAR,D,TOYOTA,HIACE COMMUTER M/T (KDH223R-LEMDY),2024,JTFST22P2R0049565,1KD-B199797,7/8/2026,7/8/2030,RSUD SEPAKU,BAIK,AKTIF,TIDAK ADA KETERANGAN